arbitratedAddress,disputeNumber,disputeId,metaEvidenceId,ruled,ruling
0xda03509bb770061a61615ad8fc8e1858520ebd86,1659,1659,0,True,2
0x3fb8314c628e9afe7677946d3e23443ce748ac17,1658,1658,0,True,4243172404000000000000000001
0xfe0eb5fc686f929eb26d541d75bb59f816c0aa68,1657,1657,0,True,115792089237316195423570985008687907853269984665640564039457584007913129639935
0x32bcdc9776692679cfbbf8350bad67da13faaa3f,1656,1656,0,True,2
0xef2ae6961ec7f2105bc2693bc32fa7b7386b2f59,1655,1655,0,True,1
0xef2ae6961ec7f2105bc2693bc32fa7b7386b2f59,1654,1654,0,True,2
0xbe9834097a4e97689d9b667441acafb456d0480a,1653,1653,0,True,2
0xfe0eb5fc686f929eb26d541d75bb59f816c0aa68,1652,1652,0,True,115792089237316195423570985008687907853269984665640564039457584007913129639935
0x4a7e264b67852ea8b737e505739cb557c7c43c00,1651,1651,0,True,0
0x2018038203aee8e7a29dabd73771b0355d4f85ad,1650,1650,0,True,115792089237316195423570985008687907853269984665640564039457584007913129639935
0x4a9f8e73b3c4c9d7fa0210b9de457b1c493a3ada,1649,1649,0,True,2
0xbe9834097a4e97689d9b667441acafb456d0480a,1648,1648,0,True,2
0xbe9834097a4e97689d9b667441acafb456d0480a,1647,1647,1,True,1
0xc5e9ddebb09cd64dfacab4011a0d5cedaf7c9bdb,1646,1646,8,True,2
0xc5e9ddebb09cd64dfacab4011a0d5cedaf7c9bdb,1645,1645,8,True,2
0xc5e9ddebb09cd64dfacab4011a0d5cedaf7c9bdb,1644,1644,8,True,2
0xc5e9ddebb09cd64dfacab4011a0d5cedaf7c9bdb,1643,1643,8,True,2
0xc5e9ddebb09cd64dfacab4011a0d5cedaf7c9bdb,1642,1642,8,True,2
0xc5e9ddebb09cd64dfacab4011a0d5cedaf7c9bdb,1641,1641,8,True,2
0xc5e9ddebb09cd64dfacab4011a0d5cedaf7c9bdb,1640,1640,8,True,2
0xc5e9ddebb09cd64dfacab4011a0d5cedaf7c9bdb,1639,1639,8,True,2
0xc5e9ddebb09cd64dfacab4011a0d5cedaf7c9bdb,1638,1638,8,True,2
0xc5e9ddebb09cd64dfacab4011a0d5cedaf7c9bdb,1637,1637,8,True,2
0xc5e9ddebb09cd64dfacab4011a0d5cedaf7c9bdb,1636,1636,8,True,2
0xc5e9ddebb09cd64dfacab4011a0d5cedaf7c9bdb,1635,1635,8,True,2
0xc5e9ddebb09cd64dfacab4011a0d5cedaf7c9bdb,1634,1634,8,True,2
0xc5e9ddebb09cd64dfacab4011a0d5cedaf7c9bdb,1633,1633,8,True,2
0xc5e9ddebb09cd64dfacab4011a0d5cedaf7c9bdb,1632,1632,8,True,2
0xc5e9ddebb09cd64dfacab4011a0d5cedaf7c9bdb,1631,1631,8,True,2
0xc5e9ddebb09cd64dfacab4011a0d5cedaf7c9bdb,1630,1630,8,True,2
0xc5e9ddebb09cd64dfacab4011a0d5cedaf7c9bdb,1629,1629,8,True,2
0xc5e9ddebb09cd64dfacab4011a0d5cedaf7c9bdb,1628,1628,8,True,2
0xc5e9ddebb09cd64dfacab4011a0d5cedaf7c9bdb,1627,1627,8,True,2
0xc5e9ddebb09cd64dfacab4011a0d5cedaf7c9bdb,1626,1626,8,True,1
0xc5e9ddebb09cd64dfacab4011a0d5cedaf7c9bdb,1625,1625,8,True,2
0xc5e9ddebb09cd64dfacab4011a0d5cedaf7c9bdb,1624,1624,8,True,2
0xc5e9ddebb09cd64dfacab4011a0d5cedaf7c9bdb,1623,1623,8,True,2
0xc5e9ddebb09cd64dfacab4011a0d5cedaf7c9bdb,1622,1622,8,True,2
0x327a29fce0a6490e4236240be176daa282eccfdf,1621,1621,0,True,2
0xc5e9ddebb09cd64dfacab4011a0d5cedaf7c9bdb,1620,1620,8,True,2
0xc5e9ddebb09cd64dfacab4011a0d5cedaf7c9bdb,1619,1619,8,True,2
0xc5e9ddebb09cd64dfacab4011a0d5cedaf7c9bdb,1618,1618,8,True,2
0xc5e9ddebb09cd64dfacab4011a0d5cedaf7c9bdb,1617,1617,8,True,2
0xc5e9ddebb09cd64dfacab4011a0d5cedaf7c9bdb,1616,1616,8,True,2
0xc5e9ddebb09cd64dfacab4011a0d5cedaf7c9bdb,1615,1615,8,True,2
0xc5e9ddebb09cd64dfacab4011a0d5cedaf7c9bdb,1614,1614,8,True,2
0xc5e9ddebb09cd64dfacab4011a0d5cedaf7c9bdb,1613,1613,8,True,2
0xc5e9ddebb09cd64dfacab4011a0d5cedaf7c9bdb,1612,1612,8,True,2
0xc5e9ddebb09cd64dfacab4011a0d5cedaf7c9bdb,1611,1611,8,True,1
0xc5e9ddebb09cd64dfacab4011a0d5cedaf7c9bdb,1610,1610,8,True,2
0xc5e9ddebb09cd64dfacab4011a0d5cedaf7c9bdb,1609,1609,8,True,2
0xc5e9ddebb09cd64dfacab4011a0d5cedaf7c9bdb,1608,1608,8,True,1
0xc5e9ddebb09cd64dfacab4011a0d5cedaf7c9bdb,1607,1607,8,True,1
0xc5e9ddebb09cd64dfacab4011a0d5cedaf7c9bdb,1606,1606,8,True,2
0xc5e9ddebb09cd64dfacab4011a0d5cedaf7c9bdb,1605,1605,8,True,1
0xc5e9ddebb09cd64dfacab4011a0d5cedaf7c9bdb,1604,1604,8,True,2
0xc5e9ddebb09cd64dfacab4011a0d5cedaf7c9bdb,1603,1603,8,True,2
0xc5e9ddebb09cd64dfacab4011a0d5cedaf7c9bdb,1602,1602,8,True,2
0xc5e9ddebb09cd64dfacab4011a0d5cedaf7c9bdb,1601,1601,8,True,2
0xc5e9ddebb09cd64dfacab4011a0d5cedaf7c9bdb,1600,1600,8,True,2
0xc5e9ddebb09cd64dfacab4011a0d5cedaf7c9bdb,1599,1599,8,True,2
0xc5e9ddebb09cd64dfacab4011a0d5cedaf7c9bdb,1598,1598,8,True,2
0xc5e9ddebb09cd64dfacab4011a0d5cedaf7c9bdb,1597,1597,8,True,2
0xc5e9ddebb09cd64dfacab4011a0d5cedaf7c9bdb,1596,1596,8,True,2
0xf72cfd1b34a91a64f9a98537fe63fbab7530adca,1595,1595,0,True,1
0xc5e9ddebb09cd64dfacab4011a0d5cedaf7c9bdb,1594,1594,8,True,2
0xc5e9ddebb09cd64dfacab4011a0d5cedaf7c9bdb,1593,1593,8,True,2
0xc5e9ddebb09cd64dfacab4011a0d5cedaf7c9bdb,1592,1592,8,True,2
0xc5e9ddebb09cd64dfacab4011a0d5cedaf7c9bdb,1591,1591,8,True,2
0xc5e9ddebb09cd64dfacab4011a0d5cedaf7c9bdb,1590,1590,8,True,2
0xc5e9ddebb09cd64dfacab4011a0d5cedaf7c9bdb,1589,1589,8,True,2
0xc5e9ddebb09cd64dfacab4011a0d5cedaf7c9bdb,1588,1588,8,True,2
0xc5e9ddebb09cd64dfacab4011a0d5cedaf7c9bdb,1587,1587,8,True,2
0x68c4cc21378301cfdd5702d66d58a036d7bafe28,1586,1586,0,True,1
0xc5e9ddebb09cd64dfacab4011a0d5cedaf7c9bdb,1585,1585,8,True,2
0xc5e9ddebb09cd64dfacab4011a0d5cedaf7c9bdb,1584,1584,8,True,2
0xc5e9ddebb09cd64dfacab4011a0d5cedaf7c9bdb,1583,1583,8,True,2
0xc5e9ddebb09cd64dfacab4011a0d5cedaf7c9bdb,1582,1582,8,True,2
0xc5e9ddebb09cd64dfacab4011a0d5cedaf7c9bdb,1581,1581,8,True,2
0xc5e9ddebb09cd64dfacab4011a0d5cedaf7c9bdb,1580,1580,8,True,2
0xc5e9ddebb09cd64dfacab4011a0d5cedaf7c9bdb,1579,1579,8,True,2
0xc5e9ddebb09cd64dfacab4011a0d5cedaf7c9bdb,1578,1578,8,True,2
0xc5e9ddebb09cd64dfacab4011a0d5cedaf7c9bdb,1577,1577,8,True,2
0xc5e9ddebb09cd64dfacab4011a0d5cedaf7c9bdb,1576,1576,8,True,2
0xc5e9ddebb09cd64dfacab4011a0d5cedaf7c9bdb,1575,1575,8,True,2
0xc5e9ddebb09cd64dfacab4011a0d5cedaf7c9bdb,1574,1574,8,True,2
0xc5e9ddebb09cd64dfacab4011a0d5cedaf7c9bdb,1573,1573,8,True,2
0xc5e9ddebb09cd64dfacab4011a0d5cedaf7c9bdb,1572,1572,8,True,2
0xc5e9ddebb09cd64dfacab4011a0d5cedaf7c9bdb,1571,1571,8,True,2
0xc5e9ddebb09cd64dfacab4011a0d5cedaf7c9bdb,1570,1570,8,True,2
0xc5e9ddebb09cd64dfacab4011a0d5cedaf7c9bdb,1569,1569,8,True,2
0xc5e9ddebb09cd64dfacab4011a0d5cedaf7c9bdb,1568,1568,8,True,2
0xc5e9ddebb09cd64dfacab4011a0d5cedaf7c9bdb,1567,1567,8,True,2
0xc5e9ddebb09cd64dfacab4011a0d5cedaf7c9bdb,1566,1566,8,True,2
0xc5e9ddebb09cd64dfacab4011a0d5cedaf7c9bdb,1565,1565,8,True,2
0xc5e9ddebb09cd64dfacab4011a0d5cedaf7c9bdb,1564,1564,8,True,2
0xc5e9ddebb09cd64dfacab4011a0d5cedaf7c9bdb,1563,1563,8,True,2
0xc5e9ddebb09cd64dfacab4011a0d5cedaf7c9bdb,1562,1562,8,True,2
0xc5e9ddebb09cd64dfacab4011a0d5cedaf7c9bdb,1561,1561,8,True,2
0xc5e9ddebb09cd64dfacab4011a0d5cedaf7c9bdb,1560,1560,8,True,2
0xc5e9ddebb09cd64dfacab4011a0d5cedaf7c9bdb,1559,1559,8,True,2
0xc5e9ddebb09cd64dfacab4011a0d5cedaf7c9bdb,1558,1558,4,True,2
0xc5e9ddebb09cd64dfacab4011a0d5cedaf7c9bdb,1557,1557,2,True,2
0xc5e9ddebb09cd64dfacab4011a0d5cedaf7c9bdb,1556,1556,8,True,2
0xc5e9ddebb09cd64dfacab4011a0d5cedaf7c9bdb,1555,1555,8,True,2
0xc5e9ddebb09cd64dfacab4011a0d5cedaf7c9bdb,1554,1554,8,True,2
0xc5e9ddebb09cd64dfacab4011a0d5cedaf7c9bdb,1553,1553,8,True,2
0xc5e9ddebb09cd64dfacab4011a0d5cedaf7c9bdb,1552,1552,8,True,2
0xc5e9ddebb09cd64dfacab4011a0d5cedaf7c9bdb,1551,1551,8,True,2
0xc5e9ddebb09cd64dfacab4011a0d5cedaf7c9bdb,1550,1550,8,True,2
0x479083b5343ab89bb39608e3176d750c8a6957b5,1549,1549,0,True,2
0xc5e9ddebb09cd64dfacab4011a0d5cedaf7c9bdb,1548,1548,2,True,2
0xc5e9ddebb09cd64dfacab4011a0d5cedaf7c9bdb,1547,1547,8,True,2
0xc5e9ddebb09cd64dfacab4011a0d5cedaf7c9bdb,1546,1546,8,True,2
0xc5e9ddebb09cd64dfacab4011a0d5cedaf7c9bdb,1545,1545,8,True,2
0xc5e9ddebb09cd64dfacab4011a0d5cedaf7c9bdb,1544,1544,8,True,2
0xc5e9ddebb09cd64dfacab4011a0d5cedaf7c9bdb,1543,1543,8,True,2
0xc5e9ddebb09cd64dfacab4011a0d5cedaf7c9bdb,1542,1542,8,True,2
0xc5e9ddebb09cd64dfacab4011a0d5cedaf7c9bdb,1541,1541,8,True,2
0xc5e9ddebb09cd64dfacab4011a0d5cedaf7c9bdb,1540,1540,8,True,2
0xc5e9ddebb09cd64dfacab4011a0d5cedaf7c9bdb,1539,1539,8,True,2
0xc5e9ddebb09cd64dfacab4011a0d5cedaf7c9bdb,1538,1538,2,True,2
0xc5e9ddebb09cd64dfacab4011a0d5cedaf7c9bdb,1537,1537,8,True,1
0xc5e9ddebb09cd64dfacab4011a0d5cedaf7c9bdb,1536,1536,8,True,2
0xc5e9ddebb09cd64dfacab4011a0d5cedaf7c9bdb,1535,1535,8,True,2
0xc5e9ddebb09cd64dfacab4011a0d5cedaf7c9bdb,1534,1534,8,True,1
0xc5e9ddebb09cd64dfacab4011a0d5cedaf7c9bdb,1533,1533,8,True,1
0xc5e9ddebb09cd64dfacab4011a0d5cedaf7c9bdb,1532,1532,8,True,2
0xc5e9ddebb09cd64dfacab4011a0d5cedaf7c9bdb,1531,1531,8,True,2
0xc5e9ddebb09cd64dfacab4011a0d5cedaf7c9bdb,1530,1530,2,True,2
0xc5e9ddebb09cd64dfacab4011a0d5cedaf7c9bdb,1529,1529,8,True,2
0xc5e9ddebb09cd64dfacab4011a0d5cedaf7c9bdb,1528,1528,8,True,2
0xc5e9ddebb09cd64dfacab4011a0d5cedaf7c9bdb,1527,1527,8,True,2
0xc5e9ddebb09cd64dfacab4011a0d5cedaf7c9bdb,1526,1526,8,True,2
0xc5e9ddebb09cd64dfacab4011a0d5cedaf7c9bdb,1525,1525,8,True,2
0xc5e9ddebb09cd64dfacab4011a0d5cedaf7c9bdb,1524,1524,8,True,1
0xc5e9ddebb09cd64dfacab4011a0d5cedaf7c9bdb,1523,1523,2,True,2
0xc5e9ddebb09cd64dfacab4011a0d5cedaf7c9bdb,1522,1522,8,True,2
0xc5e9ddebb09cd64dfacab4011a0d5cedaf7c9bdb,1521,1521,6,True,1
0xc5e9ddebb09cd64dfacab4011a0d5cedaf7c9bdb,1520,1520,8,True,2
0xc5e9ddebb09cd64dfacab4011a0d5cedaf7c9bdb,1519,1519,8,True,2
0xc5e9ddebb09cd64dfacab4011a0d5cedaf7c9bdb,1518,1518,8,True,2
0xc5e9ddebb09cd64dfacab4011a0d5cedaf7c9bdb,1517,1517,8,True,2
0xc5e9ddebb09cd64dfacab4011a0d5cedaf7c9bdb,1516,1516,8,True,2
0xc5e9ddebb09cd64dfacab4011a0d5cedaf7c9bdb,1515,1515,8,True,1
0xc5e9ddebb09cd64dfacab4011a0d5cedaf7c9bdb,1514,1514,8,True,2
0xc5e9ddebb09cd64dfacab4011a0d5cedaf7c9bdb,1513,1513,8,True,2
0xc5e9ddebb09cd64dfacab4011a0d5cedaf7c9bdb,1512,1512,4,True,2
0xc5e9ddebb09cd64dfacab4011a0d5cedaf7c9bdb,1511,1511,8,True,2
0xc5e9ddebb09cd64dfacab4011a0d5cedaf7c9bdb,1510,1510,8,True,2
0xc5e9ddebb09cd64dfacab4011a0d5cedaf7c9bdb,1509,1509,8,True,2
0xc5e9ddebb09cd64dfacab4011a0d5cedaf7c9bdb,1508,1508,8,True,1
0xc5e9ddebb09cd64dfacab4011a0d5cedaf7c9bdb,1507,1507,8,True,2
0xc5e9ddebb09cd64dfacab4011a0d5cedaf7c9bdb,1506,1506,8,True,2
0xc5e9ddebb09cd64dfacab4011a0d5cedaf7c9bdb,1505,1505,8,True,2
0xc5e9ddebb09cd64dfacab4011a0d5cedaf7c9bdb,1504,1504,8,True,2
0xc5e9ddebb09cd64dfacab4011a0d5cedaf7c9bdb,1503,1503,8,True,2
0xc5e9ddebb09cd64dfacab4011a0d5cedaf7c9bdb,1502,1502,8,True,2
0xc5e9ddebb09cd64dfacab4011a0d5cedaf7c9bdb,1501,1501,8,True,2
0xc5e9ddebb09cd64dfacab4011a0d5cedaf7c9bdb,1500,1500,8,True,2
0xc5e9ddebb09cd64dfacab4011a0d5cedaf7c9bdb,1499,1499,9,True,2
0xc5e9ddebb09cd64dfacab4011a0d5cedaf7c9bdb,1498,1498,8,True,2
0xc5e9ddebb09cd64dfacab4011a0d5cedaf7c9bdb,1497,1497,8,True,2
0xc5e9ddebb09cd64dfacab4011a0d5cedaf7c9bdb,1496,1496,6,True,2
0xc5e9ddebb09cd64dfacab4011a0d5cedaf7c9bdb,1495,1495,2,True,2
0xc5e9ddebb09cd64dfacab4011a0d5cedaf7c9bdb,1494,1494,6,True,2
0xc5e9ddebb09cd64dfacab4011a0d5cedaf7c9bdb,1493,1493,4,True,2
0xc5e9ddebb09cd64dfacab4011a0d5cedaf7c9bdb,1492,1492,4,True,2
0xc5e9ddebb09cd64dfacab4011a0d5cedaf7c9bdb,1491,1491,8,True,2
0xc5e9ddebb09cd64dfacab4011a0d5cedaf7c9bdb,1490,1490,8,True,1
0xc5e9ddebb09cd64dfacab4011a0d5cedaf7c9bdb,1489,1489,8,True,2
0xc5e9ddebb09cd64dfacab4011a0d5cedaf7c9bdb,1488,1488,6,True,2
0xc5e9ddebb09cd64dfacab4011a0d5cedaf7c9bdb,1487,1487,6,True,1
0xc5e9ddebb09cd64dfacab4011a0d5cedaf7c9bdb,1486,1486,6,True,1
0xc5e9ddebb09cd64dfacab4011a0d5cedaf7c9bdb,1485,1485,6,True,2
0xc5e9ddebb09cd64dfacab4011a0d5cedaf7c9bdb,1484,1484,6,True,2
0xc5e9ddebb09cd64dfacab4011a0d5cedaf7c9bdb,1483,1483,4,True,1
0xc5e9ddebb09cd64dfacab4011a0d5cedaf7c9bdb,1482,1482,4,True,1
0xc5e9ddebb09cd64dfacab4011a0d5cedaf7c9bdb,1481,1481,8,True,2
0xc5e9ddebb09cd64dfacab4011a0d5cedaf7c9bdb,1480,1480,8,True,2
0xc5e9ddebb09cd64dfacab4011a0d5cedaf7c9bdb,1479,1479,8,True,2
0xc5e9ddebb09cd64dfacab4011a0d5cedaf7c9bdb,1478,1478,8,True,2
0xc5e9ddebb09cd64dfacab4011a0d5cedaf7c9bdb,1477,1477,8,True,2
0xc5e9ddebb09cd64dfacab4011a0d5cedaf7c9bdb,1476,1476,8,True,2
0xc5e9ddebb09cd64dfacab4011a0d5cedaf7c9bdb,1475,1475,8,True,2
0xc5e9ddebb09cd64dfacab4011a0d5cedaf7c9bdb,1474,1474,8,True,2
0xc5e9ddebb09cd64dfacab4011a0d5cedaf7c9bdb,1473,1473,8,True,2
0xc5e9ddebb09cd64dfacab4011a0d5cedaf7c9bdb,1472,1472,8,True,2
0xc5e9ddebb09cd64dfacab4011a0d5cedaf7c9bdb,1471,1471,8,True,2
0xc5e9ddebb09cd64dfacab4011a0d5cedaf7c9bdb,1470,1470,8,True,2
0xc5e9ddebb09cd64dfacab4011a0d5cedaf7c9bdb,1469,1469,8,True,2
0xc5e9ddebb09cd64dfacab4011a0d5cedaf7c9bdb,1468,1468,8,True,2
0xc5e9ddebb09cd64dfacab4011a0d5cedaf7c9bdb,1467,1467,8,True,2
0xc5e9ddebb09cd64dfacab4011a0d5cedaf7c9bdb,1466,1466,8,True,2
0xc5e9ddebb09cd64dfacab4011a0d5cedaf7c9bdb,1465,1465,8,True,2
0xc5e9ddebb09cd64dfacab4011a0d5cedaf7c9bdb,1464,1464,8,True,2
0xc5e9ddebb09cd64dfacab4011a0d5cedaf7c9bdb,1463,1463,8,True,2
0xc5e9ddebb09cd64dfacab4011a0d5cedaf7c9bdb,1462,1462,8,True,2
0xc5e9ddebb09cd64dfacab4011a0d5cedaf7c9bdb,1461,1461,8,True,2
0xc5e9ddebb09cd64dfacab4011a0d5cedaf7c9bdb,1460,1460,8,True,2
0xc5e9ddebb09cd64dfacab4011a0d5cedaf7c9bdb,1459,1459,8,True,1
0xc5e9ddebb09cd64dfacab4011a0d5cedaf7c9bdb,1458,1458,8,True,1
0xc5e9ddebb09cd64dfacab4011a0d5cedaf7c9bdb,1457,1457,8,True,2
0xc5e9ddebb09cd64dfacab4011a0d5cedaf7c9bdb,1456,1456,8,True,1
0xc5e9ddebb09cd64dfacab4011a0d5cedaf7c9bdb,1455,1455,8,True,1
0x99489d7bb33539f3d1a401741e56e8f02b9ae0cf,1454,1454,0,True,0
0xc5e9ddebb09cd64dfacab4011a0d5cedaf7c9bdb,1453,1453,8,True,2
0xc5e9ddebb09cd64dfacab4011a0d5cedaf7c9bdb,1452,1452,8,True,2
0xc5e9ddebb09cd64dfacab4011a0d5cedaf7c9bdb,1451,1451,8,True,2
0xc5e9ddebb09cd64dfacab4011a0d5cedaf7c9bdb,1450,1450,8,True,2
0xc5e9ddebb09cd64dfacab4011a0d5cedaf7c9bdb,1449,1449,8,True,2
0xc5e9ddebb09cd64dfacab4011a0d5cedaf7c9bdb,1448,1448,8,True,2
0xc5e9ddebb09cd64dfacab4011a0d5cedaf7c9bdb,1447,1447,8,True,1
0xc5e9ddebb09cd64dfacab4011a0d5cedaf7c9bdb,1446,1446,8,True,1
0xc5e9ddebb09cd64dfacab4011a0d5cedaf7c9bdb,1445,1445,8,True,2
0xc5e9ddebb09cd64dfacab4011a0d5cedaf7c9bdb,1444,1444,8,True,2
0xc5e9ddebb09cd64dfacab4011a0d5cedaf7c9bdb,1443,1443,8,True,2
0xc5e9ddebb09cd64dfacab4011a0d5cedaf7c9bdb,1442,1442,8,True,1
0xc5e9ddebb09cd64dfacab4011a0d5cedaf7c9bdb,1441,1441,8,True,2
0xc5e9ddebb09cd64dfacab4011a0d5cedaf7c9bdb,1440,1440,4,True,2
0xc5e9ddebb09cd64dfacab4011a0d5cedaf7c9bdb,1439,1439,6,True,2
0xc5e9ddebb09cd64dfacab4011a0d5cedaf7c9bdb,1438,1438,4,True,2
0xc5e9ddebb09cd64dfacab4011a0d5cedaf7c9bdb,1437,1437,8,True,2
0xc5e9ddebb09cd64dfacab4011a0d5cedaf7c9bdb,1436,1436,8,True,2
0xc5e9ddebb09cd64dfacab4011a0d5cedaf7c9bdb,1435,1435,8,True,2
0xc5e9ddebb09cd64dfacab4011a0d5cedaf7c9bdb,1434,1434,8,True,1
0xc5e9ddebb09cd64dfacab4011a0d5cedaf7c9bdb,1433,1433,8,True,2
0xc5e9ddebb09cd64dfacab4011a0d5cedaf7c9bdb,1432,1432,8,True,2
0xc5e9ddebb09cd64dfacab4011a0d5cedaf7c9bdb,1431,1431,4,True,2
0xc5e9ddebb09cd64dfacab4011a0d5cedaf7c9bdb,1430,1430,8,True,1
0xc5e9ddebb09cd64dfacab4011a0d5cedaf7c9bdb,1429,1429,8,True,2
0xc5e9ddebb09cd64dfacab4011a0d5cedaf7c9bdb,1428,1428,8,True,2
0xc5e9ddebb09cd64dfacab4011a0d5cedaf7c9bdb,1427,1427,4,True,2
0xc5e9ddebb09cd64dfacab4011a0d5cedaf7c9bdb,1426,1426,4,True,2
0xc5e9ddebb09cd64dfacab4011a0d5cedaf7c9bdb,1425,1425,4,True,2
0xc5e9ddebb09cd64dfacab4011a0d5cedaf7c9bdb,1424,1424,4,True,2
0xc5e9ddebb09cd64dfacab4011a0d5cedaf7c9bdb,1423,1423,4,True,1
0xc5e9ddebb09cd64dfacab4011a0d5cedaf7c9bdb,1422,1422,2,True,2
0xc5e9ddebb09cd64dfacab4011a0d5cedaf7c9bdb,1421,1421,4,True,2
0xc5e9ddebb09cd64dfacab4011a0d5cedaf7c9bdb,1420,1420,6,True,2
0xc5e9ddebb09cd64dfacab4011a0d5cedaf7c9bdb,1419,1419,8,True,1
0xc5e9ddebb09cd64dfacab4011a0d5cedaf7c9bdb,1418,1418,4,True,2
0xc5e9ddebb09cd64dfacab4011a0d5cedaf7c9bdb,1417,1417,4,True,2
0xc5e9ddebb09cd64dfacab4011a0d5cedaf7c9bdb,1416,1416,8,True,2
0xc5e9ddebb09cd64dfacab4011a0d5cedaf7c9bdb,1415,1415,8,True,2
0xc5e9ddebb09cd64dfacab4011a0d5cedaf7c9bdb,1414,1414,8,True,1
0xc5e9ddebb09cd64dfacab4011a0d5cedaf7c9bdb,1413,1413,8,True,1
0xc5e9ddebb09cd64dfacab4011a0d5cedaf7c9bdb,1412,1412,2,True,1
0xc5e9ddebb09cd64dfacab4011a0d5cedaf7c9bdb,1411,1411,8,True,2
0xc5e9ddebb09cd64dfacab4011a0d5cedaf7c9bdb,1410,1410,4,True,2
0xc5e9ddebb09cd64dfacab4011a0d5cedaf7c9bdb,1409,1409,4,True,2
0xc5e9ddebb09cd64dfacab4011a0d5cedaf7c9bdb,1408,1408,8,True,2
0xc5e9ddebb09cd64dfacab4011a0d5cedaf7c9bdb,1407,1407,8,True,1
0xc5e9ddebb09cd64dfacab4011a0d5cedaf7c9bdb,1406,1406,8,True,2
0xc5e9ddebb09cd64dfacab4011a0d5cedaf7c9bdb,1405,1405,8,True,1
0xc5e9ddebb09cd64dfacab4011a0d5cedaf7c9bdb,1404,1404,8,True,1
0xc5e9ddebb09cd64dfacab4011a0d5cedaf7c9bdb,1403,1403,8,True,1
0xc5e9ddebb09cd64dfacab4011a0d5cedaf7c9bdb,1402,1402,8,True,2
0xc5e9ddebb09cd64dfacab4011a0d5cedaf7c9bdb,1401,1401,8,True,2
0xc5e9ddebb09cd64dfacab4011a0d5cedaf7c9bdb,1400,1400,8,True,2
0xc5e9ddebb09cd64dfacab4011a0d5cedaf7c9bdb,1399,1399,8,True,2
0xc5e9ddebb09cd64dfacab4011a0d5cedaf7c9bdb,1398,1398,8,True,2
0xc5e9ddebb09cd64dfacab4011a0d5cedaf7c9bdb,1397,1397,8,True,1
0xc5e9ddebb09cd64dfacab4011a0d5cedaf7c9bdb,1396,1396,8,True,1
0xc5e9ddebb09cd64dfacab4011a0d5cedaf7c9bdb,1395,1395,8,True,1
0xc5e9ddebb09cd64dfacab4011a0d5cedaf7c9bdb,1394,1394,8,True,1
0xc5e9ddebb09cd64dfacab4011a0d5cedaf7c9bdb,1393,1393,8,True,1
0xc5e9ddebb09cd64dfacab4011a0d5cedaf7c9bdb,1392,1392,8,True,1
0xc5e9ddebb09cd64dfacab4011a0d5cedaf7c9bdb,1391,1391,8,True,1
0xc5e9ddebb09cd64dfacab4011a0d5cedaf7c9bdb,1390,1390,8,True,1
0xc5e9ddebb09cd64dfacab4011a0d5cedaf7c9bdb,1389,1389,8,True,1
0xc5e9ddebb09cd64dfacab4011a0d5cedaf7c9bdb,1388,1388,8,True,1
0xc5e9ddebb09cd64dfacab4011a0d5cedaf7c9bdb,1387,1387,8,True,1
0xc5e9ddebb09cd64dfacab4011a0d5cedaf7c9bdb,1386,1386,8,True,1
0xc5e9ddebb09cd64dfacab4011a0d5cedaf7c9bdb,1385,1385,8,True,2
0xc5e9ddebb09cd64dfacab4011a0d5cedaf7c9bdb,1384,1384,8,True,2
0xc5e9ddebb09cd64dfacab4011a0d5cedaf7c9bdb,1383,1383,8,True,2
0xc5e9ddebb09cd64dfacab4011a0d5cedaf7c9bdb,1382,1382,8,True,2
0xc5e9ddebb09cd64dfacab4011a0d5cedaf7c9bdb,1381,1381,8,True,1
0xc5e9ddebb09cd64dfacab4011a0d5cedaf7c9bdb,1380,1380,8,True,1
0xc5e9ddebb09cd64dfacab4011a0d5cedaf7c9bdb,1379,1379,8,True,1
0xc5e9ddebb09cd64dfacab4011a0d5cedaf7c9bdb,1378,1378,8,True,1
0xc5e9ddebb09cd64dfacab4011a0d5cedaf7c9bdb,1377,1377,8,True,1
0xc5e9ddebb09cd64dfacab4011a0d5cedaf7c9bdb,1376,1376,8,True,1
0xc5e9ddebb09cd64dfacab4011a0d5cedaf7c9bdb,1375,1375,8,True,1
0xc5e9ddebb09cd64dfacab4011a0d5cedaf7c9bdb,1374,1374,8,True,2
0xc5e9ddebb09cd64dfacab4011a0d5cedaf7c9bdb,1373,1373,8,True,2
0xc5e9ddebb09cd64dfacab4011a0d5cedaf7c9bdb,1372,1372,8,True,1
0xc5e9ddebb09cd64dfacab4011a0d5cedaf7c9bdb,1371,1371,8,True,2
0xc5e9ddebb09cd64dfacab4011a0d5cedaf7c9bdb,1370,1370,8,True,2
0xc5e9ddebb09cd64dfacab4011a0d5cedaf7c9bdb,1369,1369,8,True,2
0xc5e9ddebb09cd64dfacab4011a0d5cedaf7c9bdb,1368,1368,8,True,2
0xc5e9ddebb09cd64dfacab4011a0d5cedaf7c9bdb,1367,1367,8,True,2
0xc5e9ddebb09cd64dfacab4011a0d5cedaf7c9bdb,1366,1366,8,True,2
0xc5e9ddebb09cd64dfacab4011a0d5cedaf7c9bdb,1365,1365,8,True,2
0xc5e9ddebb09cd64dfacab4011a0d5cedaf7c9bdb,1364,1364,8,True,1
0xc5e9ddebb09cd64dfacab4011a0d5cedaf7c9bdb,1363,1363,8,True,1
0xc5e9ddebb09cd64dfacab4011a0d5cedaf7c9bdb,1362,1362,8,True,1
0xc5e9ddebb09cd64dfacab4011a0d5cedaf7c9bdb,1361,1361,8,True,1
0xc5e9ddebb09cd64dfacab4011a0d5cedaf7c9bdb,1360,1360,8,True,1
0xc5e9ddebb09cd64dfacab4011a0d5cedaf7c9bdb,1359,1359,8,True,1
0xc5e9ddebb09cd64dfacab4011a0d5cedaf7c9bdb,1358,1358,8,True,1
0xc5e9ddebb09cd64dfacab4011a0d5cedaf7c9bdb,1357,1357,8,True,1
0xc5e9ddebb09cd64dfacab4011a0d5cedaf7c9bdb,1356,1356,8,True,2
0xc5e9ddebb09cd64dfacab4011a0d5cedaf7c9bdb,1355,1355,8,True,2
0xc5e9ddebb09cd64dfacab4011a0d5cedaf7c9bdb,1354,1354,8,True,2
0xc5e9ddebb09cd64dfacab4011a0d5cedaf7c9bdb,1353,1353,8,True,1
0xc5e9ddebb09cd64dfacab4011a0d5cedaf7c9bdb,1352,1352,8,True,2
0xc5e9ddebb09cd64dfacab4011a0d5cedaf7c9bdb,1351,1351,8,True,2
0xc5e9ddebb09cd64dfacab4011a0d5cedaf7c9bdb,1350,1350,8,True,1
0xc5e9ddebb09cd64dfacab4011a0d5cedaf7c9bdb,1349,1349,8,True,1
0xc5e9ddebb09cd64dfacab4011a0d5cedaf7c9bdb,1348,1348,8,True,2
0x776e5853e3d61b2dfb22bcf872a43bf9a1231e52,1347,1347,0,True,115792089237316195423570985008687907853269984665640564039457584007913129639935
0xc5e9ddebb09cd64dfacab4011a0d5cedaf7c9bdb,1346,1346,8,True,2
0xc5e9ddebb09cd64dfacab4011a0d5cedaf7c9bdb,1345,1345,8,True,1
0xc5e9ddebb09cd64dfacab4011a0d5cedaf7c9bdb,1344,1344,8,True,2
0xc5e9ddebb09cd64dfacab4011a0d5cedaf7c9bdb,1343,1343,8,True,2
0xc5e9ddebb09cd64dfacab4011a0d5cedaf7c9bdb,1342,1342,8,True,2
0xc5e9ddebb09cd64dfacab4011a0d5cedaf7c9bdb,1341,1341,8,True,2
0xc5e9ddebb09cd64dfacab4011a0d5cedaf7c9bdb,1340,1340,8,True,2
0xc5e9ddebb09cd64dfacab4011a0d5cedaf7c9bdb,1339,1339,8,True,1
0xc5e9ddebb09cd64dfacab4011a0d5cedaf7c9bdb,1338,1338,8,True,1
0xc5e9ddebb09cd64dfacab4011a0d5cedaf7c9bdb,1337,1337,8,True,1
0xc5e9ddebb09cd64dfacab4011a0d5cedaf7c9bdb,1336,1336,8,True,1
0xc5e9ddebb09cd64dfacab4011a0d5cedaf7c9bdb,1335,1335,8,True,1
0xc5e9ddebb09cd64dfacab4011a0d5cedaf7c9bdb,1334,1334,8,True,1
0xc5e9ddebb09cd64dfacab4011a0d5cedaf7c9bdb,1333,1333,8,True,1
0xc5e9ddebb09cd64dfacab4011a0d5cedaf7c9bdb,1332,1332,8,True,1
0xc5e9ddebb09cd64dfacab4011a0d5cedaf7c9bdb,1331,1331,8,True,1
0xc5e9ddebb09cd64dfacab4011a0d5cedaf7c9bdb,1330,1330,8,True,1
0xc5e9ddebb09cd64dfacab4011a0d5cedaf7c9bdb,1329,1329,8,True,1
0xc5e9ddebb09cd64dfacab4011a0d5cedaf7c9bdb,1328,1328,8,True,2
0xc5e9ddebb09cd64dfacab4011a0d5cedaf7c9bdb,1327,1327,8,True,2
0xc5e9ddebb09cd64dfacab4011a0d5cedaf7c9bdb,1326,1326,8,True,1
0xc5e9ddebb09cd64dfacab4011a0d5cedaf7c9bdb,1325,1325,8,True,1
0xc5e9ddebb09cd64dfacab4011a0d5cedaf7c9bdb,1324,1324,9,True,2
0xc5e9ddebb09cd64dfacab4011a0d5cedaf7c9bdb,1323,1323,9,True,2
0x776e5853e3d61b2dfb22bcf872a43bf9a1231e52,1322,1322,0,True,1
0xc5e9ddebb09cd64dfacab4011a0d5cedaf7c9bdb,1321,1321,8,True,2
0xc5e9ddebb09cd64dfacab4011a0d5cedaf7c9bdb,1320,1320,8,True,1
0xc5e9ddebb09cd64dfacab4011a0d5cedaf7c9bdb,1319,1319,8,True,2
0xc5e9ddebb09cd64dfacab4011a0d5cedaf7c9bdb,1318,1318,8,True,2
0xc5e9ddebb09cd64dfacab4011a0d5cedaf7c9bdb,1317,1317,8,True,1
0xc5e9ddebb09cd64dfacab4011a0d5cedaf7c9bdb,1316,1316,8,True,2
0xc5e9ddebb09cd64dfacab4011a0d5cedaf7c9bdb,1315,1315,8,True,2
0xc5e9ddebb09cd64dfacab4011a0d5cedaf7c9bdb,1314,1314,8,True,2
0xc5e9ddebb09cd64dfacab4011a0d5cedaf7c9bdb,1313,1313,8,True,2
0xc5e9ddebb09cd64dfacab4011a0d5cedaf7c9bdb,1312,1312,8,True,2
0xc5e9ddebb09cd64dfacab4011a0d5cedaf7c9bdb,1311,1311,8,True,1
0xc5e9ddebb09cd64dfacab4011a0d5cedaf7c9bdb,1310,1310,8,True,1
0xc5e9ddebb09cd64dfacab4011a0d5cedaf7c9bdb,1309,1309,8,True,1
0xc5e9ddebb09cd64dfacab4011a0d5cedaf7c9bdb,1308,1308,8,True,2
0xc5e9ddebb09cd64dfacab4011a0d5cedaf7c9bdb,1307,1307,8,True,2
0xc5e9ddebb09cd64dfacab4011a0d5cedaf7c9bdb,1306,1306,8,True,2
0xc5e9ddebb09cd64dfacab4011a0d5cedaf7c9bdb,1305,1305,8,True,2
0xc5e9ddebb09cd64dfacab4011a0d5cedaf7c9bdb,1304,1304,8,True,2
0xc5e9ddebb09cd64dfacab4011a0d5cedaf7c9bdb,1303,1303,8,True,2
0xc5e9ddebb09cd64dfacab4011a0d5cedaf7c9bdb,1302,1302,8,True,2
0xc5e9ddebb09cd64dfacab4011a0d5cedaf7c9bdb,1301,1301,8,True,2
0xc5e9ddebb09cd64dfacab4011a0d5cedaf7c9bdb,1300,1300,8,True,2
0xc5e9ddebb09cd64dfacab4011a0d5cedaf7c9bdb,1299,1299,8,True,2
0xc5e9ddebb09cd64dfacab4011a0d5cedaf7c9bdb,1298,1298,8,True,2
0xc5e9ddebb09cd64dfacab4011a0d5cedaf7c9bdb,1297,1297,8,True,2
0xc5e9ddebb09cd64dfacab4011a0d5cedaf7c9bdb,1296,1296,8,True,2
0xc5e9ddebb09cd64dfacab4011a0d5cedaf7c9bdb,1295,1295,8,True,2
0xc5e9ddebb09cd64dfacab4011a0d5cedaf7c9bdb,1294,1294,8,True,2
0xc5e9ddebb09cd64dfacab4011a0d5cedaf7c9bdb,1293,1293,8,True,2
0xc5e9ddebb09cd64dfacab4011a0d5cedaf7c9bdb,1292,1292,8,True,1
0xc5e9ddebb09cd64dfacab4011a0d5cedaf7c9bdb,1291,1291,8,True,1
0xc5e9ddebb09cd64dfacab4011a0d5cedaf7c9bdb,1290,1290,8,True,2
0xc5e9ddebb09cd64dfacab4011a0d5cedaf7c9bdb,1289,1289,8,True,1
0xc5e9ddebb09cd64dfacab4011a0d5cedaf7c9bdb,1288,1288,8,True,2
0xc5e9ddebb09cd64dfacab4011a0d5cedaf7c9bdb,1287,1287,9,True,1
0xc5e9ddebb09cd64dfacab4011a0d5cedaf7c9bdb,1286,1286,9,True,1
0xc5e9ddebb09cd64dfacab4011a0d5cedaf7c9bdb,1285,1285,9,True,1
0xc5e9ddebb09cd64dfacab4011a0d5cedaf7c9bdb,1284,1284,8,True,2
0xc5e9ddebb09cd64dfacab4011a0d5cedaf7c9bdb,1283,1283,8,True,1
0xc5e9ddebb09cd64dfacab4011a0d5cedaf7c9bdb,1282,1282,8,True,2
0xc5e9ddebb09cd64dfacab4011a0d5cedaf7c9bdb,1281,1281,8,True,2
0xc5e9ddebb09cd64dfacab4011a0d5cedaf7c9bdb,1280,1280,8,True,2
0xc5e9ddebb09cd64dfacab4011a0d5cedaf7c9bdb,1279,1279,4,True,2
0xc5e9ddebb09cd64dfacab4011a0d5cedaf7c9bdb,1278,1278,8,True,2
0xc5e9ddebb09cd64dfacab4011a0d5cedaf7c9bdb,1277,1277,8,True,2
0xc5e9ddebb09cd64dfacab4011a0d5cedaf7c9bdb,1276,1276,6,True,2
0xc5e9ddebb09cd64dfacab4011a0d5cedaf7c9bdb,1275,1275,8,True,1
0xc5e9ddebb09cd64dfacab4011a0d5cedaf7c9bdb,1274,1274,8,True,2
0xc5e9ddebb09cd64dfacab4011a0d5cedaf7c9bdb,1273,1273,8,True,2
0xc5e9ddebb09cd64dfacab4011a0d5cedaf7c9bdb,1272,1272,6,True,2
0xc5e9ddebb09cd64dfacab4011a0d5cedaf7c9bdb,1271,1271,8,True,2
0xc5e9ddebb09cd64dfacab4011a0d5cedaf7c9bdb,1270,1270,8,True,2
0xc5e9ddebb09cd64dfacab4011a0d5cedaf7c9bdb,1269,1269,8,True,2
0xc5e9ddebb09cd64dfacab4011a0d5cedaf7c9bdb,1268,1268,8,True,2
0xc5e9ddebb09cd64dfacab4011a0d5cedaf7c9bdb,1267,1267,8,True,2
0xc5e9ddebb09cd64dfacab4011a0d5cedaf7c9bdb,1266,1266,8,True,2
0xc5e9ddebb09cd64dfacab4011a0d5cedaf7c9bdb,1265,1265,8,True,2
0xc5e9ddebb09cd64dfacab4011a0d5cedaf7c9bdb,1264,1264,8,True,2
0xc5e9ddebb09cd64dfacab4011a0d5cedaf7c9bdb,1263,1263,8,True,2
0xc5e9ddebb09cd64dfacab4011a0d5cedaf7c9bdb,1262,1262,8,True,2
0xc5e9ddebb09cd64dfacab4011a0d5cedaf7c9bdb,1261,1261,8,True,1
0xc5e9ddebb09cd64dfacab4011a0d5cedaf7c9bdb,1260,1260,8,True,1
0xc5e9ddebb09cd64dfacab4011a0d5cedaf7c9bdb,1259,1259,8,True,1
0xc5e9ddebb09cd64dfacab4011a0d5cedaf7c9bdb,1258,1258,8,True,2
0xc5e9ddebb09cd64dfacab4011a0d5cedaf7c9bdb,1257,1257,8,True,2
0xc5e9ddebb09cd64dfacab4011a0d5cedaf7c9bdb,1256,1256,8,True,2
0xebcf3bca271b26ae4b162ba560e243055af0e679,1255,1255,16,True,2
0xc5e9ddebb09cd64dfacab4011a0d5cedaf7c9bdb,1254,1254,8,True,2
0xc5e9ddebb09cd64dfacab4011a0d5cedaf7c9bdb,1253,1253,8,True,2
0xc5e9ddebb09cd64dfacab4011a0d5cedaf7c9bdb,1252,1252,6,True,2
0xc5e9ddebb09cd64dfacab4011a0d5cedaf7c9bdb,1251,1251,6,True,2
0xc5e9ddebb09cd64dfacab4011a0d5cedaf7c9bdb,1250,1250,8,True,2
0xc5e9ddebb09cd64dfacab4011a0d5cedaf7c9bdb,1249,1249,6,True,2
0xc5e9ddebb09cd64dfacab4011a0d5cedaf7c9bdb,1248,1248,8,True,2
0xc5e9ddebb09cd64dfacab4011a0d5cedaf7c9bdb,1247,1247,8,True,2
0xc5e9ddebb09cd64dfacab4011a0d5cedaf7c9bdb,1246,1246,8,True,1
0xc5e9ddebb09cd64dfacab4011a0d5cedaf7c9bdb,1245,1245,6,True,2
0xc5e9ddebb09cd64dfacab4011a0d5cedaf7c9bdb,1244,1244,8,True,2
0xe0e1bc8c6cd1b81993e2fcfb80832d814886ea38,1243,1243,0,True,2
0xc5e9ddebb09cd64dfacab4011a0d5cedaf7c9bdb,1242,1242,8,True,2
0xc5e9ddebb09cd64dfacab4011a0d5cedaf7c9bdb,1241,1241,6,True,2
0xc5e9ddebb09cd64dfacab4011a0d5cedaf7c9bdb,1240,1240,6,True,2
0xc5e9ddebb09cd64dfacab4011a0d5cedaf7c9bdb,1239,1239,6,True,2
0xc5e9ddebb09cd64dfacab4011a0d5cedaf7c9bdb,1238,1238,6,True,2
0xc5e9ddebb09cd64dfacab4011a0d5cedaf7c9bdb,1237,1237,7,True,2
0xc5e9ddebb09cd64dfacab4011a0d5cedaf7c9bdb,1236,1236,7,True,2
0xc5e9ddebb09cd64dfacab4011a0d5cedaf7c9bdb,1235,1235,7,True,2
0xc5e9ddebb09cd64dfacab4011a0d5cedaf7c9bdb,1234,1234,6,True,2
0xc5e9ddebb09cd64dfacab4011a0d5cedaf7c9bdb,1233,1233,7,True,2
0xc5e9ddebb09cd64dfacab4011a0d5cedaf7c9bdb,1232,1232,2,True,2
0xc5e9ddebb09cd64dfacab4011a0d5cedaf7c9bdb,1231,1231,7,True,2
0xc5e9ddebb09cd64dfacab4011a0d5cedaf7c9bdb,1230,1230,6,True,1
0xc5e9ddebb09cd64dfacab4011a0d5cedaf7c9bdb,1229,1229,6,True,2
0xc5e9ddebb09cd64dfacab4011a0d5cedaf7c9bdb,1228,1228,6,True,2
0xc5e9ddebb09cd64dfacab4011a0d5cedaf7c9bdb,1227,1227,6,True,2
0xe0e1bc8c6cd1b81993e2fcfb80832d814886ea38,1226,1226,0,True,1
0xc5e9ddebb09cd64dfacab4011a0d5cedaf7c9bdb,1225,1225,6,True,2
0xc5e9ddebb09cd64dfacab4011a0d5cedaf7c9bdb,1224,1224,7,True,1
0xc5e9ddebb09cd64dfacab4011a0d5cedaf7c9bdb,1223,1223,6,True,2
0xc5e9ddebb09cd64dfacab4011a0d5cedaf7c9bdb,1222,1222,6,True,2
0xc5e9ddebb09cd64dfacab4011a0d5cedaf7c9bdb,1221,1221,7,True,1
0xc5e9ddebb09cd64dfacab4011a0d5cedaf7c9bdb,1220,1220,7,True,2
0xc5e9ddebb09cd64dfacab4011a0d5cedaf7c9bdb,1219,1219,7,True,2
0xe0e1bc8c6cd1b81993e2fcfb80832d814886ea38,1218,1218,0,True,2
0xe0e1bc8c6cd1b81993e2fcfb80832d814886ea38,1217,1217,0,True,2
0xe0e1bc8c6cd1b81993e2fcfb80832d814886ea38,1216,1216,0,True,1
0xe0e1bc8c6cd1b81993e2fcfb80832d814886ea38,1215,1215,0,True,1
0xe0e1bc8c6cd1b81993e2fcfb80832d814886ea38,1214,1214,0,True,1
0xe0e1bc8c6cd1b81993e2fcfb80832d814886ea38,1213,1213,0,True,1
0xe0e1bc8c6cd1b81993e2fcfb80832d814886ea38,1212,1212,0,True,1
0xe0e1bc8c6cd1b81993e2fcfb80832d814886ea38,1211,1211,0,True,2
0xe0e1bc8c6cd1b81993e2fcfb80832d814886ea38,1210,1210,0,True,1
0xe0e1bc8c6cd1b81993e2fcfb80832d814886ea38,1209,1209,0,True,1
0xe0e1bc8c6cd1b81993e2fcfb80832d814886ea38,1208,1208,0,True,1
0xe0e1bc8c6cd1b81993e2fcfb80832d814886ea38,1207,1207,0,True,2
0xc5e9ddebb09cd64dfacab4011a0d5cedaf7c9bdb,1206,1206,6,True,2
0xc5e9ddebb09cd64dfacab4011a0d5cedaf7c9bdb,1205,1205,6,True,2
0xc5e9ddebb09cd64dfacab4011a0d5cedaf7c9bdb,1204,1204,6,True,2
0xc5e9ddebb09cd64dfacab4011a0d5cedaf7c9bdb,1203,1203,6,True,2
0xc5e9ddebb09cd64dfacab4011a0d5cedaf7c9bdb,1202,1202,6,True,2
0xe0e1bc8c6cd1b81993e2fcfb80832d814886ea38,1201,1201,0,True,1
0xe0e1bc8c6cd1b81993e2fcfb80832d814886ea38,1200,1200,0,True,2
0xc5e9ddebb09cd64dfacab4011a0d5cedaf7c9bdb,1199,1199,6,True,2
0xe0e1bc8c6cd1b81993e2fcfb80832d814886ea38,1198,1198,0,True,2
0xe0e1bc8c6cd1b81993e2fcfb80832d814886ea38,1197,1197,0,True,2
0xc5e9ddebb09cd64dfacab4011a0d5cedaf7c9bdb,1196,1196,6,True,2
0xe0e1bc8c6cd1b81993e2fcfb80832d814886ea38,1195,1195,0,True,2
0xe0e1bc8c6cd1b81993e2fcfb80832d814886ea38,1194,1194,0,True,2
0xc5e9ddebb09cd64dfacab4011a0d5cedaf7c9bdb,1193,1193,6,True,2
0xc5e9ddebb09cd64dfacab4011a0d5cedaf7c9bdb,1192,1192,6,True,2
0xc5e9ddebb09cd64dfacab4011a0d5cedaf7c9bdb,1191,1191,6,True,2
0xc5e9ddebb09cd64dfacab4011a0d5cedaf7c9bdb,1190,1190,6,True,2
0xc5e9ddebb09cd64dfacab4011a0d5cedaf7c9bdb,1189,1189,6,True,2
0xc5e9ddebb09cd64dfacab4011a0d5cedaf7c9bdb,1188,1188,6,True,2
0xc5e9ddebb09cd64dfacab4011a0d5cedaf7c9bdb,1187,1187,6,True,2
0xc5e9ddebb09cd64dfacab4011a0d5cedaf7c9bdb,1186,1186,6,True,2
0xc5e9ddebb09cd64dfacab4011a0d5cedaf7c9bdb,1185,1185,6,True,2
0xc5e9ddebb09cd64dfacab4011a0d5cedaf7c9bdb,1184,1184,6,True,2
0xc5e9ddebb09cd64dfacab4011a0d5cedaf7c9bdb,1183,1183,6,True,2
0xc5e9ddebb09cd64dfacab4011a0d5cedaf7c9bdb,1182,1182,6,True,2
0xc5e9ddebb09cd64dfacab4011a0d5cedaf7c9bdb,1181,1181,6,True,2
0xc5e9ddebb09cd64dfacab4011a0d5cedaf7c9bdb,1180,1180,6,True,2
0xebcf3bca271b26ae4b162ba560e243055af0e679,1179,1179,16,True,2
0xc5e9ddebb09cd64dfacab4011a0d5cedaf7c9bdb,1178,1178,6,True,1
0xebcf3bca271b26ae4b162ba560e243055af0e679,1177,1177,16,True,2
0xc5e9ddebb09cd64dfacab4011a0d5cedaf7c9bdb,1176,1176,6,True,2
0xc5e9ddebb09cd64dfacab4011a0d5cedaf7c9bdb,1175,1175,6,True,2
0xc5e9ddebb09cd64dfacab4011a0d5cedaf7c9bdb,1174,1174,6,True,2
0xc5e9ddebb09cd64dfacab4011a0d5cedaf7c9bdb,1173,1173,6,True,2
0xc5e9ddebb09cd64dfacab4011a0d5cedaf7c9bdb,1172,1172,6,True,2
0xc5e9ddebb09cd64dfacab4011a0d5cedaf7c9bdb,1171,1171,6,True,2
0xe0e1bc8c6cd1b81993e2fcfb80832d814886ea38,1170,1170,0,True,2
0xc5e9ddebb09cd64dfacab4011a0d5cedaf7c9bdb,1169,1169,6,True,2
0xc5e9ddebb09cd64dfacab4011a0d5cedaf7c9bdb,1168,1168,6,True,2
0xc5e9ddebb09cd64dfacab4011a0d5cedaf7c9bdb,1167,1167,6,True,1
0xc5e9ddebb09cd64dfacab4011a0d5cedaf7c9bdb,1166,1166,6,True,2
0xc5e9ddebb09cd64dfacab4011a0d5cedaf7c9bdb,1165,1165,6,True,1
0xc5e9ddebb09cd64dfacab4011a0d5cedaf7c9bdb,1164,1164,6,True,2
0xc5e9ddebb09cd64dfacab4011a0d5cedaf7c9bdb,1163,1163,6,True,1
0xc5e9ddebb09cd64dfacab4011a0d5cedaf7c9bdb,1162,1162,6,True,2
0xebcf3bca271b26ae4b162ba560e243055af0e679,1161,1161,16,True,2
0xc5e9ddebb09cd64dfacab4011a0d5cedaf7c9bdb,1160,1160,6,True,2
0xc5e9ddebb09cd64dfacab4011a0d5cedaf7c9bdb,1159,1159,6,True,2
0xc5e9ddebb09cd64dfacab4011a0d5cedaf7c9bdb,1158,1158,6,True,2
0xc5e9ddebb09cd64dfacab4011a0d5cedaf7c9bdb,1157,1157,6,True,2
0xc5e9ddebb09cd64dfacab4011a0d5cedaf7c9bdb,1156,1156,6,True,1
0xebcf3bca271b26ae4b162ba560e243055af0e679,1155,1155,16,True,1
0xc5e9ddebb09cd64dfacab4011a0d5cedaf7c9bdb,1154,1154,6,True,2
0xc5e9ddebb09cd64dfacab4011a0d5cedaf7c9bdb,1153,1153,6,True,2
0xc5e9ddebb09cd64dfacab4011a0d5cedaf7c9bdb,1152,1152,6,True,2
0xc5e9ddebb09cd64dfacab4011a0d5cedaf7c9bdb,1151,1151,6,True,1
0xc5e9ddebb09cd64dfacab4011a0d5cedaf7c9bdb,1150,1150,6,True,2
0xc5e9ddebb09cd64dfacab4011a0d5cedaf7c9bdb,1149,1149,4,True,2
0xc5e9ddebb09cd64dfacab4011a0d5cedaf7c9bdb,1148,1148,6,True,2
0xc5e9ddebb09cd64dfacab4011a0d5cedaf7c9bdb,1147,1147,6,True,2
0xc5e9ddebb09cd64dfacab4011a0d5cedaf7c9bdb,1146,1146,6,True,2
0xc5e9ddebb09cd64dfacab4011a0d5cedaf7c9bdb,1145,1145,6,True,2
0xc5e9ddebb09cd64dfacab4011a0d5cedaf7c9bdb,1144,1144,6,True,2
0xc5e9ddebb09cd64dfacab4011a0d5cedaf7c9bdb,1143,1143,6,True,2
0xc5e9ddebb09cd64dfacab4011a0d5cedaf7c9bdb,1142,1142,6,True,2
0xc5e9ddebb09cd64dfacab4011a0d5cedaf7c9bdb,1141,1141,6,True,2
0xc5e9ddebb09cd64dfacab4011a0d5cedaf7c9bdb,1140,1140,6,True,2
0xc5e9ddebb09cd64dfacab4011a0d5cedaf7c9bdb,1139,1139,6,True,2
0xc5e9ddebb09cd64dfacab4011a0d5cedaf7c9bdb,1138,1138,6,True,2
0xc5e9ddebb09cd64dfacab4011a0d5cedaf7c9bdb,1137,1137,6,True,2
0xc5e9ddebb09cd64dfacab4011a0d5cedaf7c9bdb,1136,1136,6,True,1
0xc5e9ddebb09cd64dfacab4011a0d5cedaf7c9bdb,1135,1135,6,True,1
0xc5e9ddebb09cd64dfacab4011a0d5cedaf7c9bdb,1134,1134,6,True,2
0xc5e9ddebb09cd64dfacab4011a0d5cedaf7c9bdb,1133,1133,6,True,2
0xc5e9ddebb09cd64dfacab4011a0d5cedaf7c9bdb,1132,1132,6,True,2
0xc5e9ddebb09cd64dfacab4011a0d5cedaf7c9bdb,1131,1131,6,True,2
0xc5e9ddebb09cd64dfacab4011a0d5cedaf7c9bdb,1130,1130,6,True,2
0xc5e9ddebb09cd64dfacab4011a0d5cedaf7c9bdb,1129,1129,6,True,2
0xc5e9ddebb09cd64dfacab4011a0d5cedaf7c9bdb,1128,1128,6,True,1
0xc5e9ddebb09cd64dfacab4011a0d5cedaf7c9bdb,1127,1127,6,True,2
0xc5e9ddebb09cd64dfacab4011a0d5cedaf7c9bdb,1126,1126,6,True,2
0x2f0895732bfacdcf2fdb19962fe609d0da695f21,1125,1125,0,True,2
0xc5e9ddebb09cd64dfacab4011a0d5cedaf7c9bdb,1124,1124,6,True,1
0xc5e9ddebb09cd64dfacab4011a0d5cedaf7c9bdb,1123,1123,6,True,2
0xc5e9ddebb09cd64dfacab4011a0d5cedaf7c9bdb,1122,1122,6,True,1
0xc5e9ddebb09cd64dfacab4011a0d5cedaf7c9bdb,1121,1121,6,True,2
0xc5e9ddebb09cd64dfacab4011a0d5cedaf7c9bdb,1120,1120,4,True,2
0xc5e9ddebb09cd64dfacab4011a0d5cedaf7c9bdb,1119,1119,4,True,2
0xc5e9ddebb09cd64dfacab4011a0d5cedaf7c9bdb,1118,1118,4,True,2
0xc5e9ddebb09cd64dfacab4011a0d5cedaf7c9bdb,1117,1117,4,True,1
0xc5e9ddebb09cd64dfacab4011a0d5cedaf7c9bdb,1116,1116,2,True,2
0xc5e9ddebb09cd64dfacab4011a0d5cedaf7c9bdb,1115,1115,4,True,2
0xc5e9ddebb09cd64dfacab4011a0d5cedaf7c9bdb,1114,1114,4,True,2
0xc5e9ddebb09cd64dfacab4011a0d5cedaf7c9bdb,1113,1113,4,True,2
0xc5e9ddebb09cd64dfacab4011a0d5cedaf7c9bdb,1112,1112,4,True,1
0xc5e9ddebb09cd64dfacab4011a0d5cedaf7c9bdb,1111,1111,4,True,2
0xc5e9ddebb09cd64dfacab4011a0d5cedaf7c9bdb,1110,1110,4,True,2
0xc5e9ddebb09cd64dfacab4011a0d5cedaf7c9bdb,1109,1109,4,True,2
0xebcf3bca271b26ae4b162ba560e243055af0e679,1108,1108,16,True,1
0xc5e9ddebb09cd64dfacab4011a0d5cedaf7c9bdb,1107,1107,4,True,2
0xc5e9ddebb09cd64dfacab4011a0d5cedaf7c9bdb,1106,1106,4,True,1
0xc5e9ddebb09cd64dfacab4011a0d5cedaf7c9bdb,1105,1105,4,True,2
0xc5e9ddebb09cd64dfacab4011a0d5cedaf7c9bdb,1104,1104,4,True,2
0x6e31d83b0c696f7d57241d3dffd0f2b628d14c67,1103,1103,0,True,2
0xc5e9ddebb09cd64dfacab4011a0d5cedaf7c9bdb,1102,1102,4,True,2
0xc5e9ddebb09cd64dfacab4011a0d5cedaf7c9bdb,1101,1101,4,True,2
0x99a0f0e0d9ee776d791d2e55c215d05ccf7286fc,1100,1100,8,True,2
0xc5e9ddebb09cd64dfacab4011a0d5cedaf7c9bdb,1099,1099,4,True,2
0x6e31d83b0c696f7d57241d3dffd0f2b628d14c67,1098,1098,0,True,2
0xc5e9ddebb09cd64dfacab4011a0d5cedaf7c9bdb,1097,1097,4,True,2
0xc5e9ddebb09cd64dfacab4011a0d5cedaf7c9bdb,1096,1096,4,True,2
0xc5e9ddebb09cd64dfacab4011a0d5cedaf7c9bdb,1095,1095,4,True,2
0xc5e9ddebb09cd64dfacab4011a0d5cedaf7c9bdb,1094,1094,4,True,2
0xc5e9ddebb09cd64dfacab4011a0d5cedaf7c9bdb,1093,1093,4,True,2
0xc5e9ddebb09cd64dfacab4011a0d5cedaf7c9bdb,1092,1092,4,True,2
0xc5e9ddebb09cd64dfacab4011a0d5cedaf7c9bdb,1091,1091,4,True,2
0xc5e9ddebb09cd64dfacab4011a0d5cedaf7c9bdb,1090,1090,4,True,2
0xc5e9ddebb09cd64dfacab4011a0d5cedaf7c9bdb,1089,1089,4,True,2
0xc5e9ddebb09cd64dfacab4011a0d5cedaf7c9bdb,1088,1088,4,True,2
0xc5e9ddebb09cd64dfacab4011a0d5cedaf7c9bdb,1087,1087,4,True,2
0xc5e9ddebb09cd64dfacab4011a0d5cedaf7c9bdb,1086,1086,4,True,2
0xc5e9ddebb09cd64dfacab4011a0d5cedaf7c9bdb,1085,1085,4,True,2
0xc5e9ddebb09cd64dfacab4011a0d5cedaf7c9bdb,1084,1084,4,True,2
0xc5e9ddebb09cd64dfacab4011a0d5cedaf7c9bdb,1083,1083,4,True,2
0xc5e9ddebb09cd64dfacab4011a0d5cedaf7c9bdb,1082,1082,4,True,2
0xc5e9ddebb09cd64dfacab4011a0d5cedaf7c9bdb,1081,1081,4,True,2
0xc5e9ddebb09cd64dfacab4011a0d5cedaf7c9bdb,1080,1080,4,True,2
0xc5e9ddebb09cd64dfacab4011a0d5cedaf7c9bdb,1079,1079,4,True,2
0xc5e9ddebb09cd64dfacab4011a0d5cedaf7c9bdb,1078,1078,4,True,2
0x7ecffaa0247227a29d613adb3b1b47e44f0f53cb,1077,1077,0,True,1
0xc5e9ddebb09cd64dfacab4011a0d5cedaf7c9bdb,1076,1076,4,True,2
0xc5e9ddebb09cd64dfacab4011a0d5cedaf7c9bdb,1075,1075,4,True,2
0xc5e9ddebb09cd64dfacab4011a0d5cedaf7c9bdb,1074,1074,5,True,2
0xc5e9ddebb09cd64dfacab4011a0d5cedaf7c9bdb,1073,1073,4,True,2
0xc5e9ddebb09cd64dfacab4011a0d5cedaf7c9bdb,1072,1072,4,True,2
0xc5e9ddebb09cd64dfacab4011a0d5cedaf7c9bdb,1071,1071,4,True,2
0x7ecffaa0247227a29d613adb3b1b47e44f0f53cb,1070,1070,0,True,0
0xc5e9ddebb09cd64dfacab4011a0d5cedaf7c9bdb,1069,1069,4,True,2
0xc5e9ddebb09cd64dfacab4011a0d5cedaf7c9bdb,1068,1068,4,True,2
0xc5e9ddebb09cd64dfacab4011a0d5cedaf7c9bdb,1067,1067,4,True,2
0xc5e9ddebb09cd64dfacab4011a0d5cedaf7c9bdb,1066,1066,4,True,2
0xc5e9ddebb09cd64dfacab4011a0d5cedaf7c9bdb,1065,1065,4,True,2
0xc5e9ddebb09cd64dfacab4011a0d5cedaf7c9bdb,1064,1064,4,True,2
0xc5e9ddebb09cd64dfacab4011a0d5cedaf7c9bdb,1063,1063,4,True,2
0xc5e9ddebb09cd64dfacab4011a0d5cedaf7c9bdb,1062,1062,4,True,2
0xc5e9ddebb09cd64dfacab4011a0d5cedaf7c9bdb,1061,1061,4,True,2
0xc5e9ddebb09cd64dfacab4011a0d5cedaf7c9bdb,1060,1060,4,True,2
0xc5e9ddebb09cd64dfacab4011a0d5cedaf7c9bdb,1059,1059,4,True,2
0xc5e9ddebb09cd64dfacab4011a0d5cedaf7c9bdb,1058,1058,4,True,1
0xc5e9ddebb09cd64dfacab4011a0d5cedaf7c9bdb,1057,1057,4,True,1
0xc5e9ddebb09cd64dfacab4011a0d5cedaf7c9bdb,1056,1056,4,True,2
0xc5e9ddebb09cd64dfacab4011a0d5cedaf7c9bdb,1055,1055,4,True,1
0xc5e9ddebb09cd64dfacab4011a0d5cedaf7c9bdb,1054,1054,4,True,2
0xc5e9ddebb09cd64dfacab4011a0d5cedaf7c9bdb,1053,1053,4,True,2
0xc5e9ddebb09cd64dfacab4011a0d5cedaf7c9bdb,1052,1052,4,True,1
0xc5e9ddebb09cd64dfacab4011a0d5cedaf7c9bdb,1051,1051,4,True,2
0xc5e9ddebb09cd64dfacab4011a0d5cedaf7c9bdb,1050,1050,4,True,2
0x7ecffaa0247227a29d613adb3b1b47e44f0f53cb,1049,1049,0,True,0
0xc5e9ddebb09cd64dfacab4011a0d5cedaf7c9bdb,1048,1048,4,True,2
0xc5e9ddebb09cd64dfacab4011a0d5cedaf7c9bdb,1047,1047,4,True,2
0xc5e9ddebb09cd64dfacab4011a0d5cedaf7c9bdb,1046,1046,4,True,1
0xc5e9ddebb09cd64dfacab4011a0d5cedaf7c9bdb,1045,1045,4,True,2
0xc5e9ddebb09cd64dfacab4011a0d5cedaf7c9bdb,1044,1044,4,True,2
0xc5e9ddebb09cd64dfacab4011a0d5cedaf7c9bdb,1043,1043,4,True,2
0xc5e9ddebb09cd64dfacab4011a0d5cedaf7c9bdb,1042,1042,4,True,2
0xc5e9ddebb09cd64dfacab4011a0d5cedaf7c9bdb,1041,1041,4,True,2
0xc5e9ddebb09cd64dfacab4011a0d5cedaf7c9bdb,1040,1040,4,True,2
0xc5e9ddebb09cd64dfacab4011a0d5cedaf7c9bdb,1039,1039,4,True,1
0x6341ec8f3f23689bd6ea3cf82fe34c3a0481c30a,1038,1038,0,True,0
0xc5e9ddebb09cd64dfacab4011a0d5cedaf7c9bdb,1037,1037,4,True,2
0xc5e9ddebb09cd64dfacab4011a0d5cedaf7c9bdb,1036,1036,4,True,2
0xc5e9ddebb09cd64dfacab4011a0d5cedaf7c9bdb,1035,1035,4,True,2
0xc5e9ddebb09cd64dfacab4011a0d5cedaf7c9bdb,1034,1034,4,True,2
0xc5e9ddebb09cd64dfacab4011a0d5cedaf7c9bdb,1033,1033,4,True,2
0xc5e9ddebb09cd64dfacab4011a0d5cedaf7c9bdb,1032,1032,4,True,2
0xc5e9ddebb09cd64dfacab4011a0d5cedaf7c9bdb,1031,1031,4,True,2
0xc5e9ddebb09cd64dfacab4011a0d5cedaf7c9bdb,1030,1030,4,True,2
0xc5e9ddebb09cd64dfacab4011a0d5cedaf7c9bdb,1029,1029,4,True,2
0xc5e9ddebb09cd64dfacab4011a0d5cedaf7c9bdb,1028,1028,4,True,1
0xc5e9ddebb09cd64dfacab4011a0d5cedaf7c9bdb,1027,1027,4,True,2
0xc5e9ddebb09cd64dfacab4011a0d5cedaf7c9bdb,1026,1026,4,True,2
0xc5e9ddebb09cd64dfacab4011a0d5cedaf7c9bdb,1025,1025,4,True,2
0xc5e9ddebb09cd64dfacab4011a0d5cedaf7c9bdb,1024,1024,4,True,2
0xc5e9ddebb09cd64dfacab4011a0d5cedaf7c9bdb,1023,1023,4,True,2
0xc5e9ddebb09cd64dfacab4011a0d5cedaf7c9bdb,1022,1022,4,True,2
0xc5e9ddebb09cd64dfacab4011a0d5cedaf7c9bdb,1021,1021,4,True,2
0xc5e9ddebb09cd64dfacab4011a0d5cedaf7c9bdb,1020,1020,4,True,2
0xc5e9ddebb09cd64dfacab4011a0d5cedaf7c9bdb,1019,1019,4,True,2
0xc5e9ddebb09cd64dfacab4011a0d5cedaf7c9bdb,1018,1018,4,True,2
0xc5e9ddebb09cd64dfacab4011a0d5cedaf7c9bdb,1017,1017,4,True,2
0xc5e9ddebb09cd64dfacab4011a0d5cedaf7c9bdb,1016,1016,4,True,2
0xc5e9ddebb09cd64dfacab4011a0d5cedaf7c9bdb,1015,1015,4,True,2
0xc5e9ddebb09cd64dfacab4011a0d5cedaf7c9bdb,1014,1014,4,True,2
0xc5e9ddebb09cd64dfacab4011a0d5cedaf7c9bdb,1013,1013,4,True,2
0xc5e9ddebb09cd64dfacab4011a0d5cedaf7c9bdb,1012,1012,4,True,1
0xc5e9ddebb09cd64dfacab4011a0d5cedaf7c9bdb,1011,1011,4,True,2
0x99a0f0e0d9ee776d791d2e55c215d05ccf7286fc,1010,1010,8,True,2
0xc5e9ddebb09cd64dfacab4011a0d5cedaf7c9bdb,1009,1009,4,True,2
0xc5e9ddebb09cd64dfacab4011a0d5cedaf7c9bdb,1008,1008,2,True,2
0xc5e9ddebb09cd64dfacab4011a0d5cedaf7c9bdb,1007,1007,4,True,2
0xc5e9ddebb09cd64dfacab4011a0d5cedaf7c9bdb,1006,1006,4,True,2
0xc5e9ddebb09cd64dfacab4011a0d5cedaf7c9bdb,1005,1005,2,True,2
0xc5e9ddebb09cd64dfacab4011a0d5cedaf7c9bdb,1004,1004,2,True,2
0xc5e9ddebb09cd64dfacab4011a0d5cedaf7c9bdb,1003,1003,4,True,2
0xc5e9ddebb09cd64dfacab4011a0d5cedaf7c9bdb,1002,1002,4,True,2
0xc5e9ddebb09cd64dfacab4011a0d5cedaf7c9bdb,1001,1001,4,True,2
0xc5e9ddebb09cd64dfacab4011a0d5cedaf7c9bdb,1000,1000,4,True,2
0xc5e9ddebb09cd64dfacab4011a0d5cedaf7c9bdb,999,999,4,True,2
0xebcf3bca271b26ae4b162ba560e243055af0e679,998,998,16,True,2
0xc5e9ddebb09cd64dfacab4011a0d5cedaf7c9bdb,997,997,4,True,0
0xc5e9ddebb09cd64dfacab4011a0d5cedaf7c9bdb,996,996,4,True,2
0xc5e9ddebb09cd64dfacab4011a0d5cedaf7c9bdb,995,995,4,True,2
0xc5e9ddebb09cd64dfacab4011a0d5cedaf7c9bdb,994,994,4,True,2
0xc5e9ddebb09cd64dfacab4011a0d5cedaf7c9bdb,993,993,4,True,2
0xc5e9ddebb09cd64dfacab4011a0d5cedaf7c9bdb,992,992,4,True,1
0xc5e9ddebb09cd64dfacab4011a0d5cedaf7c9bdb,991,991,4,True,2
0xc5e9ddebb09cd64dfacab4011a0d5cedaf7c9bdb,990,990,4,True,1
0xc5e9ddebb09cd64dfacab4011a0d5cedaf7c9bdb,989,989,4,True,2
0xc5e9ddebb09cd64dfacab4011a0d5cedaf7c9bdb,988,988,4,True,2
0xc5e9ddebb09cd64dfacab4011a0d5cedaf7c9bdb,987,987,4,True,2
0xc5e9ddebb09cd64dfacab4011a0d5cedaf7c9bdb,986,986,4,True,1
0xc5e9ddebb09cd64dfacab4011a0d5cedaf7c9bdb,985,985,4,True,1
0xc5e9ddebb09cd64dfacab4011a0d5cedaf7c9bdb,984,984,4,True,2
0xc5e9ddebb09cd64dfacab4011a0d5cedaf7c9bdb,983,983,4,True,2
0xc5e9ddebb09cd64dfacab4011a0d5cedaf7c9bdb,982,982,4,True,2
0xc5e9ddebb09cd64dfacab4011a0d5cedaf7c9bdb,981,981,4,True,2
0xc5e9ddebb09cd64dfacab4011a0d5cedaf7c9bdb,980,980,4,True,1
0xc5e9ddebb09cd64dfacab4011a0d5cedaf7c9bdb,979,979,4,True,2
0xc5e9ddebb09cd64dfacab4011a0d5cedaf7c9bdb,978,978,4,True,2
0xc5e9ddebb09cd64dfacab4011a0d5cedaf7c9bdb,977,977,4,True,2
0xc5e9ddebb09cd64dfacab4011a0d5cedaf7c9bdb,976,976,4,True,2
0xc5e9ddebb09cd64dfacab4011a0d5cedaf7c9bdb,975,975,4,True,2
0xc5e9ddebb09cd64dfacab4011a0d5cedaf7c9bdb,974,974,4,True,2
0xc5e9ddebb09cd64dfacab4011a0d5cedaf7c9bdb,973,973,4,True,1
0xc5e9ddebb09cd64dfacab4011a0d5cedaf7c9bdb,972,972,4,True,1
0xc5e9ddebb09cd64dfacab4011a0d5cedaf7c9bdb,971,971,4,True,2
0xc5e9ddebb09cd64dfacab4011a0d5cedaf7c9bdb,970,970,4,True,2
0xc5e9ddebb09cd64dfacab4011a0d5cedaf7c9bdb,969,969,4,True,2
0xc5e9ddebb09cd64dfacab4011a0d5cedaf7c9bdb,968,968,4,True,2
0xc5e9ddebb09cd64dfacab4011a0d5cedaf7c9bdb,967,967,4,True,2
0xc5e9ddebb09cd64dfacab4011a0d5cedaf7c9bdb,966,966,4,True,2
0xc5e9ddebb09cd64dfacab4011a0d5cedaf7c9bdb,965,965,4,True,2
0xc5e9ddebb09cd64dfacab4011a0d5cedaf7c9bdb,964,964,4,True,2
0xc5e9ddebb09cd64dfacab4011a0d5cedaf7c9bdb,963,963,4,True,2
0xc5e9ddebb09cd64dfacab4011a0d5cedaf7c9bdb,962,962,4,True,2
0xc5e9ddebb09cd64dfacab4011a0d5cedaf7c9bdb,961,961,4,True,2
0xc5e9ddebb09cd64dfacab4011a0d5cedaf7c9bdb,960,960,4,True,2
0xc5e9ddebb09cd64dfacab4011a0d5cedaf7c9bdb,959,959,4,True,2
0xc5e9ddebb09cd64dfacab4011a0d5cedaf7c9bdb,958,958,4,True,2
0xc5e9ddebb09cd64dfacab4011a0d5cedaf7c9bdb,957,957,4,True,2
0xc5e9ddebb09cd64dfacab4011a0d5cedaf7c9bdb,956,956,4,True,2
0xc5e9ddebb09cd64dfacab4011a0d5cedaf7c9bdb,955,955,4,True,2
0xc5e9ddebb09cd64dfacab4011a0d5cedaf7c9bdb,954,954,4,True,1
0xc5e9ddebb09cd64dfacab4011a0d5cedaf7c9bdb,953,953,4,True,2
0xc5e9ddebb09cd64dfacab4011a0d5cedaf7c9bdb,952,952,4,True,2
0xc5e9ddebb09cd64dfacab4011a0d5cedaf7c9bdb,951,951,4,True,2
0xc5e9ddebb09cd64dfacab4011a0d5cedaf7c9bdb,950,950,4,True,2
0xc5e9ddebb09cd64dfacab4011a0d5cedaf7c9bdb,949,949,4,True,0
0xc5e9ddebb09cd64dfacab4011a0d5cedaf7c9bdb,948,948,4,True,2
0xc5e9ddebb09cd64dfacab4011a0d5cedaf7c9bdb,947,947,4,True,2
0xc5e9ddebb09cd64dfacab4011a0d5cedaf7c9bdb,946,946,4,True,2
0xc5e9ddebb09cd64dfacab4011a0d5cedaf7c9bdb,945,945,4,True,2
0xc5e9ddebb09cd64dfacab4011a0d5cedaf7c9bdb,944,944,4,True,2
0xc5e9ddebb09cd64dfacab4011a0d5cedaf7c9bdb,943,943,4,True,2
0xc5e9ddebb09cd64dfacab4011a0d5cedaf7c9bdb,942,942,4,True,2
0xc5e9ddebb09cd64dfacab4011a0d5cedaf7c9bdb,941,941,4,True,2
0xc5e9ddebb09cd64dfacab4011a0d5cedaf7c9bdb,940,940,4,True,2
0xc5e9ddebb09cd64dfacab4011a0d5cedaf7c9bdb,939,939,4,True,2
0xc5e9ddebb09cd64dfacab4011a0d5cedaf7c9bdb,938,938,4,True,2
0xc5e9ddebb09cd64dfacab4011a0d5cedaf7c9bdb,937,937,4,True,2
0xc5e9ddebb09cd64dfacab4011a0d5cedaf7c9bdb,936,936,4,True,2
0xc5e9ddebb09cd64dfacab4011a0d5cedaf7c9bdb,935,935,4,True,2
0xc5e9ddebb09cd64dfacab4011a0d5cedaf7c9bdb,934,934,4,True,2
0xf72cfd1b34a91a64f9a98537fe63fbab7530adca,933,933,0,True,0
0x728cba71a3723caab33ea416cb46e2cc9215a596,932,932,0,True,0
0xc5e9ddebb09cd64dfacab4011a0d5cedaf7c9bdb,931,931,2,True,1
0xc5e9ddebb09cd64dfacab4011a0d5cedaf7c9bdb,930,930,4,True,2
0xf72cfd1b34a91a64f9a98537fe63fbab7530adca,929,929,0,True,0
0xc5e9ddebb09cd64dfacab4011a0d5cedaf7c9bdb,928,928,4,True,2
0xc5e9ddebb09cd64dfacab4011a0d5cedaf7c9bdb,927,927,4,True,2
0xc5e9ddebb09cd64dfacab4011a0d5cedaf7c9bdb,926,926,4,True,2
0xc5e9ddebb09cd64dfacab4011a0d5cedaf7c9bdb,925,925,4,True,2
0xc5e9ddebb09cd64dfacab4011a0d5cedaf7c9bdb,924,924,4,True,2
0xebcf3bca271b26ae4b162ba560e243055af0e679,923,923,16,True,2
0xc5e9ddebb09cd64dfacab4011a0d5cedaf7c9bdb,922,922,4,True,2
0xc5e9ddebb09cd64dfacab4011a0d5cedaf7c9bdb,921,921,4,True,2
0xc5e9ddebb09cd64dfacab4011a0d5cedaf7c9bdb,920,920,4,True,2
0xebcf3bca271b26ae4b162ba560e243055af0e679,919,919,16,True,2
0xc5e9ddebb09cd64dfacab4011a0d5cedaf7c9bdb,918,918,4,True,2
0xebcf3bca271b26ae4b162ba560e243055af0e679,917,917,16,True,1
0xc5e9ddebb09cd64dfacab4011a0d5cedaf7c9bdb,916,916,4,True,2
0xebcf3bca271b26ae4b162ba560e243055af0e679,915,915,16,True,2
0x99a0f0e0d9ee776d791d2e55c215d05ccf7286fc,914,914,8,True,2
0x4b89e798b10478a839ea0abcf86c4b94a3c782a4,913,913,1,True,1
0x4b89e798b10478a839ea0abcf86c4b94a3c782a4,912,912,0,True,2
0xc5e9ddebb09cd64dfacab4011a0d5cedaf7c9bdb,911,911,4,True,2
0xc5e9ddebb09cd64dfacab4011a0d5cedaf7c9bdb,910,910,4,True,2
0xc5e9ddebb09cd64dfacab4011a0d5cedaf7c9bdb,909,909,4,True,2
0xc5e9ddebb09cd64dfacab4011a0d5cedaf7c9bdb,908,908,4,True,2
0xc5e9ddebb09cd64dfacab4011a0d5cedaf7c9bdb,907,907,4,True,2
0xc5e9ddebb09cd64dfacab4011a0d5cedaf7c9bdb,906,906,4,True,2
0xc5e9ddebb09cd64dfacab4011a0d5cedaf7c9bdb,905,905,4,True,2
0xc5e9ddebb09cd64dfacab4011a0d5cedaf7c9bdb,904,904,4,True,2
0xc5e9ddebb09cd64dfacab4011a0d5cedaf7c9bdb,903,903,4,True,2
0xc5e9ddebb09cd64dfacab4011a0d5cedaf7c9bdb,902,902,4,True,2
0x99a0f0e0d9ee776d791d2e55c215d05ccf7286fc,901,901,8,True,1
0xc5e9ddebb09cd64dfacab4011a0d5cedaf7c9bdb,900,900,2,True,2
0xc5e9ddebb09cd64dfacab4011a0d5cedaf7c9bdb,899,899,4,True,2
0xc5e9ddebb09cd64dfacab4011a0d5cedaf7c9bdb,898,898,4,True,2
0xc5e9ddebb09cd64dfacab4011a0d5cedaf7c9bdb,897,897,4,True,2
0xc5e9ddebb09cd64dfacab4011a0d5cedaf7c9bdb,896,896,4,True,2
0xc5e9ddebb09cd64dfacab4011a0d5cedaf7c9bdb,895,895,4,True,2
0xc5e9ddebb09cd64dfacab4011a0d5cedaf7c9bdb,894,894,4,True,2
0x99a0f0e0d9ee776d791d2e55c215d05ccf7286fc,893,893,8,True,1
0xc5e9ddebb09cd64dfacab4011a0d5cedaf7c9bdb,892,892,4,True,2
0xc5e9ddebb09cd64dfacab4011a0d5cedaf7c9bdb,891,891,4,True,2
0xebcf3bca271b26ae4b162ba560e243055af0e679,890,890,16,True,1
0xc5e9ddebb09cd64dfacab4011a0d5cedaf7c9bdb,889,889,4,True,2
0xb72103ee8819f2480c25d306eeab7c3382fba612,888,888,0,True,2
0xc5e9ddebb09cd64dfacab4011a0d5cedaf7c9bdb,887,887,4,True,0
0xebcf3bca271b26ae4b162ba560e243055af0e679,886,886,16,True,2
0xc5e9ddebb09cd64dfacab4011a0d5cedaf7c9bdb,885,885,4,True,2
0xc5e9ddebb09cd64dfacab4011a0d5cedaf7c9bdb,884,884,4,True,2
0xc5e9ddebb09cd64dfacab4011a0d5cedaf7c9bdb,883,883,4,True,2
0xc5e9ddebb09cd64dfacab4011a0d5cedaf7c9bdb,882,882,4,True,2
0xc5e9ddebb09cd64dfacab4011a0d5cedaf7c9bdb,881,881,4,True,2
0xc5e9ddebb09cd64dfacab4011a0d5cedaf7c9bdb,880,880,4,True,2
0xc5e9ddebb09cd64dfacab4011a0d5cedaf7c9bdb,879,879,4,True,2
0xc25a0b9681abf6f090aed71a8c08fb564b41dab6,878,878,16,True,1
0xebcf3bca271b26ae4b162ba560e243055af0e679,877,877,17,True,1
0xc5e9ddebb09cd64dfacab4011a0d5cedaf7c9bdb,876,876,4,True,2
0xc5e9ddebb09cd64dfacab4011a0d5cedaf7c9bdb,875,875,4,True,2
0xc5e9ddebb09cd64dfacab4011a0d5cedaf7c9bdb,874,874,4,True,2
0xc5e9ddebb09cd64dfacab4011a0d5cedaf7c9bdb,873,873,4,True,2
0xc5e9ddebb09cd64dfacab4011a0d5cedaf7c9bdb,872,872,4,True,2
0xc5e9ddebb09cd64dfacab4011a0d5cedaf7c9bdb,871,871,4,True,2
0xc5e9ddebb09cd64dfacab4011a0d5cedaf7c9bdb,870,870,4,True,2
0xab0d90943a58b1a64c0171ee8e743d9998be6ac3,869,869,1,True,2
0xc5e9ddebb09cd64dfacab4011a0d5cedaf7c9bdb,868,868,2,True,2
0xc5e9ddebb09cd64dfacab4011a0d5cedaf7c9bdb,867,867,2,True,2
0xc5e9ddebb09cd64dfacab4011a0d5cedaf7c9bdb,866,866,2,True,2
0xc5e9ddebb09cd64dfacab4011a0d5cedaf7c9bdb,865,865,2,True,2
0xc5e9ddebb09cd64dfacab4011a0d5cedaf7c9bdb,864,864,4,True,2
0xc5e9ddebb09cd64dfacab4011a0d5cedaf7c9bdb,863,863,4,True,2
0xc5e9ddebb09cd64dfacab4011a0d5cedaf7c9bdb,862,862,2,True,2
0xc5e9ddebb09cd64dfacab4011a0d5cedaf7c9bdb,861,861,4,True,2
0xc5e9ddebb09cd64dfacab4011a0d5cedaf7c9bdb,860,860,4,True,2
0xc5e9ddebb09cd64dfacab4011a0d5cedaf7c9bdb,859,859,2,True,2
0xebcf3bca271b26ae4b162ba560e243055af0e679,858,858,16,True,2
0xc5e9ddebb09cd64dfacab4011a0d5cedaf7c9bdb,857,857,4,True,2
0xc5e9ddebb09cd64dfacab4011a0d5cedaf7c9bdb,856,856,4,True,1
0xc5e9ddebb09cd64dfacab4011a0d5cedaf7c9bdb,855,855,4,True,2
0xc5e9ddebb09cd64dfacab4011a0d5cedaf7c9bdb,854,854,4,True,1
0xc5e9ddebb09cd64dfacab4011a0d5cedaf7c9bdb,853,853,4,True,1
0x99a0f0e0d9ee776d791d2e55c215d05ccf7286fc,852,852,8,True,2
0xc5e9ddebb09cd64dfacab4011a0d5cedaf7c9bdb,851,851,2,True,2
0xc5e9ddebb09cd64dfacab4011a0d5cedaf7c9bdb,850,850,2,True,1
0xc5e9ddebb09cd64dfacab4011a0d5cedaf7c9bdb,849,849,2,True,2
0xc5e9ddebb09cd64dfacab4011a0d5cedaf7c9bdb,848,848,2,True,2
0xc5e9ddebb09cd64dfacab4011a0d5cedaf7c9bdb,847,847,2,True,2
0xc5e9ddebb09cd64dfacab4011a0d5cedaf7c9bdb,846,846,2,True,2
0xc5e9ddebb09cd64dfacab4011a0d5cedaf7c9bdb,845,845,2,True,2
0xc5e9ddebb09cd64dfacab4011a0d5cedaf7c9bdb,844,844,2,True,2
0xc5e9ddebb09cd64dfacab4011a0d5cedaf7c9bdb,843,843,2,True,2
0xc5e9ddebb09cd64dfacab4011a0d5cedaf7c9bdb,842,842,2,True,2
0xc5e9ddebb09cd64dfacab4011a0d5cedaf7c9bdb,841,841,2,True,1
0xc5e9ddebb09cd64dfacab4011a0d5cedaf7c9bdb,840,840,4,True,2
0xc5e9ddebb09cd64dfacab4011a0d5cedaf7c9bdb,839,839,2,True,2
0xc5e9ddebb09cd64dfacab4011a0d5cedaf7c9bdb,838,838,2,True,2
0xc5e9ddebb09cd64dfacab4011a0d5cedaf7c9bdb,837,837,4,True,1
0xc5e9ddebb09cd64dfacab4011a0d5cedaf7c9bdb,836,836,4,True,2
0xc5e9ddebb09cd64dfacab4011a0d5cedaf7c9bdb,835,835,4,True,1
0xc5e9ddebb09cd64dfacab4011a0d5cedaf7c9bdb,834,834,4,True,2
0xc5e9ddebb09cd64dfacab4011a0d5cedaf7c9bdb,833,833,4,True,2
0xc5e9ddebb09cd64dfacab4011a0d5cedaf7c9bdb,832,832,4,True,2
0xc5e9ddebb09cd64dfacab4011a0d5cedaf7c9bdb,831,831,4,True,2
0xc5e9ddebb09cd64dfacab4011a0d5cedaf7c9bdb,830,830,4,True,2
0xc5e9ddebb09cd64dfacab4011a0d5cedaf7c9bdb,829,829,4,True,2
0xc5e9ddebb09cd64dfacab4011a0d5cedaf7c9bdb,828,828,4,True,2
0xc5e9ddebb09cd64dfacab4011a0d5cedaf7c9bdb,827,827,4,True,2
0xebcf3bca271b26ae4b162ba560e243055af0e679,826,826,16,True,2
0xc5e9ddebb09cd64dfacab4011a0d5cedaf7c9bdb,825,825,4,True,2
0xc5e9ddebb09cd64dfacab4011a0d5cedaf7c9bdb,824,824,4,True,1
0xc5e9ddebb09cd64dfacab4011a0d5cedaf7c9bdb,823,823,4,True,1
0xc5e9ddebb09cd64dfacab4011a0d5cedaf7c9bdb,822,822,2,True,2
0xc5e9ddebb09cd64dfacab4011a0d5cedaf7c9bdb,821,821,4,True,2
0xc5e9ddebb09cd64dfacab4011a0d5cedaf7c9bdb,820,820,5,True,2
0xebcf3bca271b26ae4b162ba560e243055af0e679,819,819,16,True,2
0xc5e9ddebb09cd64dfacab4011a0d5cedaf7c9bdb,818,818,4,True,2
0xc5e9ddebb09cd64dfacab4011a0d5cedaf7c9bdb,817,817,2,True,2
0xc5e9ddebb09cd64dfacab4011a0d5cedaf7c9bdb,816,816,4,True,2
0xc5e9ddebb09cd64dfacab4011a0d5cedaf7c9bdb,815,815,2,True,2
0xc5e9ddebb09cd64dfacab4011a0d5cedaf7c9bdb,814,814,2,True,2
0xc5e9ddebb09cd64dfacab4011a0d5cedaf7c9bdb,813,813,4,True,2
0xebcf3bca271b26ae4b162ba560e243055af0e679,812,812,16,True,1
0xebcf3bca271b26ae4b162ba560e243055af0e679,811,811,16,True,1
0xebcf3bca271b26ae4b162ba560e243055af0e679,810,810,16,True,1
0xebcf3bca271b26ae4b162ba560e243055af0e679,809,809,16,True,1
0xebcf3bca271b26ae4b162ba560e243055af0e679,808,808,16,True,1
0xc5e9ddebb09cd64dfacab4011a0d5cedaf7c9bdb,807,807,4,True,2
0xc5e9ddebb09cd64dfacab4011a0d5cedaf7c9bdb,806,806,2,True,2
0xc5e9ddebb09cd64dfacab4011a0d5cedaf7c9bdb,805,805,2,True,2
0xc5e9ddebb09cd64dfacab4011a0d5cedaf7c9bdb,804,804,2,True,2
0xc5e9ddebb09cd64dfacab4011a0d5cedaf7c9bdb,803,803,4,True,2
0xc5e9ddebb09cd64dfacab4011a0d5cedaf7c9bdb,802,802,2,True,2
0xc5e9ddebb09cd64dfacab4011a0d5cedaf7c9bdb,801,801,4,True,1
0xc5e9ddebb09cd64dfacab4011a0d5cedaf7c9bdb,800,800,2,True,1
0xc5e9ddebb09cd64dfacab4011a0d5cedaf7c9bdb,799,799,2,True,2
0xc5e9ddebb09cd64dfacab4011a0d5cedaf7c9bdb,798,798,2,True,2
0xc5e9ddebb09cd64dfacab4011a0d5cedaf7c9bdb,797,797,4,True,2
0xc5e9ddebb09cd64dfacab4011a0d5cedaf7c9bdb,796,796,2,True,2
0xc5e9ddebb09cd64dfacab4011a0d5cedaf7c9bdb,795,795,2,True,2
0xc5e9ddebb09cd64dfacab4011a0d5cedaf7c9bdb,794,794,2,True,2
0xc5e9ddebb09cd64dfacab4011a0d5cedaf7c9bdb,793,793,2,True,2
0xc5e9ddebb09cd64dfacab4011a0d5cedaf7c9bdb,792,792,2,True,2
0xc5e9ddebb09cd64dfacab4011a0d5cedaf7c9bdb,791,791,2,True,2
0xc5e9ddebb09cd64dfacab4011a0d5cedaf7c9bdb,790,790,2,True,2
0xc5e9ddebb09cd64dfacab4011a0d5cedaf7c9bdb,789,789,2,True,2
0xc5e9ddebb09cd64dfacab4011a0d5cedaf7c9bdb,788,788,2,True,2
0xc5e9ddebb09cd64dfacab4011a0d5cedaf7c9bdb,787,787,2,True,2
0xc5e9ddebb09cd64dfacab4011a0d5cedaf7c9bdb,786,786,2,True,1
0xc5e9ddebb09cd64dfacab4011a0d5cedaf7c9bdb,785,785,2,True,2
0xc5e9ddebb09cd64dfacab4011a0d5cedaf7c9bdb,784,784,2,True,2
0xc5e9ddebb09cd64dfacab4011a0d5cedaf7c9bdb,783,783,2,True,1
0xc5e9ddebb09cd64dfacab4011a0d5cedaf7c9bdb,782,782,2,True,2
0xc5e9ddebb09cd64dfacab4011a0d5cedaf7c9bdb,781,781,2,True,2
0xc5e9ddebb09cd64dfacab4011a0d5cedaf7c9bdb,780,780,2,True,2
0xc5e9ddebb09cd64dfacab4011a0d5cedaf7c9bdb,779,779,2,True,2
0xc5e9ddebb09cd64dfacab4011a0d5cedaf7c9bdb,778,778,2,True,2
0xc5e9ddebb09cd64dfacab4011a0d5cedaf7c9bdb,777,777,2,True,2
0xc5e9ddebb09cd64dfacab4011a0d5cedaf7c9bdb,776,776,2,True,1
0xc5e9ddebb09cd64dfacab4011a0d5cedaf7c9bdb,775,775,2,True,2
0xc5e9ddebb09cd64dfacab4011a0d5cedaf7c9bdb,774,774,2,True,2
0xc5e9ddebb09cd64dfacab4011a0d5cedaf7c9bdb,773,773,2,True,2
0xc5e9ddebb09cd64dfacab4011a0d5cedaf7c9bdb,772,772,2,True,2
0xc5e9ddebb09cd64dfacab4011a0d5cedaf7c9bdb,771,771,2,True,2
0xebcf3bca271b26ae4b162ba560e243055af0e679,770,770,16,True,1
0xc5e9ddebb09cd64dfacab4011a0d5cedaf7c9bdb,769,769,2,True,2
0xc5e9ddebb09cd64dfacab4011a0d5cedaf7c9bdb,768,768,2,True,2
0xc5e9ddebb09cd64dfacab4011a0d5cedaf7c9bdb,767,767,2,True,2
0xebcf3bca271b26ae4b162ba560e243055af0e679,766,766,16,True,2
0xc5e9ddebb09cd64dfacab4011a0d5cedaf7c9bdb,765,765,2,True,2
0xc5e9ddebb09cd64dfacab4011a0d5cedaf7c9bdb,764,764,2,True,2
0xc5e9ddebb09cd64dfacab4011a0d5cedaf7c9bdb,763,763,2,True,2
0xc5e9ddebb09cd64dfacab4011a0d5cedaf7c9bdb,762,762,2,True,1
0xc5e9ddebb09cd64dfacab4011a0d5cedaf7c9bdb,761,761,2,True,2
0xc5e9ddebb09cd64dfacab4011a0d5cedaf7c9bdb,760,760,2,True,2
0xc5e9ddebb09cd64dfacab4011a0d5cedaf7c9bdb,759,759,2,True,2
0xc5e9ddebb09cd64dfacab4011a0d5cedaf7c9bdb,758,758,2,True,1
0xc5e9ddebb09cd64dfacab4011a0d5cedaf7c9bdb,757,757,2,True,2
0xc5e9ddebb09cd64dfacab4011a0d5cedaf7c9bdb,756,756,2,True,2
0xc5e9ddebb09cd64dfacab4011a0d5cedaf7c9bdb,755,755,2,True,2
0xc5e9ddebb09cd64dfacab4011a0d5cedaf7c9bdb,754,754,2,True,2
0xc5e9ddebb09cd64dfacab4011a0d5cedaf7c9bdb,753,753,2,True,2
0xc5e9ddebb09cd64dfacab4011a0d5cedaf7c9bdb,752,752,2,True,2
0xc5e9ddebb09cd64dfacab4011a0d5cedaf7c9bdb,751,751,2,True,2
0xc5e9ddebb09cd64dfacab4011a0d5cedaf7c9bdb,750,750,2,True,2
0xc5e9ddebb09cd64dfacab4011a0d5cedaf7c9bdb,749,749,2,True,2
0xc5e9ddebb09cd64dfacab4011a0d5cedaf7c9bdb,748,748,2,True,2
0xc5e9ddebb09cd64dfacab4011a0d5cedaf7c9bdb,747,747,2,True,1
0xc5e9ddebb09cd64dfacab4011a0d5cedaf7c9bdb,746,746,2,True,2
0xc5e9ddebb09cd64dfacab4011a0d5cedaf7c9bdb,745,745,2,True,2
0xc5e9ddebb09cd64dfacab4011a0d5cedaf7c9bdb,744,744,2,True,2
0xc5e9ddebb09cd64dfacab4011a0d5cedaf7c9bdb,743,743,2,True,2
0xc5e9ddebb09cd64dfacab4011a0d5cedaf7c9bdb,742,742,2,True,2
0xc5e9ddebb09cd64dfacab4011a0d5cedaf7c9bdb,741,741,2,True,2
0xc5e9ddebb09cd64dfacab4011a0d5cedaf7c9bdb,740,740,2,True,2
0xc5e9ddebb09cd64dfacab4011a0d5cedaf7c9bdb,739,739,2,True,2
0xc5e9ddebb09cd64dfacab4011a0d5cedaf7c9bdb,738,738,2,True,1
0xc5e9ddebb09cd64dfacab4011a0d5cedaf7c9bdb,737,737,2,True,2
0xc5e9ddebb09cd64dfacab4011a0d5cedaf7c9bdb,736,736,2,True,2
0xc5e9ddebb09cd64dfacab4011a0d5cedaf7c9bdb,735,735,2,True,2
0xc5e9ddebb09cd64dfacab4011a0d5cedaf7c9bdb,734,734,2,True,2
0xc5e9ddebb09cd64dfacab4011a0d5cedaf7c9bdb,733,733,2,True,2
0xc5e9ddebb09cd64dfacab4011a0d5cedaf7c9bdb,732,732,2,True,2
0xc5e9ddebb09cd64dfacab4011a0d5cedaf7c9bdb,731,731,2,True,2
0xc5e9ddebb09cd64dfacab4011a0d5cedaf7c9bdb,730,730,2,True,2
0xc5e9ddebb09cd64dfacab4011a0d5cedaf7c9bdb,729,729,2,True,2
0xc5e9ddebb09cd64dfacab4011a0d5cedaf7c9bdb,728,728,2,True,2
0xc5e9ddebb09cd64dfacab4011a0d5cedaf7c9bdb,727,727,2,True,2
0xc5e9ddebb09cd64dfacab4011a0d5cedaf7c9bdb,726,726,2,True,2
0xc5e9ddebb09cd64dfacab4011a0d5cedaf7c9bdb,725,725,2,True,2
0xc5e9ddebb09cd64dfacab4011a0d5cedaf7c9bdb,724,724,2,True,2
0xc5e9ddebb09cd64dfacab4011a0d5cedaf7c9bdb,723,723,2,True,2
0xc5e9ddebb09cd64dfacab4011a0d5cedaf7c9bdb,722,722,2,True,2
0xc5e9ddebb09cd64dfacab4011a0d5cedaf7c9bdb,721,721,2,True,2
0xc5e9ddebb09cd64dfacab4011a0d5cedaf7c9bdb,720,720,2,True,2
0xc5e9ddebb09cd64dfacab4011a0d5cedaf7c9bdb,719,719,2,True,2
0xc5e9ddebb09cd64dfacab4011a0d5cedaf7c9bdb,718,718,2,True,2
0xc5e9ddebb09cd64dfacab4011a0d5cedaf7c9bdb,717,717,2,True,2
0xc5e9ddebb09cd64dfacab4011a0d5cedaf7c9bdb,716,716,2,True,2
0xc5e9ddebb09cd64dfacab4011a0d5cedaf7c9bdb,715,715,2,True,2
0xc5e9ddebb09cd64dfacab4011a0d5cedaf7c9bdb,714,714,2,True,2
0xc5e9ddebb09cd64dfacab4011a0d5cedaf7c9bdb,713,713,2,True,2
0xc5e9ddebb09cd64dfacab4011a0d5cedaf7c9bdb,712,712,2,True,1
0xc5e9ddebb09cd64dfacab4011a0d5cedaf7c9bdb,711,711,2,True,2
0xc5e9ddebb09cd64dfacab4011a0d5cedaf7c9bdb,710,710,2,True,2
0xc5e9ddebb09cd64dfacab4011a0d5cedaf7c9bdb,709,709,2,True,2
0xc5e9ddebb09cd64dfacab4011a0d5cedaf7c9bdb,708,708,2,True,2
0xc5e9ddebb09cd64dfacab4011a0d5cedaf7c9bdb,707,707,2,True,2
0xc5e9ddebb09cd64dfacab4011a0d5cedaf7c9bdb,706,706,2,True,2
0xc5e9ddebb09cd64dfacab4011a0d5cedaf7c9bdb,705,705,2,True,2
0xc5e9ddebb09cd64dfacab4011a0d5cedaf7c9bdb,704,704,2,True,2
0xc5e9ddebb09cd64dfacab4011a0d5cedaf7c9bdb,703,703,2,True,2
0xc5e9ddebb09cd64dfacab4011a0d5cedaf7c9bdb,702,702,2,True,2
0xc5e9ddebb09cd64dfacab4011a0d5cedaf7c9bdb,701,701,2,True,2
0xc5e9ddebb09cd64dfacab4011a0d5cedaf7c9bdb,700,700,2,True,2
0xc5e9ddebb09cd64dfacab4011a0d5cedaf7c9bdb,699,699,2,True,2
0xc5e9ddebb09cd64dfacab4011a0d5cedaf7c9bdb,698,698,2,True,2
0xc5e9ddebb09cd64dfacab4011a0d5cedaf7c9bdb,697,697,2,True,2
0xc5e9ddebb09cd64dfacab4011a0d5cedaf7c9bdb,696,696,2,True,2
0xc5e9ddebb09cd64dfacab4011a0d5cedaf7c9bdb,695,695,2,True,2
0xc5e9ddebb09cd64dfacab4011a0d5cedaf7c9bdb,694,694,2,True,2
0xebcf3bca271b26ae4b162ba560e243055af0e679,693,693,16,True,1
0xc5e9ddebb09cd64dfacab4011a0d5cedaf7c9bdb,692,692,2,True,2
0xc5e9ddebb09cd64dfacab4011a0d5cedaf7c9bdb,691,691,2,True,1
0xc5e9ddebb09cd64dfacab4011a0d5cedaf7c9bdb,690,690,2,True,2
0xc5e9ddebb09cd64dfacab4011a0d5cedaf7c9bdb,689,689,2,True,2
0xc5e9ddebb09cd64dfacab4011a0d5cedaf7c9bdb,688,688,2,True,2
0xc5e9ddebb09cd64dfacab4011a0d5cedaf7c9bdb,687,687,2,True,2
0xc5e9ddebb09cd64dfacab4011a0d5cedaf7c9bdb,686,686,2,True,2
0xc5e9ddebb09cd64dfacab4011a0d5cedaf7c9bdb,685,685,2,True,2
0xc5e9ddebb09cd64dfacab4011a0d5cedaf7c9bdb,684,684,2,True,2
0xc5e9ddebb09cd64dfacab4011a0d5cedaf7c9bdb,683,683,2,True,2
0xc5e9ddebb09cd64dfacab4011a0d5cedaf7c9bdb,682,682,2,True,2
0xc5e9ddebb09cd64dfacab4011a0d5cedaf7c9bdb,681,681,2,True,1
0xc5e9ddebb09cd64dfacab4011a0d5cedaf7c9bdb,680,680,2,True,2
0xc5e9ddebb09cd64dfacab4011a0d5cedaf7c9bdb,679,679,2,True,2
0xc5e9ddebb09cd64dfacab4011a0d5cedaf7c9bdb,678,678,2,True,2
0xc5e9ddebb09cd64dfacab4011a0d5cedaf7c9bdb,677,677,2,True,2
0xc5e9ddebb09cd64dfacab4011a0d5cedaf7c9bdb,676,676,2,True,1
0xc5e9ddebb09cd64dfacab4011a0d5cedaf7c9bdb,675,675,2,True,2
0xc5e9ddebb09cd64dfacab4011a0d5cedaf7c9bdb,674,674,2,True,2
0xc5e9ddebb09cd64dfacab4011a0d5cedaf7c9bdb,673,673,2,True,2
0xc5e9ddebb09cd64dfacab4011a0d5cedaf7c9bdb,672,672,2,True,1
0xc5e9ddebb09cd64dfacab4011a0d5cedaf7c9bdb,671,671,2,True,2
0xc5e9ddebb09cd64dfacab4011a0d5cedaf7c9bdb,670,670,2,True,2
0xc5e9ddebb09cd64dfacab4011a0d5cedaf7c9bdb,669,669,2,True,2
0xc5e9ddebb09cd64dfacab4011a0d5cedaf7c9bdb,668,668,2,True,2
0xc5e9ddebb09cd64dfacab4011a0d5cedaf7c9bdb,667,667,2,True,2
0xc5e9ddebb09cd64dfacab4011a0d5cedaf7c9bdb,666,666,2,True,2
0xc5e9ddebb09cd64dfacab4011a0d5cedaf7c9bdb,665,665,2,True,2
0xc5e9ddebb09cd64dfacab4011a0d5cedaf7c9bdb,664,664,2,True,2
0xa3e4348bddc32afcedc5e088e0e21fd6154a0180,663,663,0,True,2
0xc5e9ddebb09cd64dfacab4011a0d5cedaf7c9bdb,662,662,2,True,2
0xc5e9ddebb09cd64dfacab4011a0d5cedaf7c9bdb,661,661,2,True,2
0xc5e9ddebb09cd64dfacab4011a0d5cedaf7c9bdb,660,660,2,True,2
0xc5e9ddebb09cd64dfacab4011a0d5cedaf7c9bdb,659,659,2,True,2
0xc5e9ddebb09cd64dfacab4011a0d5cedaf7c9bdb,658,658,2,True,2
0xc5e9ddebb09cd64dfacab4011a0d5cedaf7c9bdb,657,657,2,True,1
0xc5e9ddebb09cd64dfacab4011a0d5cedaf7c9bdb,656,656,2,True,2
0xc5e9ddebb09cd64dfacab4011a0d5cedaf7c9bdb,655,655,2,True,2
0xc5e9ddebb09cd64dfacab4011a0d5cedaf7c9bdb,654,654,2,True,2
0xc5e9ddebb09cd64dfacab4011a0d5cedaf7c9bdb,653,653,2,True,2
0xc5e9ddebb09cd64dfacab4011a0d5cedaf7c9bdb,652,652,2,True,2
0xc5e9ddebb09cd64dfacab4011a0d5cedaf7c9bdb,651,651,2,True,2
0xc5e9ddebb09cd64dfacab4011a0d5cedaf7c9bdb,650,650,2,True,2
0xc5e9ddebb09cd64dfacab4011a0d5cedaf7c9bdb,649,649,2,True,2
0xc5e9ddebb09cd64dfacab4011a0d5cedaf7c9bdb,648,648,2,True,2
0xc5e9ddebb09cd64dfacab4011a0d5cedaf7c9bdb,647,647,2,True,2
0xc5e9ddebb09cd64dfacab4011a0d5cedaf7c9bdb,646,646,2,True,2
0xc5e9ddebb09cd64dfacab4011a0d5cedaf7c9bdb,645,645,2,True,2
0xc5e9ddebb09cd64dfacab4011a0d5cedaf7c9bdb,644,644,2,True,2
0xc5e9ddebb09cd64dfacab4011a0d5cedaf7c9bdb,643,643,2,True,2
0xc5e9ddebb09cd64dfacab4011a0d5cedaf7c9bdb,642,642,2,True,2
0x135c573503f70dc290b1d60fe2e7f7eb114febd6,641,641,69,True,1
0x135c573503f70dc290b1d60fe2e7f7eb114febd6,640,640,68,True,2
0xc5e9ddebb09cd64dfacab4011a0d5cedaf7c9bdb,639,639,2,True,2
0xc5e9ddebb09cd64dfacab4011a0d5cedaf7c9bdb,638,638,2,True,2
0xc5e9ddebb09cd64dfacab4011a0d5cedaf7c9bdb,637,637,3,True,1
0xc5e9ddebb09cd64dfacab4011a0d5cedaf7c9bdb,636,636,2,True,2
0xc5e9ddebb09cd64dfacab4011a0d5cedaf7c9bdb,635,635,2,True,1
0xc5e9ddebb09cd64dfacab4011a0d5cedaf7c9bdb,634,634,2,True,2
0xc5e9ddebb09cd64dfacab4011a0d5cedaf7c9bdb,633,633,2,True,1
0xc5e9ddebb09cd64dfacab4011a0d5cedaf7c9bdb,632,632,2,True,2
0xc5e9ddebb09cd64dfacab4011a0d5cedaf7c9bdb,631,631,2,True,1
0xc5e9ddebb09cd64dfacab4011a0d5cedaf7c9bdb,630,630,2,True,2
0xc5e9ddebb09cd64dfacab4011a0d5cedaf7c9bdb,629,629,2,True,1
0xc5e9ddebb09cd64dfacab4011a0d5cedaf7c9bdb,628,628,2,True,2
0xc5e9ddebb09cd64dfacab4011a0d5cedaf7c9bdb,627,627,2,True,2
0xc5e9ddebb09cd64dfacab4011a0d5cedaf7c9bdb,626,626,2,True,2
0xc5e9ddebb09cd64dfacab4011a0d5cedaf7c9bdb,625,625,2,True,2
0xc5e9ddebb09cd64dfacab4011a0d5cedaf7c9bdb,624,624,2,True,2
0xc5e9ddebb09cd64dfacab4011a0d5cedaf7c9bdb,623,623,2,True,1
0xc5e9ddebb09cd64dfacab4011a0d5cedaf7c9bdb,622,622,2,True,2
0xc5e9ddebb09cd64dfacab4011a0d5cedaf7c9bdb,621,621,2,True,2
0xc5e9ddebb09cd64dfacab4011a0d5cedaf7c9bdb,620,620,2,True,2
0xc5e9ddebb09cd64dfacab4011a0d5cedaf7c9bdb,619,619,2,True,2
0xc5e9ddebb09cd64dfacab4011a0d5cedaf7c9bdb,618,618,2,True,2
0xc5e9ddebb09cd64dfacab4011a0d5cedaf7c9bdb,617,617,2,True,2
0xc5e9ddebb09cd64dfacab4011a0d5cedaf7c9bdb,616,616,2,True,2
0xc5e9ddebb09cd64dfacab4011a0d5cedaf7c9bdb,615,615,2,True,2
0xc5e9ddebb09cd64dfacab4011a0d5cedaf7c9bdb,614,614,2,True,2
0xc5e9ddebb09cd64dfacab4011a0d5cedaf7c9bdb,613,613,2,True,2
0xc5e9ddebb09cd64dfacab4011a0d5cedaf7c9bdb,612,612,2,True,2
0xc5e9ddebb09cd64dfacab4011a0d5cedaf7c9bdb,611,611,2,True,2
0xc5e9ddebb09cd64dfacab4011a0d5cedaf7c9bdb,610,610,2,True,2
0xc5e9ddebb09cd64dfacab4011a0d5cedaf7c9bdb,609,609,2,True,2
0xc5e9ddebb09cd64dfacab4011a0d5cedaf7c9bdb,608,608,2,True,2
0xc5e9ddebb09cd64dfacab4011a0d5cedaf7c9bdb,607,607,2,True,2
0xc5e9ddebb09cd64dfacab4011a0d5cedaf7c9bdb,606,606,2,True,2
0xc5e9ddebb09cd64dfacab4011a0d5cedaf7c9bdb,605,605,2,True,2
0xc5e9ddebb09cd64dfacab4011a0d5cedaf7c9bdb,604,604,2,True,2
0xc5e9ddebb09cd64dfacab4011a0d5cedaf7c9bdb,603,603,2,True,2
0xc5e9ddebb09cd64dfacab4011a0d5cedaf7c9bdb,602,602,2,True,2
0xc5e9ddebb09cd64dfacab4011a0d5cedaf7c9bdb,601,601,2,True,2
0xc5e9ddebb09cd64dfacab4011a0d5cedaf7c9bdb,600,600,2,True,2
0xc5e9ddebb09cd64dfacab4011a0d5cedaf7c9bdb,599,599,2,True,2
0xc5e9ddebb09cd64dfacab4011a0d5cedaf7c9bdb,598,598,2,True,2
0xc5e9ddebb09cd64dfacab4011a0d5cedaf7c9bdb,597,597,2,True,1
0xc5e9ddebb09cd64dfacab4011a0d5cedaf7c9bdb,596,596,2,True,2
0xc5e9ddebb09cd64dfacab4011a0d5cedaf7c9bdb,595,595,2,True,2
0xc5e9ddebb09cd64dfacab4011a0d5cedaf7c9bdb,594,594,2,True,2
0xc5e9ddebb09cd64dfacab4011a0d5cedaf7c9bdb,593,593,2,True,2
0x135c573503f70dc290b1d60fe2e7f7eb114febd6,592,592,67,True,2
0xc5e9ddebb09cd64dfacab4011a0d5cedaf7c9bdb,591,591,2,True,2
0xc5e9ddebb09cd64dfacab4011a0d5cedaf7c9bdb,590,590,2,True,2
0xc5e9ddebb09cd64dfacab4011a0d5cedaf7c9bdb,589,589,2,True,2
0xc5e9ddebb09cd64dfacab4011a0d5cedaf7c9bdb,588,588,2,True,2
0xc5e9ddebb09cd64dfacab4011a0d5cedaf7c9bdb,587,587,2,True,2
0xc5e9ddebb09cd64dfacab4011a0d5cedaf7c9bdb,586,586,2,True,2
0xc5e9ddebb09cd64dfacab4011a0d5cedaf7c9bdb,585,585,2,True,2
0xc5e9ddebb09cd64dfacab4011a0d5cedaf7c9bdb,584,584,2,True,2
0xc5e9ddebb09cd64dfacab4011a0d5cedaf7c9bdb,583,583,2,True,2
0xc5e9ddebb09cd64dfacab4011a0d5cedaf7c9bdb,582,582,2,True,2
0xc5e9ddebb09cd64dfacab4011a0d5cedaf7c9bdb,581,581,2,True,1
0xc5e9ddebb09cd64dfacab4011a0d5cedaf7c9bdb,580,580,2,True,2
0xc5e9ddebb09cd64dfacab4011a0d5cedaf7c9bdb,579,579,2,True,2
0xc5e9ddebb09cd64dfacab4011a0d5cedaf7c9bdb,578,578,2,True,2
0xc5e9ddebb09cd64dfacab4011a0d5cedaf7c9bdb,577,577,2,True,2
0xc5e9ddebb09cd64dfacab4011a0d5cedaf7c9bdb,576,576,2,True,2
0xc5e9ddebb09cd64dfacab4011a0d5cedaf7c9bdb,575,575,2,True,2
0x135c573503f70dc290b1d60fe2e7f7eb114febd6,574,574,66,True,2
0xc5e9ddebb09cd64dfacab4011a0d5cedaf7c9bdb,573,573,2,True,2
0xc5e9ddebb09cd64dfacab4011a0d5cedaf7c9bdb,572,572,2,True,2
0xc5e9ddebb09cd64dfacab4011a0d5cedaf7c9bdb,571,571,2,True,2
0xc5e9ddebb09cd64dfacab4011a0d5cedaf7c9bdb,570,570,2,True,2
0xc5e9ddebb09cd64dfacab4011a0d5cedaf7c9bdb,569,569,2,True,2
0xc5e9ddebb09cd64dfacab4011a0d5cedaf7c9bdb,568,568,2,True,2
0xc5e9ddebb09cd64dfacab4011a0d5cedaf7c9bdb,567,567,2,True,2
0xc5e9ddebb09cd64dfacab4011a0d5cedaf7c9bdb,566,566,2,True,2
0xc5e9ddebb09cd64dfacab4011a0d5cedaf7c9bdb,565,565,2,True,1
0xc5e9ddebb09cd64dfacab4011a0d5cedaf7c9bdb,564,564,2,True,2
0xc5e9ddebb09cd64dfacab4011a0d5cedaf7c9bdb,563,563,2,True,2
0xc5e9ddebb09cd64dfacab4011a0d5cedaf7c9bdb,562,562,2,True,2
0x135c573503f70dc290b1d60fe2e7f7eb114febd6,561,561,65,True,2
0xc5e9ddebb09cd64dfacab4011a0d5cedaf7c9bdb,560,560,0,True,2
0x135c573503f70dc290b1d60fe2e7f7eb114febd6,559,559,64,True,1
0x99a0f0e0d9ee776d791d2e55c215d05ccf7286fc,558,558,8,True,2
0x99a0f0e0d9ee776d791d2e55c215d05ccf7286fc,557,557,8,True,1
0xc5e9ddebb09cd64dfacab4011a0d5cedaf7c9bdb,556,556,2,True,2
0xc5e9ddebb09cd64dfacab4011a0d5cedaf7c9bdb,555,555,2,True,2
0xc5e9ddebb09cd64dfacab4011a0d5cedaf7c9bdb,554,554,2,True,2
0xc5e9ddebb09cd64dfacab4011a0d5cedaf7c9bdb,553,553,2,True,2
0xc5e9ddebb09cd64dfacab4011a0d5cedaf7c9bdb,552,552,2,True,2
0xebcf3bca271b26ae4b162ba560e243055af0e679,551,551,16,True,2
0x135c573503f70dc290b1d60fe2e7f7eb114febd6,550,550,63,True,2
0x135c573503f70dc290b1d60fe2e7f7eb114febd6,549,549,62,True,1
0x135c573503f70dc290b1d60fe2e7f7eb114febd6,548,548,61,True,1
0xebcf3bca271b26ae4b162ba560e243055af0e679,547,547,17,True,1
0xab0d90943a58b1a64c0171ee8e743d9998be6ac3,546,546,0,True,1
0xa3e4348bddc32afcedc5e088e0e21fd6154a0180,545,545,2,True,2
0xebcf3bca271b26ae4b162ba560e243055af0e679,544,544,16,True,2
0xb72103ee8819f2480c25d306eeab7c3382fba612,543,543,0,True,2
0xb72103ee8819f2480c25d306eeab7c3382fba612,542,542,0,True,2
0x135c573503f70dc290b1d60fe2e7f7eb114febd6,541,541,60,True,1
0xebcf3bca271b26ae4b162ba560e243055af0e679,540,540,14,True,2
0xebcf3bca271b26ae4b162ba560e243055af0e679,539,539,15,True,1
0xebcf3bca271b26ae4b162ba560e243055af0e679,538,538,15,True,1
0xebcf3bca271b26ae4b162ba560e243055af0e679,537,537,15,True,1
0xebcf3bca271b26ae4b162ba560e243055af0e679,536,536,15,True,1
0xe5bcea6f87aaee4a81f64dfdb4d30d400e0e5cf4,535,535,0,True,2
0xebcf3bca271b26ae4b162ba560e243055af0e679,534,534,14,True,2
0x44863f5b7aab7cee181c0d84e244540125ef7af7,533,533,0,True,2
0xd47f72a2d1d0e91b0ec5e5f5d02b2dc26d00a14d,532,532,0,True,1
0x99a0f0e0d9ee776d791d2e55c215d05ccf7286fc,531,531,8,True,1
0x135c573503f70dc290b1d60fe2e7f7eb114febd6,530,530,59,True,1
0x135c573503f70dc290b1d60fe2e7f7eb114febd6,529,529,58,True,1
0x2e3b10abf091cdc53cc892a50dabdb432e220398,528,528,6,True,2
0xebcf3bca271b26ae4b162ba560e243055af0e679,527,527,14,True,1
0x44863f5b7aab7cee181c0d84e244540125ef7af7,526,526,2,True,2
0xebcf3bca271b26ae4b162ba560e243055af0e679,525,525,14,True,2
0xebcf3bca271b26ae4b162ba560e243055af0e679,524,524,14,True,2
0xebcf3bca271b26ae4b162ba560e243055af0e679,523,523,14,True,2
0xebcf3bca271b26ae4b162ba560e243055af0e679,522,522,14,True,2
0xebcf3bca271b26ae4b162ba560e243055af0e679,521,521,14,True,2
0xebcf3bca271b26ae4b162ba560e243055af0e679,520,520,14,True,2
0xebcf3bca271b26ae4b162ba560e243055af0e679,519,519,14,True,2
0xebcf3bca271b26ae4b162ba560e243055af0e679,518,518,14,True,2
0xebcf3bca271b26ae4b162ba560e243055af0e679,517,517,14,True,2
0xebcf3bca271b26ae4b162ba560e243055af0e679,516,516,14,True,2
0xebcf3bca271b26ae4b162ba560e243055af0e679,515,515,14,True,2
0xebcf3bca271b26ae4b162ba560e243055af0e679,514,514,14,True,2
0xebcf3bca271b26ae4b162ba560e243055af0e679,513,513,14,True,2
0xebcf3bca271b26ae4b162ba560e243055af0e679,512,512,14,True,2
0xd8f8019c025c2ba6745543d9a3c338de1b98c103,511,511,0,True,2
0xebcf3bca271b26ae4b162ba560e243055af0e679,510,510,14,True,2
0xebcf3bca271b26ae4b162ba560e243055af0e679,509,509,14,True,2
0xebcf3bca271b26ae4b162ba560e243055af0e679,508,508,14,True,2
0xebcf3bca271b26ae4b162ba560e243055af0e679,507,507,14,True,2
0xebcf3bca271b26ae4b162ba560e243055af0e679,506,506,15,True,1
0x135c573503f70dc290b1d60fe2e7f7eb114febd6,505,505,57,True,1
0x135c573503f70dc290b1d60fe2e7f7eb114febd6,504,504,56,True,1
0xebcf3bca271b26ae4b162ba560e243055af0e679,503,503,14,True,2
0x7884a7adf697e18357087fe8f994669042af4ae9,502,502,8,True,2
0xebcf3bca271b26ae4b162ba560e243055af0e679,501,501,14,True,2
0xebcf3bca271b26ae4b162ba560e243055af0e679,500,500,15,True,2
0x2e3b10abf091cdc53cc892a50dabdb432e220398,499,499,0,True,1
0xebcf3bca271b26ae4b162ba560e243055af0e679,498,498,14,True,2
0xebcf3bca271b26ae4b162ba560e243055af0e679,497,497,14,True,1
0xebcf3bca271b26ae4b162ba560e243055af0e679,496,496,14,True,2
0x99a0f0e0d9ee776d791d2e55c215d05ccf7286fc,495,495,8,True,2
0xebcf3bca271b26ae4b162ba560e243055af0e679,494,494,15,True,2
0xebcf3bca271b26ae4b162ba560e243055af0e679,493,493,15,True,1
0xebcf3bca271b26ae4b162ba560e243055af0e679,492,492,15,True,2
0xebcf3bca271b26ae4b162ba560e243055af0e679,491,491,15,True,1
0xebcf3bca271b26ae4b162ba560e243055af0e679,490,490,14,True,2
0x99a0f0e0d9ee776d791d2e55c215d05ccf7286fc,489,489,8,True,1
0xd8f8019c025c2ba6745543d9a3c338de1b98c103,488,488,2,True,2
0x2e3b10abf091cdc53cc892a50dabdb432e220398,487,487,0,True,2
0x2e3b10abf091cdc53cc892a50dabdb432e220398,486,486,0,True,2
0xebcf3bca271b26ae4b162ba560e243055af0e679,485,485,15,True,2
0xebcf3bca271b26ae4b162ba560e243055af0e679,484,484,15,True,2
0x7884a7adf697e18357087fe8f994669042af4ae9,483,483,8,True,2
0xebcf3bca271b26ae4b162ba560e243055af0e679,482,482,14,True,2
0xebcf3bca271b26ae4b162ba560e243055af0e679,481,481,14,True,2
0x99a0f0e0d9ee776d791d2e55c215d05ccf7286fc,480,480,8,True,1
0x135c573503f70dc290b1d60fe2e7f7eb114febd6,479,479,55,True,2
0xebcf3bca271b26ae4b162ba560e243055af0e679,478,478,14,True,2
0xebcf3bca271b26ae4b162ba560e243055af0e679,477,477,15,True,1
0x99a0f0e0d9ee776d791d2e55c215d05ccf7286fc,476,476,8,True,2
0xebcf3bca271b26ae4b162ba560e243055af0e679,475,475,15,True,1
0xebcf3bca271b26ae4b162ba560e243055af0e679,474,474,15,True,2
0xebcf3bca271b26ae4b162ba560e243055af0e679,473,473,15,True,2
0xebcf3bca271b26ae4b162ba560e243055af0e679,472,472,15,True,2
0xebcf3bca271b26ae4b162ba560e243055af0e679,471,471,15,True,2
0xebcf3bca271b26ae4b162ba560e243055af0e679,470,470,14,True,1
0xebcf3bca271b26ae4b162ba560e243055af0e679,469,469,14,True,1
0xebcf3bca271b26ae4b162ba560e243055af0e679,468,468,14,True,1
0xebcf3bca271b26ae4b162ba560e243055af0e679,467,467,14,True,1
0xebcf3bca271b26ae4b162ba560e243055af0e679,466,466,14,True,2
0xebcf3bca271b26ae4b162ba560e243055af0e679,465,465,14,True,1
0xebcf3bca271b26ae4b162ba560e243055af0e679,464,464,14,True,2
0xebcf3bca271b26ae4b162ba560e243055af0e679,463,463,14,True,2
0xebcf3bca271b26ae4b162ba560e243055af0e679,462,462,14,True,2
0xebcf3bca271b26ae4b162ba560e243055af0e679,461,461,15,True,2
0xebcf3bca271b26ae4b162ba560e243055af0e679,460,460,15,True,1
0xebcf3bca271b26ae4b162ba560e243055af0e679,459,459,15,True,1
0xebcf3bca271b26ae4b162ba560e243055af0e679,458,458,15,True,2
0xebcf3bca271b26ae4b162ba560e243055af0e679,457,457,15,True,2
0xebcf3bca271b26ae4b162ba560e243055af0e679,456,456,15,True,2
0xebcf3bca271b26ae4b162ba560e243055af0e679,455,455,14,True,2
0xebcf3bca271b26ae4b162ba560e243055af0e679,454,454,14,True,2
0xebcf3bca271b26ae4b162ba560e243055af0e679,453,453,14,True,2
0xebcf3bca271b26ae4b162ba560e243055af0e679,452,452,15,True,1
0xebcf3bca271b26ae4b162ba560e243055af0e679,451,451,14,True,1
0xebcf3bca271b26ae4b162ba560e243055af0e679,450,450,15,True,1
0xebcf3bca271b26ae4b162ba560e243055af0e679,449,449,15,True,2
0xebcf3bca271b26ae4b162ba560e243055af0e679,448,448,15,True,2
0xebcf3bca271b26ae4b162ba560e243055af0e679,447,447,15,True,2
0xebcf3bca271b26ae4b162ba560e243055af0e679,446,446,15,True,2
0xebcf3bca271b26ae4b162ba560e243055af0e679,445,445,14,True,2
0xebcf3bca271b26ae4b162ba560e243055af0e679,444,444,14,True,2
0x99a0f0e0d9ee776d791d2e55c215d05ccf7286fc,443,443,8,True,1
0xebcf3bca271b26ae4b162ba560e243055af0e679,442,442,14,True,2
0x99a0f0e0d9ee776d791d2e55c215d05ccf7286fc,441,441,8,True,1
0x99a0f0e0d9ee776d791d2e55c215d05ccf7286fc,440,440,8,True,2
0x99a0f0e0d9ee776d791d2e55c215d05ccf7286fc,439,439,8,True,2
0xebcf3bca271b26ae4b162ba560e243055af0e679,438,438,14,True,2
0x2e3b10abf091cdc53cc892a50dabdb432e220398,437,437,0,True,2
0xebcf3bca271b26ae4b162ba560e243055af0e679,436,436,14,True,2
0xebcf3bca271b26ae4b162ba560e243055af0e679,435,435,14,True,2
0xebcf3bca271b26ae4b162ba560e243055af0e679,434,434,14,True,2
0xebcf3bca271b26ae4b162ba560e243055af0e679,433,433,14,True,2
0xebcf3bca271b26ae4b162ba560e243055af0e679,432,432,14,True,1
0x99a0f0e0d9ee776d791d2e55c215d05ccf7286fc,431,431,8,True,2
0xebcf3bca271b26ae4b162ba560e243055af0e679,430,430,14,True,2
0xebcf3bca271b26ae4b162ba560e243055af0e679,429,429,14,True,2
0xebcf3bca271b26ae4b162ba560e243055af0e679,428,428,14,True,2
0xebcf3bca271b26ae4b162ba560e243055af0e679,427,427,14,True,2
0x7884a7adf697e18357087fe8f994669042af4ae9,426,426,8,True,2
0x7884a7adf697e18357087fe8f994669042af4ae9,425,425,8,True,2
0x7884a7adf697e18357087fe8f994669042af4ae9,424,424,8,True,1
0xebcf3bca271b26ae4b162ba560e243055af0e679,423,423,14,True,2
0xebcf3bca271b26ae4b162ba560e243055af0e679,422,422,14,True,2
0x7884a7adf697e18357087fe8f994669042af4ae9,421,421,8,True,2
0xebcf3bca271b26ae4b162ba560e243055af0e679,420,420,15,True,1
0xebcf3bca271b26ae4b162ba560e243055af0e679,419,419,14,True,2
0xb72103ee8819f2480c25d306eeab7c3382fba612,418,418,0,True,2
0xebcf3bca271b26ae4b162ba560e243055af0e679,417,417,14,True,2
0x7884a7adf697e18357087fe8f994669042af4ae9,416,416,8,True,2
0x7884a7adf697e18357087fe8f994669042af4ae9,415,415,8,True,1
0xb72103ee8819f2480c25d306eeab7c3382fba612,414,414,0,True,2
0xebcf3bca271b26ae4b162ba560e243055af0e679,413,413,14,True,2
0xebcf3bca271b26ae4b162ba560e243055af0e679,412,412,14,True,2
0x135c573503f70dc290b1d60fe2e7f7eb114febd6,411,411,54,True,1
0x135c573503f70dc290b1d60fe2e7f7eb114febd6,410,410,53,True,1
0xebcf3bca271b26ae4b162ba560e243055af0e679,409,409,14,True,2
0xebcf3bca271b26ae4b162ba560e243055af0e679,408,408,14,True,2
0xebcf3bca271b26ae4b162ba560e243055af0e679,407,407,14,True,2
0x135c573503f70dc290b1d60fe2e7f7eb114febd6,406,406,52,True,1
0xebcf3bca271b26ae4b162ba560e243055af0e679,405,405,14,True,2
0xebcf3bca271b26ae4b162ba560e243055af0e679,404,404,14,True,2
0xebcf3bca271b26ae4b162ba560e243055af0e679,403,403,14,True,2
0xebcf3bca271b26ae4b162ba560e243055af0e679,402,402,14,True,2
0xebcf3bca271b26ae4b162ba560e243055af0e679,401,401,14,True,1
0xebcf3bca271b26ae4b162ba560e243055af0e679,400,400,14,True,1
0x7884a7adf697e18357087fe8f994669042af4ae9,399,399,4,True,2
0xebcf3bca271b26ae4b162ba560e243055af0e679,398,398,14,True,1
0xebcf3bca271b26ae4b162ba560e243055af0e679,397,397,14,True,2
0xf339047c85d0dd2645f2bd802a1e8a5e7af61053,396,396,0,True,2
0xebcf3bca271b26ae4b162ba560e243055af0e679,395,395,14,True,2
0x99a0f0e0d9ee776d791d2e55c215d05ccf7286fc,394,394,4,True,1
0xebcf3bca271b26ae4b162ba560e243055af0e679,393,393,14,True,2
0xebcf3bca271b26ae4b162ba560e243055af0e679,392,392,14,True,2
0xebcf3bca271b26ae4b162ba560e243055af0e679,391,391,14,True,2
0xebcf3bca271b26ae4b162ba560e243055af0e679,390,390,14,True,1
0xebcf3bca271b26ae4b162ba560e243055af0e679,389,389,14,True,2
0xebcf3bca271b26ae4b162ba560e243055af0e679,388,388,14,True,2
0xebcf3bca271b26ae4b162ba560e243055af0e679,387,387,14,True,1
0xebcf3bca271b26ae4b162ba560e243055af0e679,386,386,14,True,2
0xebcf3bca271b26ae4b162ba560e243055af0e679,385,385,14,True,2
0xebcf3bca271b26ae4b162ba560e243055af0e679,384,384,14,True,2
0xebcf3bca271b26ae4b162ba560e243055af0e679,383,383,14,True,2
0x2e3b10abf091cdc53cc892a50dabdb432e220398,382,382,0,True,2
0x99a0f0e0d9ee776d791d2e55c215d05ccf7286fc,381,381,4,True,2
0xebcf3bca271b26ae4b162ba560e243055af0e679,380,380,14,True,1
0xebcf3bca271b26ae4b162ba560e243055af0e679,379,379,14,True,1
0xebcf3bca271b26ae4b162ba560e243055af0e679,378,378,14,True,1
0xebcf3bca271b26ae4b162ba560e243055af0e679,377,377,14,True,1
0xebcf3bca271b26ae4b162ba560e243055af0e679,376,376,14,True,2
0xebcf3bca271b26ae4b162ba560e243055af0e679,375,375,14,True,2
0x7884a7adf697e18357087fe8f994669042af4ae9,374,374,4,True,1
0x7884a7adf697e18357087fe8f994669042af4ae9,373,373,4,True,2
0xebcf3bca271b26ae4b162ba560e243055af0e679,372,372,14,True,2
0xebcf3bca271b26ae4b162ba560e243055af0e679,371,371,14,True,1
0x99a0f0e0d9ee776d791d2e55c215d05ccf7286fc,370,370,4,True,2
0x99a0f0e0d9ee776d791d2e55c215d05ccf7286fc,369,369,4,True,2
0x7884a7adf697e18357087fe8f994669042af4ae9,368,368,4,True,2
0x99a0f0e0d9ee776d791d2e55c215d05ccf7286fc,367,367,4,True,2
0x7884a7adf697e18357087fe8f994669042af4ae9,366,366,4,True,2
0x7884a7adf697e18357087fe8f994669042af4ae9,365,365,4,True,2
0x99a0f0e0d9ee776d791d2e55c215d05ccf7286fc,364,364,4,True,2
0x99a0f0e0d9ee776d791d2e55c215d05ccf7286fc,363,363,4,True,1
0x99a0f0e0d9ee776d791d2e55c215d05ccf7286fc,362,362,4,True,1
0xebcf3bca271b26ae4b162ba560e243055af0e679,361,361,14,True,2
0x99a0f0e0d9ee776d791d2e55c215d05ccf7286fc,360,360,4,True,1
0x7884a7adf697e18357087fe8f994669042af4ae9,359,359,4,True,1
0x7884a7adf697e18357087fe8f994669042af4ae9,358,358,4,True,1
0x7884a7adf697e18357087fe8f994669042af4ae9,357,357,4,True,2
0x7884a7adf697e18357087fe8f994669042af4ae9,356,356,4,True,1
0x7884a7adf697e18357087fe8f994669042af4ae9,355,355,4,True,1
0x7884a7adf697e18357087fe8f994669042af4ae9,354,354,4,True,2
0x7884a7adf697e18357087fe8f994669042af4ae9,353,353,4,True,2
0x7884a7adf697e18357087fe8f994669042af4ae9,352,352,4,True,2
0x7884a7adf697e18357087fe8f994669042af4ae9,351,351,4,True,2
0x7884a7adf697e18357087fe8f994669042af4ae9,350,350,4,True,2
0x7884a7adf697e18357087fe8f994669042af4ae9,349,349,4,True,2
0x7884a7adf697e18357087fe8f994669042af4ae9,348,348,4,True,2
0x7884a7adf697e18357087fe8f994669042af4ae9,347,347,4,True,2
0x7884a7adf697e18357087fe8f994669042af4ae9,346,346,4,True,2
0x7884a7adf697e18357087fe8f994669042af4ae9,345,345,4,True,0
0x7884a7adf697e18357087fe8f994669042af4ae9,344,344,4,True,1
0x7884a7adf697e18357087fe8f994669042af4ae9,343,343,4,True,1
0xebcf3bca271b26ae4b162ba560e243055af0e679,342,342,14,True,2
0xebcf3bca271b26ae4b162ba560e243055af0e679,341,341,14,True,1
0xebcf3bca271b26ae4b162ba560e243055af0e679,340,340,14,True,2
0xebcf3bca271b26ae4b162ba560e243055af0e679,339,339,14,True,2
0xebcf3bca271b26ae4b162ba560e243055af0e679,338,338,14,True,2
0xebcf3bca271b26ae4b162ba560e243055af0e679,337,337,14,True,2
0xebcf3bca271b26ae4b162ba560e243055af0e679,336,336,14,True,2
0xebcf3bca271b26ae4b162ba560e243055af0e679,335,335,14,True,2
0x7884a7adf697e18357087fe8f994669042af4ae9,334,334,4,True,2
0x99a0f0e0d9ee776d791d2e55c215d05ccf7286fc,333,333,4,True,2
0x7884a7adf697e18357087fe8f994669042af4ae9,332,332,4,True,2
0x7884a7adf697e18357087fe8f994669042af4ae9,331,331,4,True,1
0xebcf3bca271b26ae4b162ba560e243055af0e679,330,330,14,True,1
0x7884a7adf697e18357087fe8f994669042af4ae9,329,329,4,True,1
0x135c573503f70dc290b1d60fe2e7f7eb114febd6,328,328,51,True,2
0xebcf3bca271b26ae4b162ba560e243055af0e679,327,327,14,True,2
0xebcf3bca271b26ae4b162ba560e243055af0e679,326,326,14,True,2
0xebcf3bca271b26ae4b162ba560e243055af0e679,325,325,14,True,2
0xebcf3bca271b26ae4b162ba560e243055af0e679,324,324,14,True,2
0xb72103ee8819f2480c25d306eeab7c3382fba612,323,323,0,True,2
0xebcf3bca271b26ae4b162ba560e243055af0e679,322,322,14,True,2
0xebcf3bca271b26ae4b162ba560e243055af0e679,321,321,14,True,2
0xebcf3bca271b26ae4b162ba560e243055af0e679,320,320,14,True,2
0xebcf3bca271b26ae4b162ba560e243055af0e679,319,319,14,True,2
0xebcf3bca271b26ae4b162ba560e243055af0e679,318,318,14,True,2
0xebcf3bca271b26ae4b162ba560e243055af0e679,317,317,14,True,2
0xebcf3bca271b26ae4b162ba560e243055af0e679,316,316,14,True,2
0xebcf3bca271b26ae4b162ba560e243055af0e679,315,315,14,True,2
0xebcf3bca271b26ae4b162ba560e243055af0e679,314,314,14,True,2
0xebcf3bca271b26ae4b162ba560e243055af0e679,313,313,14,True,2
0x99a0f0e0d9ee776d791d2e55c215d05ccf7286fc,312,312,4,True,2
0xebcf3bca271b26ae4b162ba560e243055af0e679,311,311,14,True,2
0xebcf3bca271b26ae4b162ba560e243055af0e679,310,310,14,True,2
0xebcf3bca271b26ae4b162ba560e243055af0e679,309,309,14,True,2
0xebcf3bca271b26ae4b162ba560e243055af0e679,308,308,14,True,2
0xebcf3bca271b26ae4b162ba560e243055af0e679,307,307,14,True,1
0xebcf3bca271b26ae4b162ba560e243055af0e679,306,306,14,True,2
0xebcf3bca271b26ae4b162ba560e243055af0e679,305,305,14,True,2
0x99a0f0e0d9ee776d791d2e55c215d05ccf7286fc,304,304,4,True,0
0xb72103ee8819f2480c25d306eeab7c3382fba612,303,303,0,True,2
0xd47f72a2d1d0e91b0ec5e5f5d02b2dc26d00a14d,302,302,0,True,1
0x135c573503f70dc290b1d60fe2e7f7eb114febd6,301,301,50,True,1
0xebcf3bca271b26ae4b162ba560e243055af0e679,300,300,14,True,2
0x135c573503f70dc290b1d60fe2e7f7eb114febd6,299,299,49,True,2
0x941b4a0dfdc7f15275a4cb6913b395647bb69fc3,298,298,2,True,1
0x99a0f0e0d9ee776d791d2e55c215d05ccf7286fc,297,297,2,True,2
0x941b4a0dfdc7f15275a4cb6913b395647bb69fc3,296,296,2,True,2
0x941b4a0dfdc7f15275a4cb6913b395647bb69fc3,295,295,2,True,2
0x941b4a0dfdc7f15275a4cb6913b395647bb69fc3,294,294,2,True,2
0x941b4a0dfdc7f15275a4cb6913b395647bb69fc3,293,293,2,True,2
0x941b4a0dfdc7f15275a4cb6913b395647bb69fc3,292,292,2,True,1
0x941b4a0dfdc7f15275a4cb6913b395647bb69fc3,291,291,2,True,2
0x941b4a0dfdc7f15275a4cb6913b395647bb69fc3,290,290,2,True,1
0x99a0f0e0d9ee776d791d2e55c215d05ccf7286fc,289,289,2,True,1
0x7884a7adf697e18357087fe8f994669042af4ae9,288,288,2,True,2
0x941b4a0dfdc7f15275a4cb6913b395647bb69fc3,287,287,2,True,2
0x99a0f0e0d9ee776d791d2e55c215d05ccf7286fc,286,286,2,True,2
0xb72103ee8819f2480c25d306eeab7c3382fba612,285,285,0,True,2
0x941b4a0dfdc7f15275a4cb6913b395647bb69fc3,284,284,2,True,2
0x941b4a0dfdc7f15275a4cb6913b395647bb69fc3,283,283,2,True,2
0x941b4a0dfdc7f15275a4cb6913b395647bb69fc3,282,282,2,True,1
0x941b4a0dfdc7f15275a4cb6913b395647bb69fc3,281,281,2,True,2
0x941b4a0dfdc7f15275a4cb6913b395647bb69fc3,280,280,2,True,2
0x941b4a0dfdc7f15275a4cb6913b395647bb69fc3,279,279,2,True,2
0x941b4a0dfdc7f15275a4cb6913b395647bb69fc3,278,278,2,True,2
0x941b4a0dfdc7f15275a4cb6913b395647bb69fc3,277,277,2,True,2
0x941b4a0dfdc7f15275a4cb6913b395647bb69fc3,276,276,2,True,2
0x941b4a0dfdc7f15275a4cb6913b395647bb69fc3,275,275,2,True,2
0x941b4a0dfdc7f15275a4cb6913b395647bb69fc3,274,274,2,True,2
0x941b4a0dfdc7f15275a4cb6913b395647bb69fc3,273,273,2,True,2
0x941b4a0dfdc7f15275a4cb6913b395647bb69fc3,272,272,2,True,2
0x941b4a0dfdc7f15275a4cb6913b395647bb69fc3,271,271,2,True,2
0x941b4a0dfdc7f15275a4cb6913b395647bb69fc3,270,270,2,True,2
0x941b4a0dfdc7f15275a4cb6913b395647bb69fc3,269,269,2,True,2
0x941b4a0dfdc7f15275a4cb6913b395647bb69fc3,268,268,2,True,2
0x941b4a0dfdc7f15275a4cb6913b395647bb69fc3,267,267,2,True,2
0x941b4a0dfdc7f15275a4cb6913b395647bb69fc3,266,266,2,True,2
0x941b4a0dfdc7f15275a4cb6913b395647bb69fc3,265,265,2,True,1
0x941b4a0dfdc7f15275a4cb6913b395647bb69fc3,264,264,2,True,2
0x941b4a0dfdc7f15275a4cb6913b395647bb69fc3,263,263,2,True,2
0x941b4a0dfdc7f15275a4cb6913b395647bb69fc3,262,262,2,True,2
0x941b4a0dfdc7f15275a4cb6913b395647bb69fc3,261,261,2,True,2
0x941b4a0dfdc7f15275a4cb6913b395647bb69fc3,260,260,2,True,2
0x941b4a0dfdc7f15275a4cb6913b395647bb69fc3,259,259,2,True,1
0x941b4a0dfdc7f15275a4cb6913b395647bb69fc3,258,258,2,True,1
0x941b4a0dfdc7f15275a4cb6913b395647bb69fc3,257,257,2,True,1
0x6f15ca438992d9a4d7281e7e80381c4d904b2a24,256,256,2,True,2
0x6f15ca438992d9a4d7281e7e80381c4d904b2a24,255,255,2,True,2
0x6f15ca438992d9a4d7281e7e80381c4d904b2a24,254,254,2,True,2
0x941b4a0dfdc7f15275a4cb6913b395647bb69fc3,253,253,2,True,2
0xb72103ee8819f2480c25d306eeab7c3382fba612,252,252,0,True,1
0x941b4a0dfdc7f15275a4cb6913b395647bb69fc3,251,251,2,True,2
0x941b4a0dfdc7f15275a4cb6913b395647bb69fc3,250,250,2,True,1
0xb72103ee8819f2480c25d306eeab7c3382fba612,249,249,0,True,1
0xb72103ee8819f2480c25d306eeab7c3382fba612,248,248,0,True,1
0x6f15ca438992d9a4d7281e7e80381c4d904b2a24,247,247,2,True,2
0x6f15ca438992d9a4d7281e7e80381c4d904b2a24,246,246,2,True,2
0x6f15ca438992d9a4d7281e7e80381c4d904b2a24,245,245,2,True,2
0x6f15ca438992d9a4d7281e7e80381c4d904b2a24,244,244,2,True,2
0x99a0f0e0d9ee776d791d2e55c215d05ccf7286fc,243,243,2,True,2
0x6f15ca438992d9a4d7281e7e80381c4d904b2a24,242,242,2,True,2
0x135c573503f70dc290b1d60fe2e7f7eb114febd6,241,241,48,True,1
0x135c573503f70dc290b1d60fe2e7f7eb114febd6,240,240,47,True,2
0x135c573503f70dc290b1d60fe2e7f7eb114febd6,239,239,46,True,2
0x99a0f0e0d9ee776d791d2e55c215d05ccf7286fc,238,238,2,True,2
0x99a0f0e0d9ee776d791d2e55c215d05ccf7286fc,237,237,2,True,1
0x135c573503f70dc290b1d60fe2e7f7eb114febd6,236,236,45,True,2
0x7884a7adf697e18357087fe8f994669042af4ae9,235,235,0,True,1
0x135c573503f70dc290b1d60fe2e7f7eb114febd6,234,234,44,True,1
0x99a0f0e0d9ee776d791d2e55c215d05ccf7286fc,233,233,0,True,2
0x135c573503f70dc290b1d60fe2e7f7eb114febd6,232,232,43,True,2
0x6f15ca438992d9a4d7281e7e80381c4d904b2a24,231,231,0,True,2
0x135c573503f70dc290b1d60fe2e7f7eb114febd6,230,230,42,True,2
0x135c573503f70dc290b1d60fe2e7f7eb114febd6,229,229,41,True,2
0x135c573503f70dc290b1d60fe2e7f7eb114febd6,228,228,40,True,1
0x99a0f0e0d9ee776d791d2e55c215d05ccf7286fc,227,227,0,True,2
0x135c573503f70dc290b1d60fe2e7f7eb114febd6,226,226,39,True,0
0x941b4a0dfdc7f15275a4cb6913b395647bb69fc3,225,225,0,True,2
0x941b4a0dfdc7f15275a4cb6913b395647bb69fc3,224,224,0,True,2
0x135c573503f70dc290b1d60fe2e7f7eb114febd6,223,223,38,True,1
0x135c573503f70dc290b1d60fe2e7f7eb114febd6,222,222,37,True,1
0x135c573503f70dc290b1d60fe2e7f7eb114febd6,221,221,36,True,1
0x135c573503f70dc290b1d60fe2e7f7eb114febd6,220,220,35,True,1
0x135c573503f70dc290b1d60fe2e7f7eb114febd6,219,219,34,True,1
0x941b4a0dfdc7f15275a4cb6913b395647bb69fc3,218,218,0,True,2
0x7884a7adf697e18357087fe8f994669042af4ae9,217,217,0,True,2
0x7884a7adf697e18357087fe8f994669042af4ae9,216,216,0,True,1
0x135c573503f70dc290b1d60fe2e7f7eb114febd6,215,215,33,True,1
0x7884a7adf697e18357087fe8f994669042af4ae9,214,214,0,True,2
0x1e9c3b5f57974beadbd8c28ba918d85b8477c618,213,213,0,True,2
0x135c573503f70dc290b1d60fe2e7f7eb114febd6,212,212,32,True,1
0x99a0f0e0d9ee776d791d2e55c215d05ccf7286fc,211,211,0,True,2
0x7f112a0dc0ac7be95ac3c58532485f60726bb42c,210,210,2,True,2
0x7f112a0dc0ac7be95ac3c58532485f60726bb42c,209,209,6,True,2
0x250aa88c8f54f5e70b94214380342f0d53e42f6c,208,208,6,True,2
0x250aa88c8f54f5e70b94214380342f0d53e42f6c,207,207,2,True,1
0x135c573503f70dc290b1d60fe2e7f7eb114febd6,206,206,31,True,0
0x135c573503f70dc290b1d60fe2e7f7eb114febd6,205,205,30,True,0
0x135c573503f70dc290b1d60fe2e7f7eb114febd6,204,204,29,True,1
0x135c573503f70dc290b1d60fe2e7f7eb114febd6,203,203,28,True,2
0x135c573503f70dc290b1d60fe2e7f7eb114febd6,202,202,27,True,1
0x135c573503f70dc290b1d60fe2e7f7eb114febd6,201,201,26,True,2
0x135c573503f70dc290b1d60fe2e7f7eb114febd6,200,200,25,True,2
0x135c573503f70dc290b1d60fe2e7f7eb114febd6,199,199,24,True,1
0x135c573503f70dc290b1d60fe2e7f7eb114febd6,198,198,23,True,1
0x135c573503f70dc290b1d60fe2e7f7eb114febd6,197,197,22,True,1
0x135c573503f70dc290b1d60fe2e7f7eb114febd6,196,196,21,True,2
0x135c573503f70dc290b1d60fe2e7f7eb114febd6,195,195,20,True,1
0x135c573503f70dc290b1d60fe2e7f7eb114febd6,194,194,19,True,1
0x135c573503f70dc290b1d60fe2e7f7eb114febd6,193,193,18,True,1
0x135c573503f70dc290b1d60fe2e7f7eb114febd6,192,192,17,True,2
0x135c573503f70dc290b1d60fe2e7f7eb114febd6,191,191,16,True,1
0x135c573503f70dc290b1d60fe2e7f7eb114febd6,190,190,15,True,2
0x135c573503f70dc290b1d60fe2e7f7eb114febd6,189,189,14,True,1
0x135c573503f70dc290b1d60fe2e7f7eb114febd6,188,188,13,True,2
0x135c573503f70dc290b1d60fe2e7f7eb114febd6,187,187,12,True,2
0x135c573503f70dc290b1d60fe2e7f7eb114febd6,186,186,11,True,1
0x135c573503f70dc290b1d60fe2e7f7eb114febd6,185,185,10,True,2
0xebcf3bca271b26ae4b162ba560e243055af0e679,184,184,14,True,1
0xebcf3bca271b26ae4b162ba560e243055af0e679,183,183,14,True,2
0xebcf3bca271b26ae4b162ba560e243055af0e679,182,182,14,True,2
0x135c573503f70dc290b1d60fe2e7f7eb114febd6,181,181,9,True,1
0x135c573503f70dc290b1d60fe2e7f7eb114febd6,180,180,8,True,2
0x135c573503f70dc290b1d60fe2e7f7eb114febd6,179,179,7,True,1
0x135c573503f70dc290b1d60fe2e7f7eb114febd6,178,178,6,True,1
0x135c573503f70dc290b1d60fe2e7f7eb114febd6,177,177,5,True,1
0x135c573503f70dc290b1d60fe2e7f7eb114febd6,176,176,4,True,1
0x135c573503f70dc290b1d60fe2e7f7eb114febd6,175,175,3,True,2
0x135c573503f70dc290b1d60fe2e7f7eb114febd6,174,174,2,True,2
0x135c573503f70dc290b1d60fe2e7f7eb114febd6,173,173,1,True,2
0x135c573503f70dc290b1d60fe2e7f7eb114febd6,172,172,0,True,1
0xebcf3bca271b26ae4b162ba560e243055af0e679,171,171,14,True,2
0xc7e49251807780dfbbca72778890b80bd946590b,170,170,12,True,2
0xc7e49251807780dfbbca72778890b80bd946590b,169,169,11,True,1
0x0d67440946949fe293b45c52efd8a9b3d51e2522,168,168,21,True,1
0xc7e49251807780dfbbca72778890b80bd946590b,167,167,10,True,1
0xc7e49251807780dfbbca72778890b80bd946590b,166,166,9,True,1
0xc7e49251807780dfbbca72778890b80bd946590b,165,165,8,True,2
0xc7e49251807780dfbbca72778890b80bd946590b,164,164,7,True,1
0xc7e49251807780dfbbca72778890b80bd946590b,163,163,6,True,1
0xc7e49251807780dfbbca72778890b80bd946590b,162,162,5,True,1
0xc7e49251807780dfbbca72778890b80bd946590b,161,161,4,True,1
0xebcf3bca271b26ae4b162ba560e243055af0e679,160,160,14,True,2
0xc7e49251807780dfbbca72778890b80bd946590b,159,159,3,True,1
0xc7e49251807780dfbbca72778890b80bd946590b,158,158,2,True,1
0xc7e49251807780dfbbca72778890b80bd946590b,157,157,1,True,2
0x126697b552b83f08c7ebebae8d13eae2871e4e1e,156,156,0,True,0
0xc7e49251807780dfbbca72778890b80bd946590b,155,155,0,True,1
0xebcf3bca271b26ae4b162ba560e243055af0e679,154,154,12,True,2
0xebcf3bca271b26ae4b162ba560e243055af0e679,153,153,12,True,2
0xebcf3bca271b26ae4b162ba560e243055af0e679,152,152,12,True,2
0xd7e143715a4244634d74201959372e81a3623a2a,151,151,0,True,1
0x594ec762b59978c97c82bc36ab493ed8b1f1f368,150,150,0,True,0
0x701cabaf65ed3974925fb94988842a29d2ce7aa3,149,149,0,True,1
0xebcf3bca271b26ae4b162ba560e243055af0e679,148,148,12,True,2
0xebcf3bca271b26ae4b162ba560e243055af0e679,147,147,12,True,2
0xebcf3bca271b26ae4b162ba560e243055af0e679,146,146,12,True,2
0xf65c7560d6ce320cc3a16a07f1f65aab66396b9e,145,145,9,True,2
0xf65c7560d6ce320cc3a16a07f1f65aab66396b9e,144,144,8,True,1
0xf65c7560d6ce320cc3a16a07f1f65aab66396b9e,143,143,7,True,1
0xf65c7560d6ce320cc3a16a07f1f65aab66396b9e,142,142,6,True,2
0xf65c7560d6ce320cc3a16a07f1f65aab66396b9e,141,141,5,True,2
0xf65c7560d6ce320cc3a16a07f1f65aab66396b9e,140,140,4,True,2
0xf65c7560d6ce320cc3a16a07f1f65aab66396b9e,139,139,3,True,2
0xf65c7560d6ce320cc3a16a07f1f65aab66396b9e,138,138,2,True,1
0xebcf3bca271b26ae4b162ba560e243055af0e679,137,137,12,True,1
0xebcf3bca271b26ae4b162ba560e243055af0e679,136,136,12,True,2
0xebcf3bca271b26ae4b162ba560e243055af0e679,135,135,12,True,1
0xebcf3bca271b26ae4b162ba560e243055af0e679,134,134,12,True,2
0xebcf3bca271b26ae4b162ba560e243055af0e679,133,133,12,True,2
0xebcf3bca271b26ae4b162ba560e243055af0e679,132,132,12,True,1
0xf65c7560d6ce320cc3a16a07f1f65aab66396b9e,131,131,1,True,1
0xebcf3bca271b26ae4b162ba560e243055af0e679,130,130,12,True,1
0xf65c7560d6ce320cc3a16a07f1f65aab66396b9e,129,129,0,True,1
0xebcf3bca271b26ae4b162ba560e243055af0e679,128,128,13,True,1
0xebcf3bca271b26ae4b162ba560e243055af0e679,127,127,12,True,2
0xebcf3bca271b26ae4b162ba560e243055af0e679,126,126,12,True,2
0xebcf3bca271b26ae4b162ba560e243055af0e679,125,125,12,True,2
0xebcf3bca271b26ae4b162ba560e243055af0e679,124,124,12,True,2
0xc9a3cd210cc9c11982c3acf7b7bf9b1083242cb6,123,123,1,True,0
0xebcf3bca271b26ae4b162ba560e243055af0e679,122,122,12,True,1
0xc9a3cd210cc9c11982c3acf7b7bf9b1083242cb6,121,121,0,True,1
0xd8bf5114796ed28aa52cff61e1b9ef4ec1f69a54,120,120,2,True,1
0xebcf3bca271b26ae4b162ba560e243055af0e679,119,119,12,True,2
0xebcf3bca271b26ae4b162ba560e243055af0e679,118,118,12,True,2
0xebcf3bca271b26ae4b162ba560e243055af0e679,117,117,12,True,2
0xebcf3bca271b26ae4b162ba560e243055af0e679,116,116,12,True,2
0xebcf3bca271b26ae4b162ba560e243055af0e679,115,115,12,True,2
0xebcf3bca271b26ae4b162ba560e243055af0e679,114,114,12,True,2
0xebcf3bca271b26ae4b162ba560e243055af0e679,113,113,12,True,2
0xd8bf5114796ed28aa52cff61e1b9ef4ec1f69a54,112,112,1,True,2
0xe0cf18e8630545aa553f88079c75dae56b8fb304,111,111,2,True,2
0xebcf3bca271b26ae4b162ba560e243055af0e679,110,110,12,True,2
0xd8bf5114796ed28aa52cff61e1b9ef4ec1f69a54,109,109,0,True,1
0x799cb978dea5d6ca00ccb1794d3c3d4c89e40cd1,108,108,2,False,0
0x799cb978dea5d6ca00ccb1794d3c3d4c89e40cd1,107,107,1,False,0
0xcb4aae35333193232421e86cd2e9b6c91f3b125f,106,106,0,True,2
0x799cb978dea5d6ca00ccb1794d3c3d4c89e40cd1,105,105,0,False,0
0x916deab80dfbc7030277047cd18b233b3ce5b4ab,104,104,6,True,2
0xebcf3bca271b26ae4b162ba560e243055af0e679,103,103,10,True,2
0x916deab80dfbc7030277047cd18b233b3ce5b4ab,102,102,6,True,1
0xebcf3bca271b26ae4b162ba560e243055af0e679,101,101,10,True,2
0xebcf3bca271b26ae4b162ba560e243055af0e679,100,100,10,True,2
0xebcf3bca271b26ae4b162ba560e243055af0e679,99,99,10,True,2
0xebcf3bca271b26ae4b162ba560e243055af0e679,98,98,10,True,1
0xebcf3bca271b26ae4b162ba560e243055af0e679,97,97,10,True,1
0xebcf3bca271b26ae4b162ba560e243055af0e679,96,96,10,True,2
0x916deab80dfbc7030277047cd18b233b3ce5b4ab,95,95,6,True,2
0xebcf3bca271b26ae4b162ba560e243055af0e679,94,94,10,True,2
0xebcf3bca271b26ae4b162ba560e243055af0e679,93,93,10,True,2
0x0d67440946949fe293b45c52efd8a9b3d51e2522,92,92,1,True,1
0xebcf3bca271b26ae4b162ba560e243055af0e679,91,91,10,True,2
0xcb4aae35333193232421e86cd2e9b6c91f3b125f,90,90,0,True,1
0x916deab80dfbc7030277047cd18b233b3ce5b4ab,89,89,6,True,2
0xebcf3bca271b26ae4b162ba560e243055af0e679,88,88,10,True,2
0xebcf3bca271b26ae4b162ba560e243055af0e679,87,87,10,True,1
0x916deab80dfbc7030277047cd18b233b3ce5b4ab,86,86,6,True,2
0xebcf3bca271b26ae4b162ba560e243055af0e679,85,85,10,True,2
0xebcf3bca271b26ae4b162ba560e243055af0e679,84,84,10,True,2
0x916deab80dfbc7030277047cd18b233b3ce5b4ab,83,83,6,True,2
0x916deab80dfbc7030277047cd18b233b3ce5b4ab,82,82,6,True,2
0xebcf3bca271b26ae4b162ba560e243055af0e679,81,81,10,True,2
0xebcf3bca271b26ae4b162ba560e243055af0e679,80,80,10,True,1
0xebcf3bca271b26ae4b162ba560e243055af0e679,79,79,10,True,1
0xebcf3bca271b26ae4b162ba560e243055af0e679,78,78,10,True,2
0xebcf3bca271b26ae4b162ba560e243055af0e679,77,77,10,True,2
0xebcf3bca271b26ae4b162ba560e243055af0e679,76,76,10,True,1
0xebcf3bca271b26ae4b162ba560e243055af0e679,75,75,10,True,2
0xebcf3bca271b26ae4b162ba560e243055af0e679,74,74,11,True,1
0xebcf3bca271b26ae4b162ba560e243055af0e679,73,73,11,True,1
0xebcf3bca271b26ae4b162ba560e243055af0e679,72,72,11,True,1
0xebcf3bca271b26ae4b162ba560e243055af0e679,71,71,11,True,1
0xebcf3bca271b26ae4b162ba560e243055af0e679,70,70,10,True,2
0xebcf3bca271b26ae4b162ba560e243055af0e679,69,69,11,True,1
0xebcf3bca271b26ae4b162ba560e243055af0e679,68,68,10,True,1
0xebcf3bca271b26ae4b162ba560e243055af0e679,67,67,10,True,2
0xebcf3bca271b26ae4b162ba560e243055af0e679,66,66,10,True,2
0xebcf3bca271b26ae4b162ba560e243055af0e679,65,65,10,True,1
0xebcf3bca271b26ae4b162ba560e243055af0e679,64,64,10,True,2
0xebcf3bca271b26ae4b162ba560e243055af0e679,63,63,10,True,2
0x916deab80dfbc7030277047cd18b233b3ce5b4ab,62,62,6,True,2
0x916deab80dfbc7030277047cd18b233b3ce5b4ab,61,61,6,True,2
0xebcf3bca271b26ae4b162ba560e243055af0e679,60,60,8,True,2
0xebcf3bca271b26ae4b162ba560e243055af0e679,59,59,8,True,2
0xebcf3bca271b26ae4b162ba560e243055af0e679,58,58,8,True,2
0xebcf3bca271b26ae4b162ba560e243055af0e679,57,57,8,True,2
0xebcf3bca271b26ae4b162ba560e243055af0e679,56,56,8,True,1
0xebcf3bca271b26ae4b162ba560e243055af0e679,55,55,8,True,2
0xebcf3bca271b26ae4b162ba560e243055af0e679,54,54,6,True,2
0xebcf3bca271b26ae4b162ba560e243055af0e679,53,53,6,True,1
0xebcf3bca271b26ae4b162ba560e243055af0e679,52,52,6,True,2
0xebcf3bca271b26ae4b162ba560e243055af0e679,51,51,6,True,1
0xebcf3bca271b26ae4b162ba560e243055af0e679,50,50,6,True,2
0xebcf3bca271b26ae4b162ba560e243055af0e679,49,49,6,True,2
0xebcf3bca271b26ae4b162ba560e243055af0e679,48,48,6,True,2
0xebcf3bca271b26ae4b162ba560e243055af0e679,47,47,6,True,2
0xebcf3bca271b26ae4b162ba560e243055af0e679,46,46,6,True,2
0xebcf3bca271b26ae4b162ba560e243055af0e679,45,45,6,True,1
0xebcf3bca271b26ae4b162ba560e243055af0e679,44,44,6,True,1
0xebcf3bca271b26ae4b162ba560e243055af0e679,43,43,6,True,1
0xebcf3bca271b26ae4b162ba560e243055af0e679,42,42,6,True,2
0xebcf3bca271b26ae4b162ba560e243055af0e679,41,41,6,True,1
0xebcf3bca271b26ae4b162ba560e243055af0e679,40,40,6,True,2
0xebcf3bca271b26ae4b162ba560e243055af0e679,39,39,6,True,1
0xebcf3bca271b26ae4b162ba560e243055af0e679,38,38,6,True,2
0xebcf3bca271b26ae4b162ba560e243055af0e679,37,37,6,True,2
0xebcf3bca271b26ae4b162ba560e243055af0e679,36,36,6,True,2
0xebcf3bca271b26ae4b162ba560e243055af0e679,35,35,6,True,2
0xebcf3bca271b26ae4b162ba560e243055af0e679,34,34,6,True,2
0xebcf3bca271b26ae4b162ba560e243055af0e679,33,33,6,True,2
0xebcf3bca271b26ae4b162ba560e243055af0e679,32,32,6,True,1
0xebcf3bca271b26ae4b162ba560e243055af0e679,31,31,6,True,2
0xebcf3bca271b26ae4b162ba560e243055af0e679,30,30,6,True,2
0xebcf3bca271b26ae4b162ba560e243055af0e679,29,29,6,True,2
0xebcf3bca271b26ae4b162ba560e243055af0e679,28,28,6,True,2
0xebcf3bca271b26ae4b162ba560e243055af0e679,27,27,6,True,2
0x46580533db92c418a79f91b46df70283daef7f99,26,26,1,True,0
0xebcf3bca271b26ae4b162ba560e243055af0e679,25,25,6,True,2
0xebcf3bca271b26ae4b162ba560e243055af0e679,24,24,6,True,2
0xebcf3bca271b26ae4b162ba560e243055af0e679,23,23,6,True,2
0xebcf3bca271b26ae4b162ba560e243055af0e679,22,22,6,True,2
0x916deab80dfbc7030277047cd18b233b3ce5b4ab,21,21,4,True,2
0xebcf3bca271b26ae4b162ba560e243055af0e679,20,20,6,True,2
0xebcf3bca271b26ae4b162ba560e243055af0e679,19,19,6,True,2
0xebcf3bca271b26ae4b162ba560e243055af0e679,18,18,6,True,2
0x916deab80dfbc7030277047cd18b233b3ce5b4ab,17,17,4,True,2
0x916deab80dfbc7030277047cd18b233b3ce5b4ab,16,16,4,True,2
0xebcf3bca271b26ae4b162ba560e243055af0e679,15,15,6,True,2
0x916deab80dfbc7030277047cd18b233b3ce5b4ab,14,14,4,True,2
0xebcf3bca271b26ae4b162ba560e243055af0e679,13,13,6,True,1
0xebcf3bca271b26ae4b162ba560e243055af0e679,12,12,6,True,2
0xebcf3bca271b26ae4b162ba560e243055af0e679,11,11,6,True,2
0xebcf3bca271b26ae4b162ba560e243055af0e679,10,10,7,True,2
0x916deab80dfbc7030277047cd18b233b3ce5b4ab,9,9,2,True,2
0xebcf3bca271b26ae4b162ba560e243055af0e679,8,8,4,True,1
0xebcf3bca271b26ae4b162ba560e243055af0e679,7,7,4,True,1
0xebcf3bca271b26ae4b162ba560e243055af0e679,6,6,4,True,2
0xebcf3bca271b26ae4b162ba560e243055af0e679,5,5,4,True,2
0xebcf3bca271b26ae4b162ba560e243055af0e679,4,4,4,True,2
0xebcf3bca271b26ae4b162ba560e243055af0e679,3,3,4,True,2
0xebcf3bca271b26ae4b162ba560e243055af0e679,2,2,4,True,2
0xebcf3bca271b26ae4b162ba560e243055af0e679,1,1,4,True,2
0xebcf3bca271b26ae4b162ba560e243055af0e679,0,0,0,True,2
