disputeId,appeal,voteId,juror,choice,voted
1659,0,0,0x9b29085866daE2AC0611BE9C5191101CEb2c6D53,2,True
1659,0,1,0x5e7B645d5Bf86750CB1913122ba8A8545e2A9FD1,0,False
1659,0,2,0x5e7B645d5Bf86750CB1913122ba8A8545e2A9FD1,0,False
1658,0,0,0x2fF064D951996C9fe70d6Ba22D8684F37B2e24eC,4243172405,True
1658,0,1,0x2fF064D951996C9fe70d6Ba22D8684F37B2e24eC,4243172405,True
1658,0,2,0x8C44F97eC20525c016E7647405fba5F6ac24a9DA,4243172404000000000000000001,True
1658,0,3,0x2fF064D951996C9fe70d6Ba22D8684F37B2e24eC,4243172405,True
1658,0,4,0x2fF064D951996C9fe70d6Ba22D8684F37B2e24eC,4243172405,True
1658,0,5,0x2fF064D951996C9fe70d6Ba22D8684F37B2e24eC,4243172405,True
1658,0,6,0x2fF064D951996C9fe70d6Ba22D8684F37B2e24eC,4243172405,True
1658,0,7,0x2fF064D951996C9fe70d6Ba22D8684F37B2e24eC,4243172405,True
1658,0,8,0x2fF064D951996C9fe70d6Ba22D8684F37B2e24eC,4243172405,True
1658,0,9,0x2fF064D951996C9fe70d6Ba22D8684F37B2e24eC,4243172405,True
1658,0,10,0x2fF064D951996C9fe70d6Ba22D8684F37B2e24eC,4243172405,True
1658,0,11,0x2fF064D951996C9fe70d6Ba22D8684F37B2e24eC,4243172405,True
1658,0,12,0x2fF064D951996C9fe70d6Ba22D8684F37B2e24eC,4243172405,True
1658,0,13,0x2fF064D951996C9fe70d6Ba22D8684F37B2e24eC,4243172405,True
1658,0,14,0x2fF064D951996C9fe70d6Ba22D8684F37B2e24eC,4243172405,True
1657,0,0,0x930c54fD12Bc507DE14ce3967E715e6D9cD70ec4,115792089237316195423570985008687907853269984665640564039457584007913129639935,True
1657,0,1,0x08EF7dd64c2839c17db78203248E585A5366d01e,115792089237316195423570985008687907853269984665640564039457584007913129639935,True
1657,0,2,0x849D52316331967b6fF1198e5E32A0eB168D039d,115792089237316195423570985008687907853269984665640564039457584007913129639935,True
1657,0,3,0xe95a8F9818d6D8685D1177630415BD3738d29147,0,False
1657,0,4,0x3A38dba307b17512B781d478fB95Dd1CD376c187,115792089237316195423570985008687907853269984665640564039457584007913129639935,True
1657,0,5,0xA4867d6ae55974270005E543791C51cb0B2A07dE,0,True
1657,0,6,0xe51aA7a47b80b2a16e6BA10093484bcFeaEc49aE,115792089237316195423570985008687907853269984665640564039457584007913129639935,True
1657,0,7,0x849D52316331967b6fF1198e5E32A0eB168D039d,115792089237316195423570985008687907853269984665640564039457584007913129639935,True
1657,0,8,0x3A38dba307b17512B781d478fB95Dd1CD376c187,115792089237316195423570985008687907853269984665640564039457584007913129639935,True
1657,0,9,0x6120f29ccb5b1DDaa5a747235F257Ef6cB47970F,0,True
1657,0,10,0xF3B0baDAf1Ffc24b30056e97dB9611Cc14f5D891,115792089237316195423570985008687907853269984665640564039457584007913129639935,True
1657,0,11,0x5Aa490e17edf4dE7e8699C5465061Ab44c017993,115792089237316195423570985008687907853269984665640564039457584007913129639935,True
1657,0,12,0x8C44F97eC20525c016E7647405fba5F6ac24a9DA,115792089237316195423570985008687907853269984665640564039457584007913129639935,True
1657,0,13,0x9cf55A520A22ed26760AF804018dd25Dd5072694,0,False
1657,0,14,0xc189f7f9bb4e32b570Acd4177eC653cb512eeF1d,0,False
1657,0,15,0x7B35772A63dcE9B0e8E97fA0a410B2c4D76381Bd,0,False
1657,0,16,0x930c54fD12Bc507DE14ce3967E715e6D9cD70ec4,115792089237316195423570985008687907853269984665640564039457584007913129639935,True
1657,0,17,0x6120f29ccb5b1DDaa5a747235F257Ef6cB47970F,0,True
1657,0,18,0x930c54fD12Bc507DE14ce3967E715e6D9cD70ec4,115792089237316195423570985008687907853269984665640564039457584007913129639935,True
1657,0,19,0x849D52316331967b6fF1198e5E32A0eB168D039d,115792089237316195423570985008687907853269984665640564039457584007913129639935,True
1657,0,20,0x3A38dba307b17512B781d478fB95Dd1CD376c187,115792089237316195423570985008687907853269984665640564039457584007913129639935,True
1657,0,21,0xF9eaab27B00b9bBc8FBFA6c58DC2653bef4B461a,0,True
1657,0,22,0x849D52316331967b6fF1198e5E32A0eB168D039d,115792089237316195423570985008687907853269984665640564039457584007913129639935,True
1657,0,23,0x369D5fEB8C7C55373Cf5be8C0b1180EA272c85c6,115792089237316195423570985008687907853269984665640564039457584007913129639935,True
1657,0,24,0x59fb64a07eD45803aB40c0Fc4B15930Ac350D0c0,0,True
1657,0,25,0x334F12AfB7D8740868bE04719639616533075234,115792089237316195423570985008687907853269984665640564039457584007913129639935,True
1657,0,26,0x6a59b37bdE2D80878a019e824026E462192B7b66,0,False
1657,0,27,0xC2e02535829667715E089C7c4dec3BdCB5c484F5,0,True
1657,0,28,0x52aeD8Dc30876B18689aE89321DaE6FcD901517E,0,False
1657,0,29,0x6120f29ccb5b1DDaa5a747235F257Ef6cB47970F,0,True
1657,0,30,0x930c54fD12Bc507DE14ce3967E715e6D9cD70ec4,115792089237316195423570985008687907853269984665640564039457584007913129639935,True
1656,0,0,0x849D52316331967b6fF1198e5E32A0eB168D039d,2,True
1656,0,1,0x930c54fD12Bc507DE14ce3967E715e6D9cD70ec4,2,True
1656,0,2,0x59fb64a07eD45803aB40c0Fc4B15930Ac350D0c0,2,True
1656,0,3,0x334F12AfB7D8740868bE04719639616533075234,2,True
1656,0,4,0x9cf55A520A22ed26760AF804018dd25Dd5072694,2,True
1656,0,5,0xc6d63A94B556239ccDe8905129032Dcd8627e079,0,True
1656,0,6,0x334F12AfB7D8740868bE04719639616533075234,2,True
1656,0,7,0xC1316c97b73bDd460e2A55718E36b20D2C2D4dd1,2,True
1656,0,8,0x56C4EB8698Ee1Ba394CF85690F5d1d06F74587Be,0,False
1656,0,9,0x59fb64a07eD45803aB40c0Fc4B15930Ac350D0c0,2,True
1656,0,10,0x6b5830736DFf7A25bc54F7fEf8a796BAAd500b27,2,True
1656,0,11,0x23f283a4E2DbCeB8286799eAc13d83ee928D9B44,2,True
1656,0,12,0x334F12AfB7D8740868bE04719639616533075234,2,True
1656,0,13,0x849D52316331967b6fF1198e5E32A0eB168D039d,2,True
1656,0,14,0x334F12AfB7D8740868bE04719639616533075234,2,True
1656,0,15,0xc6d63A94B556239ccDe8905129032Dcd8627e079,0,True
1656,0,16,0xc6d63A94B556239ccDe8905129032Dcd8627e079,0,True
1656,0,17,0xc6d63A94B556239ccDe8905129032Dcd8627e079,0,True
1656,0,18,0xcec06DA38fB008b2934B4163f690438F117D80E6,2,True
1656,0,19,0xC2e02535829667715E089C7c4dec3BdCB5c484F5,2,True
1656,0,20,0x849D52316331967b6fF1198e5E32A0eB168D039d,2,True
1656,0,21,0x6120f29ccb5b1DDaa5a747235F257Ef6cB47970F,2,True
1656,0,22,0x9b29085866daE2AC0611BE9C5191101CEb2c6D53,1,True
1656,0,23,0x3A38dba307b17512B781d478fB95Dd1CD376c187,2,True
1656,0,24,0x2e879c8F58A470ec71cfB8F49cf4513122E46964,0,False
1656,0,25,0x4cb5E653404E1CA4eF4CEE496f3f677483508d66,0,False
1656,0,26,0x930c54fD12Bc507DE14ce3967E715e6D9cD70ec4,2,True
1656,0,27,0x3A38dba307b17512B781d478fB95Dd1CD376c187,2,True
1656,0,28,0x5e7B645d5Bf86750CB1913122ba8A8545e2A9FD1,2,True
1656,0,29,0x2e879c8F58A470ec71cfB8F49cf4513122E46964,0,False
1656,0,30,0x334F12AfB7D8740868bE04719639616533075234,2,True
1655,0,0,0xe5DD78C224F26E306c84A9B1aa2DEF30bdf15835,1,True
1655,0,1,0x6120f29ccb5b1DDaa5a747235F257Ef6cB47970F,1,True
1655,0,2,0xc6d63A94B556239ccDe8905129032Dcd8627e079,0,False
1655,0,3,0xc6d63A94B556239ccDe8905129032Dcd8627e079,0,False
1655,0,4,0x3A38dba307b17512B781d478fB95Dd1CD376c187,1,True
1655,0,5,0xA33d400E91342D6e4dcE8c5584F706b4Ea000bA6,0,False
1655,0,6,0xf35Bf057bcd469ed2E80b54eD2ecddC385E7e630,1,True
1655,0,7,0x6120f29ccb5b1DDaa5a747235F257Ef6cB47970F,1,True
1655,0,8,0x60DA07cFb273051AA9827dABFfcD298c305cd00D,1,True
1655,0,9,0x930c54fD12Bc507DE14ce3967E715e6D9cD70ec4,1,True
1655,0,10,0xC2e02535829667715E089C7c4dec3BdCB5c484F5,1,True
1655,0,11,0x7547813A31D2eFF8ebacaea457F0dC361dc46954,1,True
1655,0,12,0x930c54fD12Bc507DE14ce3967E715e6D9cD70ec4,1,True
1655,0,13,0x930c54fD12Bc507DE14ce3967E715e6D9cD70ec4,1,True
1655,0,14,0x69624640535E70a158FE9C2FA1DB4E5e4827A32e,1,True
1655,0,15,0x930c54fD12Bc507DE14ce3967E715e6D9cD70ec4,1,True
1655,0,16,0x334F12AfB7D8740868bE04719639616533075234,1,True
1655,0,17,0x2fF064D951996C9fe70d6Ba22D8684F37B2e24eC,1,True
1655,0,18,0xC2e02535829667715E089C7c4dec3BdCB5c484F5,1,True
1655,0,19,0x215C050A6a9f8105c48BBDd0df6524799188cFF4,1,True
1655,0,20,0xDEc2b9BA91c2dAf554482D42143906f382b0283b,0,False
1655,0,21,0x6120f29ccb5b1DDaa5a747235F257Ef6cB47970F,1,True
1655,0,22,0x930c54fD12Bc507DE14ce3967E715e6D9cD70ec4,1,True
1655,0,23,0x930c54fD12Bc507DE14ce3967E715e6D9cD70ec4,1,True
1655,0,24,0xc6d63A94B556239ccDe8905129032Dcd8627e079,0,False
1655,0,25,0xc6d63A94B556239ccDe8905129032Dcd8627e079,0,False
1655,0,26,0x9b29085866daE2AC0611BE9C5191101CEb2c6D53,1,True
1655,0,27,0x11Cf1a92bd127336b33C2ed86FE13A9ee628733f,0,True
1655,0,28,0x59fb64a07eD45803aB40c0Fc4B15930Ac350D0c0,1,True
1655,0,29,0xE90d6144d31b90839d4d3018cB1Fa2ddC9f16ed6,0,False
1655,0,30,0x334F12AfB7D8740868bE04719639616533075234,1,True
1654,0,0,0x334F12AfB7D8740868bE04719639616533075234,2,True
1654,0,1,0x3A38dba307b17512B781d478fB95Dd1CD376c187,2,True
1654,0,2,0xEa29aD75F8F2Fae17d16C299FF362e18C775ba48,2,True
1654,0,3,0x60DA07cFb273051AA9827dABFfcD298c305cd00D,2,True
1654,0,4,0x7547813A31D2eFF8ebacaea457F0dC361dc46954,2,True
1654,0,5,0x334F12AfB7D8740868bE04719639616533075234,2,True
1654,0,6,0x849D52316331967b6fF1198e5E32A0eB168D039d,0,False
1654,0,7,0xC1316c97b73bDd460e2A55718E36b20D2C2D4dd1,0,True
1654,0,8,0x60DA07cFb273051AA9827dABFfcD298c305cd00D,2,True
1654,0,9,0x6b5830736DFf7A25bc54F7fEf8a796BAAd500b27,0,False
1654,0,10,0x849D52316331967b6fF1198e5E32A0eB168D039d,0,False
1654,0,11,0x849D52316331967b6fF1198e5E32A0eB168D039d,0,False
1654,0,12,0x849D52316331967b6fF1198e5E32A0eB168D039d,0,False
1654,0,13,0x8C44F97eC20525c016E7647405fba5F6ac24a9DA,2,True
1654,0,14,0xC1316c97b73bDd460e2A55718E36b20D2C2D4dd1,0,True
1654,0,15,0x8C44F97eC20525c016E7647405fba5F6ac24a9DA,2,True
1654,0,16,0x3A38dba307b17512B781d478fB95Dd1CD376c187,2,True
1654,0,17,0x930c54fD12Bc507DE14ce3967E715e6D9cD70ec4,2,True
1654,0,18,0x45340796dB27e919783f2DE329A87776b14e1Ca2,0,True
1654,0,19,0x11Cf1a92bd127336b33C2ed86FE13A9ee628733f,2,True
1654,0,20,0xC2e02535829667715E089C7c4dec3BdCB5c484F5,2,True
1654,0,21,0x3A38dba307b17512B781d478fB95Dd1CD376c187,2,True
1654,0,22,0x334F12AfB7D8740868bE04719639616533075234,2,True
1654,0,23,0x6120f29ccb5b1DDaa5a747235F257Ef6cB47970F,2,True
1654,0,24,0x379E9883833baF8402414BEF58858cC8c84624d9,0,False
1654,0,25,0x7fe15a3DBbb0aAA4Dec351d9F6fE7FfB5490E86C,2,True
1654,0,26,0x3A38dba307b17512B781d478fB95Dd1CD376c187,2,True
1654,0,27,0xE86e325C60d1C69f6020BDf54cD17bd715Db3156,2,True
1654,0,28,0x930c54fD12Bc507DE14ce3967E715e6D9cD70ec4,2,True
1654,0,29,0x3A38dba307b17512B781d478fB95Dd1CD376c187,2,True
1654,0,30,0xC2e02535829667715E089C7c4dec3BdCB5c484F5,2,True
1653,0,0,0x58E603d9824976F7a3940C6B408F0Ffa523a216C,2,True
1652,0,0,0x849D52316331967b6fF1198e5E32A0eB168D039d,115792089237316195423570985008687907853269984665640564039457584007913129639935,True
1652,0,1,0xc9327D156b05A5b83D2eB1251EFa1d2ff7A23850,0,False
1652,0,2,0x56C4EB8698Ee1Ba394CF85690F5d1d06F74587Be,0,False
1652,0,3,0xc6d63A94B556239ccDe8905129032Dcd8627e079,0,False
1652,0,4,0x930c54fD12Bc507DE14ce3967E715e6D9cD70ec4,115792089237316195423570985008687907853269984665640564039457584007913129639935,True
1652,0,5,0x334F12AfB7D8740868bE04719639616533075234,115792089237316195423570985008687907853269984665640564039457584007913129639935,True
1652,0,6,0xC2e02535829667715E089C7c4dec3BdCB5c484F5,115792089237316195423570985008687907853269984665640564039457584007913129639935,True
1652,0,7,0x849D52316331967b6fF1198e5E32A0eB168D039d,115792089237316195423570985008687907853269984665640564039457584007913129639935,True
1652,0,8,0x849D52316331967b6fF1198e5E32A0eB168D039d,115792089237316195423570985008687907853269984665640564039457584007913129639935,True
1652,0,9,0xB01a495A04Ea596F470D35B44BBcEBECc26374f6,0,False
1652,0,10,0xc6d63A94B556239ccDe8905129032Dcd8627e079,0,False
1652,0,11,0xc6d63A94B556239ccDe8905129032Dcd8627e079,0,False
1652,0,12,0xc6d63A94B556239ccDe8905129032Dcd8627e079,0,False
1652,0,13,0xB6C63a6c024CA00b2596cEb7f844616df141dF2F,0,False
1652,0,14,0x930c54fD12Bc507DE14ce3967E715e6D9cD70ec4,115792089237316195423570985008687907853269984665640564039457584007913129639935,True
1652,0,15,0xc6d63A94B556239ccDe8905129032Dcd8627e079,0,False
1652,0,16,0x9cf55A520A22ed26760AF804018dd25Dd5072694,0,False
1652,0,17,0x9b29085866daE2AC0611BE9C5191101CEb2c6D53,115792089237316195423570985008687907853269984665640564039457584007913129639935,True
1652,0,18,0x3A38dba307b17512B781d478fB95Dd1CD376c187,115792089237316195423570985008687907853269984665640564039457584007913129639935,True
1652,0,19,0x334F12AfB7D8740868bE04719639616533075234,115792089237316195423570985008687907853269984665640564039457584007913129639935,True
1652,0,20,0x731BbeF5d64Ce510CcdaB893396Ab495884a8aE4,0,False
1652,0,21,0xB01a495A04Ea596F470D35B44BBcEBECc26374f6,0,False
1652,0,22,0xC2e02535829667715E089C7c4dec3BdCB5c484F5,115792089237316195423570985008687907853269984665640564039457584007913129639935,True
1652,0,23,0x60DA07cFb273051AA9827dABFfcD298c305cd00D,115792089237316195423570985008687907853269984665640564039457584007913129639935,True
1652,0,24,0x08EF7dd64c2839c17db78203248E585A5366d01e,115792089237316195423570985008687907853269984665640564039457584007913129639935,True
1652,0,25,0x849D52316331967b6fF1198e5E32A0eB168D039d,115792089237316195423570985008687907853269984665640564039457584007913129639935,True
1652,0,26,0xC1316c97b73bDd460e2A55718E36b20D2C2D4dd1,0,False
1652,0,27,0x574C1b19d8C40fb897B66C4d681E876FFE41Ee50,0,True
1652,0,28,0x849D52316331967b6fF1198e5E32A0eB168D039d,115792089237316195423570985008687907853269984665640564039457584007913129639935,True
1652,0,29,0x8C44F97eC20525c016E7647405fba5F6ac24a9DA,0,True
1652,0,30,0x11Cf1a92bd127336b33C2ed86FE13A9ee628733f,2,True
1651,0,0,0xB01a495A04Ea596F470D35B44BBcEBECc26374f6,0,False
1651,0,1,0x3A38dba307b17512B781d478fB95Dd1CD376c187,0,True
1651,0,2,0x1E0833f26b038ff022EcA9eBAeD90e83c606E41e,0,False
1651,0,3,0x52aeD8Dc30876B18689aE89321DaE6FcD901517E,0,False
1651,0,4,0x849D52316331967b6fF1198e5E32A0eB168D039d,0,True
1651,0,5,0xc6d63A94B556239ccDe8905129032Dcd8627e079,0,False
1651,0,6,0x9cf55A520A22ed26760AF804018dd25Dd5072694,0,False
1651,0,7,0xB6C63a6c024CA00b2596cEb7f844616df141dF2F,0,False
1651,0,8,0xB6C63a6c024CA00b2596cEb7f844616df141dF2F,0,False
1651,0,9,0xD952fB344DDAcC0c0e8c23cc686C10d5Dda11A97,0,True
1651,0,10,0x54f58056d6943b2e4567d16010F927C07110BfEE,0,False
1651,0,11,0xF035561dcE033DeD865E15E69dB06cfFC88d9213,0,True
1651,0,12,0xF035561dcE033DeD865E15E69dB06cfFC88d9213,0,True
1651,0,13,0x930c54fD12Bc507DE14ce3967E715e6D9cD70ec4,0,True
1651,0,14,0x7B35772A63dcE9B0e8E97fA0a410B2c4D76381Bd,0,False
1651,0,15,0xe95a8F9818d6D8685D1177630415BD3738d29147,0,True
1651,0,16,0x6120f29ccb5b1DDaa5a747235F257Ef6cB47970F,0,True
1651,0,17,0xB6C63a6c024CA00b2596cEb7f844616df141dF2F,0,False
1651,0,18,0x8C44F97eC20525c016E7647405fba5F6ac24a9DA,0,True
1651,0,19,0x9cf55A520A22ed26760AF804018dd25Dd5072694,0,False
1651,0,20,0x930c54fD12Bc507DE14ce3967E715e6D9cD70ec4,0,True
1651,0,21,0xc6d63A94B556239ccDe8905129032Dcd8627e079,0,False
1651,0,22,0x334F12AfB7D8740868bE04719639616533075234,0,True
1651,0,23,0x78CA63EaBAE22125cC8D16Ef66d595432D1A240e,0,True
1651,0,24,0xc6d63A94B556239ccDe8905129032Dcd8627e079,0,False
1651,0,25,0xB01a495A04Ea596F470D35B44BBcEBECc26374f6,0,False
1651,0,26,0xcec06DA38fB008b2934B4163f690438F117D80E6,0,False
1651,0,27,0x930c54fD12Bc507DE14ce3967E715e6D9cD70ec4,0,True
1651,0,28,0xc6d63A94B556239ccDe8905129032Dcd8627e079,0,False
1651,0,29,0xC2e02535829667715E089C7c4dec3BdCB5c484F5,0,True
1651,0,30,0x849D52316331967b6fF1198e5E32A0eB168D039d,0,True
1650,0,0,0xc6d63A94B556239ccDe8905129032Dcd8627e079,0,False
1650,0,1,0x930c54fD12Bc507DE14ce3967E715e6D9cD70ec4,115792089237316195423570985008687907853269984665640564039457584007913129639935,True
1650,0,2,0x731BbeF5d64Ce510CcdaB893396Ab495884a8aE4,0,False
1650,0,3,0x334F12AfB7D8740868bE04719639616533075234,115792089237316195423570985008687907853269984665640564039457584007913129639935,True
1650,0,4,0xc6d63A94B556239ccDe8905129032Dcd8627e079,0,False
1650,0,5,0x930c54fD12Bc507DE14ce3967E715e6D9cD70ec4,115792089237316195423570985008687907853269984665640564039457584007913129639935,True
1650,0,6,0x334F12AfB7D8740868bE04719639616533075234,115792089237316195423570985008687907853269984665640564039457584007913129639935,True
1650,0,7,0xB01a495A04Ea596F470D35B44BBcEBECc26374f6,0,False
1650,0,8,0x7B35772A63dcE9B0e8E97fA0a410B2c4D76381Bd,0,False
1650,0,9,0xc6d63A94B556239ccDe8905129032Dcd8627e079,0,False
1650,0,10,0xc6d63A94B556239ccDe8905129032Dcd8627e079,0,False
1650,0,11,0xc6d63A94B556239ccDe8905129032Dcd8627e079,0,False
1650,0,12,0xc6d63A94B556239ccDe8905129032Dcd8627e079,0,False
1650,0,13,0x930c54fD12Bc507DE14ce3967E715e6D9cD70ec4,115792089237316195423570985008687907853269984665640564039457584007913129639935,True
1650,0,14,0xc9327D156b05A5b83D2eB1251EFa1d2ff7A23850,0,False
1650,0,15,0x3A38dba307b17512B781d478fB95Dd1CD376c187,115792089237316195423570985008687907853269984665640564039457584007913129639935,True
1650,0,16,0xc6d63A94B556239ccDe8905129032Dcd8627e079,0,False
1650,0,17,0x9b29085866daE2AC0611BE9C5191101CEb2c6D53,115792089237316195423570985008687907853269984665640564039457584007913129639935,True
1650,0,18,0xc6d63A94B556239ccDe8905129032Dcd8627e079,0,False
1650,0,19,0xa350122a590FC6c8BEE981a06039436Fff79C02A,115792089237316195423570985008687907853269984665640564039457584007913129639935,True
1650,0,20,0xC2e02535829667715E089C7c4dec3BdCB5c484F5,115792089237316195423570985008687907853269984665640564039457584007913129639935,True
1650,0,21,0x9b29085866daE2AC0611BE9C5191101CEb2c6D53,115792089237316195423570985008687907853269984665640564039457584007913129639935,True
1650,0,22,0x930c54fD12Bc507DE14ce3967E715e6D9cD70ec4,115792089237316195423570985008687907853269984665640564039457584007913129639935,True
1650,0,23,0xc487753eB785bfa57a64DA00243dA550Ed309894,0,False
1650,0,24,0xc6d63A94B556239ccDe8905129032Dcd8627e079,0,False
1650,0,25,0x5e7B645d5Bf86750CB1913122ba8A8545e2A9FD1,115792089237316195423570985008687907853269984665640564039457584007913129639935,True
1650,0,26,0x6120f29ccb5b1DDaa5a747235F257Ef6cB47970F,0,True
1650,0,27,0x5e7B645d5Bf86750CB1913122ba8A8545e2A9FD1,115792089237316195423570985008687907853269984665640564039457584007913129639935,True
1650,0,28,0x849D52316331967b6fF1198e5E32A0eB168D039d,115792089237316195423570985008687907853269984665640564039457584007913129639935,True
1650,0,29,0xe95a8F9818d6D8685D1177630415BD3738d29147,115792089237316195423570985008687907853269984665640564039457584007913129639935,True
1650,0,30,0x67D3E754580A2835C49fd8959f2dc7fd57EaF33B,0,False
1649,0,0,0xc6d63A94B556239ccDe8905129032Dcd8627e079,0,False
1649,0,1,0x930c54fD12Bc507DE14ce3967E715e6D9cD70ec4,2,True
1649,0,2,0x930c54fD12Bc507DE14ce3967E715e6D9cD70ec4,2,True
1648,0,0,0xe5DD78C224F26E306c84A9B1aa2DEF30bdf15835,2,True
1647,0,0,0x379E9883833baF8402414BEF58858cC8c84624d9,1,True
1646,0,0,0xe5DD78C224F26E306c84A9B1aa2DEF30bdf15835,1,True
1645,0,0,0xaE996BF0a9D122ce1DdDEfe7732920b6c1539C29,0,False
1644,0,0,0xd0eA237f5782373Cf947bF74379325746Eb48C80,0,False
1643,0,0,0xAd6e644ccA176eE0924fBCfF3045587625261122,0,False
1643,1,0,0x93f019498198E81BF4FD8aa03E7a53A467A5cA2e,2,True
1643,1,1,0x69624640535E70a158FE9C2FA1DB4E5e4827A32e,2,True
1643,1,2,0x7644c9C10D6A2C970BF3cb50E957e3fEAacE6CB2,2,True
1642,0,0,0x78CA63EaBAE22125cC8D16Ef66d595432D1A240e,2,True
1641,0,0,0x204004ec231bC8f989dA8C643F536DC653f7E5c2,2,True
1640,0,0,0x74e3591425325a35E41e0e230D7D8686c7912ab4,0,False
1639,0,0,0x9cbC6d767cEB67B5f45E673538B848697a81f365,2,True
1638,0,0,0xe5DD78C224F26E306c84A9B1aa2DEF30bdf15835,2,True
1637,0,0,0x9cbC6d767cEB67B5f45E673538B848697a81f365,2,True
1636,0,0,0x9cbC6d767cEB67B5f45E673538B848697a81f365,2,True
1635,0,0,0x78CA63EaBAE22125cC8D16Ef66d595432D1A240e,2,True
1634,0,0,0x215C050A6a9f8105c48BBDd0df6524799188cFF4,2,True
1633,0,0,0xa63cB29dE16607Dd5Ac18b6CB65BeAD58D04AC25,2,True
1632,0,0,0x9cbC6d767cEB67B5f45E673538B848697a81f365,2,True
1631,0,0,0x204004ec231bC8f989dA8C643F536DC653f7E5c2,2,True
1630,0,0,0x857CD16a827db79369fF9920E94E22fb916D2D3D,2,True
1629,0,0,0x4dFF727Fd5002DAd7E028c6987c394F1913C2137,2,True
1628,0,0,0x2E66504963b7C948E77B17A803419F67e72d1290,2,True
1627,0,0,0x857CD16a827db79369fF9920E94E22fb916D2D3D,0,False
1627,1,0,0x1545981eb44Bbd109Fc3D73269B22D796460Ca85,0,False
1627,1,1,0x7380ac41fe003d937B4535fAAf79885A3bfcfA92,2,True
1627,1,2,0x22cA86624cF039d5DD769E5087D6c4D47269A544,0,False
1626,0,0,0x13674fF44C631dc134De6B6a15Fa3fA7A354d773,1,True
1625,0,0,0x9cbC6d767cEB67B5f45E673538B848697a81f365,2,True
1624,0,0,0xD59C8cAe4be5fE5324B76825D34FB329a909D3fD,0,False
1623,0,0,0x0032dd3EcfF7B672A8E2C28FCAb1Aa1cC50F81f1,2,True
1622,0,0,0x9bed1adBF31D4C6517a78b157B0648bD7C696A36,2,True
1621,0,0,0x9b29085866daE2AC0611BE9C5191101CEb2c6D53,2,True
1621,0,1,0x9b29085866daE2AC0611BE9C5191101CEb2c6D53,2,True
1621,0,2,0xa350122a590FC6c8BEE981a06039436Fff79C02A,2,True
1621,0,3,0x9b29085866daE2AC0611BE9C5191101CEb2c6D53,2,True
1621,0,4,0x9b29085866daE2AC0611BE9C5191101CEb2c6D53,2,True
1620,0,0,0xE86e325C60d1C69f6020BDf54cD17bd715Db3156,0,False
1619,0,0,0xC0B53221A7dbcbcE68441C26ea4DA73266D6bc20,2,True
1618,0,0,0x6C4E6f11eA59704abf39D0BBdF3bCbc31548aB4D,2,True
1617,0,0,0x22cA86624cF039d5DD769E5087D6c4D47269A544,2,True
1616,0,0,0x7644c9C10D6A2C970BF3cb50E957e3fEAacE6CB2,2,True
1615,0,0,0x55122fdcA4BA43294677D96C12CE76dAbc459A2B,2,True
1614,0,0,0x857CD16a827db79369fF9920E94E22fb916D2D3D,2,True
1613,0,0,0xBEB084f2dC75E38Eac9A5C093428A541fc74ff2c,2,True
1612,0,0,0xD390D1351aFd0FBC45dAf2D94273F1611672708a,0,False
1611,0,0,0x55122fdcA4BA43294677D96C12CE76dAbc459A2B,1,True
1610,0,0,0x0c4B65bEAdb705b927Ab68a1B00055f74579F997,2,True
1609,0,0,0x788177Fc9d375afBF342bfc4C7c01dEAD0BF0E8a,1,True
1608,0,0,0x788177Fc9d375afBF342bfc4C7c01dEAD0BF0E8a,1,True
1607,0,0,0x60DA07cFb273051AA9827dABFfcD298c305cd00D,0,False
1606,0,0,0xC0B53221A7dbcbcE68441C26ea4DA73266D6bc20,2,True
1605,0,0,0x60DA07cFb273051AA9827dABFfcD298c305cd00D,2,True
1604,0,0,0x8d93471Dfd2A9D9bDc56eDee93f3fc57B8078D68,1,True
1604,1,0,0xBEB084f2dC75E38Eac9A5C093428A541fc74ff2c,2,True
1604,1,1,0x2E66504963b7C948E77B17A803419F67e72d1290,2,True
1604,1,2,0x87B335ff8F18be5F048cf6197ea48CcD1aec4377,2,True
1603,0,0,0x60DA07cFb273051AA9827dABFfcD298c305cd00D,2,True
1602,0,0,0x857CD16a827db79369fF9920E94E22fb916D2D3D,2,True
1601,0,0,0x9e5a387374958ADD656DD2908679E42643697189,2,True
1600,0,0,0x87B335ff8F18be5F048cf6197ea48CcD1aec4377,2,True
1599,0,0,0xbC192A222F215783b24EFeD1B63B5E7349ee0d81,2,True
1598,0,0,0x22cA86624cF039d5DD769E5087D6c4D47269A544,2,True
1597,0,0,0xBEB084f2dC75E38Eac9A5C093428A541fc74ff2c,2,True
1596,0,0,0x60DA07cFb273051AA9827dABFfcD298c305cd00D,0,False
1595,0,0,0x9b29085866daE2AC0611BE9C5191101CEb2c6D53,1,True
1595,0,1,0x95EaD4F11A86DE0b44d2C7A5Fb0688Ad03c80202,1,True
1595,0,2,0x95EaD4F11A86DE0b44d2C7A5Fb0688Ad03c80202,1,True
1595,0,3,0xa350122a590FC6c8BEE981a06039436Fff79C02A,1,True
1595,0,4,0x95EaD4F11A86DE0b44d2C7A5Fb0688Ad03c80202,1,True
1594,0,0,0xF035561dcE033DeD865E15E69dB06cfFC88d9213,2,True
1593,0,0,0x7644c9C10D6A2C970BF3cb50E957e3fEAacE6CB2,2,True
1592,0,0,0x0B757D70e6911fD5c3E7e8157da0069ce7657f34,2,True
1591,0,0,0x0B757D70e6911fD5c3E7e8157da0069ce7657f34,2,True
1590,0,0,0x857CD16a827db79369fF9920E94E22fb916D2D3D,2,True
1589,0,0,0x87B335ff8F18be5F048cf6197ea48CcD1aec4377,2,True
1589,1,0,0xD390D1351aFd0FBC45dAf2D94273F1611672708a,2,True
1589,1,1,0x78CA63EaBAE22125cC8D16Ef66d595432D1A240e,2,True
1589,1,2,0xb5351C351D7e862274FF77D6075176Bb76fc90cf,0,False
1588,0,0,0xE92b1b809333a4850Ace1f6861e19A730DFEE717,2,True
1587,0,0,0x0d0C51021A80C4002c14593d5c2fCCF22D2eb475,2,True
1586,0,0,0xCcA4eD05c36A61676c5369f5122E57E56Eba2fAE,1,True
1586,0,1,0xD4Af88Df3c7338ee4D1C5387487A85fC8D799fD3,0,False
1586,0,2,0x574C1b19d8C40fb897B66C4d681E876FFE41Ee50,1,True
1586,0,3,0xc6d63A94B556239ccDe8905129032Dcd8627e079,0,False
1586,0,4,0xc6d63A94B556239ccDe8905129032Dcd8627e079,0,False
1586,0,5,0xc6d63A94B556239ccDe8905129032Dcd8627e079,0,False
1586,0,6,0xc6d63A94B556239ccDe8905129032Dcd8627e079,0,False
1586,0,7,0x857CD16a827db79369fF9920E94E22fb916D2D3D,1,True
1586,0,8,0x930c54fD12Bc507DE14ce3967E715e6D9cD70ec4,1,True
1586,0,9,0xF035561dcE033DeD865E15E69dB06cfFC88d9213,2,True
1586,0,10,0x3A38dba307b17512B781d478fB95Dd1CD376c187,1,True
1586,0,11,0x9e5a387374958ADD656DD2908679E42643697189,1,True
1586,0,12,0x930c54fD12Bc507DE14ce3967E715e6D9cD70ec4,1,True
1586,0,13,0x5C9238b55b318C928Fb1da8D2B28BcCecd7AF125,0,False
1586,0,14,0xc6d63A94B556239ccDe8905129032Dcd8627e079,0,False
1586,0,15,0xc6d63A94B556239ccDe8905129032Dcd8627e079,0,False
1586,0,16,0x930c54fD12Bc507DE14ce3967E715e6D9cD70ec4,1,True
1586,0,17,0x930c54fD12Bc507DE14ce3967E715e6D9cD70ec4,1,True
1586,0,18,0xc6d63A94B556239ccDe8905129032Dcd8627e079,0,False
1586,0,19,0x1E0833f26b038ff022EcA9eBAeD90e83c606E41e,0,False
1586,0,20,0x21478A81Be650Ca1C03e04Fe615bfE6d5478fC5E,2,True
1586,0,21,0x3A38dba307b17512B781d478fB95Dd1CD376c187,1,True
1586,0,22,0xb3918A0Ef94590a0efbCD117B0f2C26bC280a5D4,1,True
1586,0,23,0xD952fB344DDAcC0c0e8c23cc686C10d5Dda11A97,1,True
1586,0,24,0x930c54fD12Bc507DE14ce3967E715e6D9cD70ec4,1,True
1586,0,25,0xFAe184739fBAa9c796fd0a28e96AEE2A295567e4,0,False
1586,0,26,0x375eAbB196a2D27A23Aa7b410E391b970273c484,0,False
1586,0,27,0x6Bd41fCdF129297c3524395d669c0865b3CA85B2,0,False
1586,0,28,0xc495ad35FD5AE432970087773cbb87C9ec70aEbd,1,True
1586,0,29,0x930c54fD12Bc507DE14ce3967E715e6D9cD70ec4,1,True
1586,0,30,0x4Cf25cc40610269E7c6Cf5C0a76EdA5513A1e13a,2,True
1585,0,0,0x2E66504963b7C948E77B17A803419F67e72d1290,2,True
1584,0,0,0xD390D1351aFd0FBC45dAf2D94273F1611672708a,2,True
1583,0,0,0xfEE51d3eA7D4D57105F653403FF01A75bb1125B2,2,True
1582,0,0,0x55122fdcA4BA43294677D96C12CE76dAbc459A2B,2,True
1581,0,0,0xE86e325C60d1C69f6020BDf54cD17bd715Db3156,2,True
1580,0,0,0x87B335ff8F18be5F048cf6197ea48CcD1aec4377,0,False
1579,0,0,0xD390D1351aFd0FBC45dAf2D94273F1611672708a,2,True
1578,0,0,0xf35Bf057bcd469ed2E80b54eD2ecddC385E7e630,2,True
1577,0,0,0x22cA86624cF039d5DD769E5087D6c4D47269A544,2,True
1576,0,0,0xBEB084f2dC75E38Eac9A5C093428A541fc74ff2c,2,True
1575,0,0,0xD390D1351aFd0FBC45dAf2D94273F1611672708a,1,True
1575,1,0,0x1D9a3491E28c2E688d9C3C846391eeF345d68C6c,2,True
1575,1,1,0x60DA07cFb273051AA9827dABFfcD298c305cd00D,2,True
1575,1,2,0xf35Bf057bcd469ed2E80b54eD2ecddC385E7e630,0,True
1574,0,0,0x7644c9C10D6A2C970BF3cb50E957e3fEAacE6CB2,2,True
1573,0,0,0xE8503e5Aa7dA97c1929410E9d7A8784cf975212f,0,False
1572,0,0,0x87B335ff8F18be5F048cf6197ea48CcD1aec4377,2,True
1571,0,0,0x1D9a3491E28c2E688d9C3C846391eeF345d68C6c,1,True
1570,0,0,0xD390D1351aFd0FBC45dAf2D94273F1611672708a,2,True
1569,0,0,0xd0eA237f5782373Cf947bF74379325746Eb48C80,2,True
1568,0,0,0xBEB084f2dC75E38Eac9A5C093428A541fc74ff2c,2,True
1567,0,0,0x1FcB32c860b9F4c0DF99d1fd54E7CE958E9e93cC,2,True
1566,0,0,0x444804E050961823d66c60CAD8ce7C8Bf80ee7C2,0,False
1565,0,0,0x444804E050961823d66c60CAD8ce7C8Bf80ee7C2,2,True
1564,0,0,0x87B335ff8F18be5F048cf6197ea48CcD1aec4377,2,True
1563,0,0,0x60DA07cFb273051AA9827dABFfcD298c305cd00D,0,False
1562,0,0,0xfEE51d3eA7D4D57105F653403FF01A75bb1125B2,2,True
1561,0,0,0x87B335ff8F18be5F048cf6197ea48CcD1aec4377,2,True
1560,0,0,0x87B335ff8F18be5F048cf6197ea48CcD1aec4377,2,True
1559,0,0,0x87B335ff8F18be5F048cf6197ea48CcD1aec4377,2,True
1559,1,0,0x208d058c63f973e6753f1bde554F8E431f1A11Eb,2,True
1559,1,1,0x60DA07cFb273051AA9827dABFfcD298c305cd00D,2,True
1559,1,2,0xE86e325C60d1C69f6020BDf54cD17bd715Db3156,2,True
1558,0,0,0xD390D1351aFd0FBC45dAf2D94273F1611672708a,2,True
1558,0,1,0x87B335ff8F18be5F048cf6197ea48CcD1aec4377,2,True
1558,0,2,0x69624640535E70a158FE9C2FA1DB4E5e4827A32e,2,True
1557,0,0,0x60DA07cFb273051AA9827dABFfcD298c305cd00D,2,True
1557,0,1,0xD390D1351aFd0FBC45dAf2D94273F1611672708a,2,True
1557,0,2,0x10707F6060E7B3565A784628633DCe54AF9f0D01,1,True
1557,1,0,0x0d0C51021A80C4002c14593d5c2fCCF22D2eb475,1,True
1557,1,1,0xE92b1b809333a4850Ace1f6861e19A730DFEE717,1,True
1557,1,2,0xf35Bf057bcd469ed2E80b54eD2ecddC385E7e630,2,True
1557,1,3,0x10707F6060E7B3565A784628633DCe54AF9f0D01,1,True
1557,1,4,0x1F06339Dd63F78711532164de493AE05e2b8B4b8,1,True
1557,1,5,0xc6d63A94B556239ccDe8905129032Dcd8627e079,1,True
1557,1,6,0xD390D1351aFd0FBC45dAf2D94273F1611672708a,1,True
1556,0,0,0xBEB084f2dC75E38Eac9A5C093428A541fc74ff2c,2,True
1555,0,0,0x0B757D70e6911fD5c3E7e8157da0069ce7657f34,2,True
1554,0,0,0x87B335ff8F18be5F048cf6197ea48CcD1aec4377,2,True
1553,0,0,0xc6d63A94B556239ccDe8905129032Dcd8627e079,2,True
1552,0,0,0x87B335ff8F18be5F048cf6197ea48CcD1aec4377,2,True
1551,0,0,0x22cA86624cF039d5DD769E5087D6c4D47269A544,2,True
1550,0,0,0xD390D1351aFd0FBC45dAf2D94273F1611672708a,2,True
1549,0,0,0xfEE51d3eA7D4D57105F653403FF01A75bb1125B2,2,True
1549,0,1,0x9b29085866daE2AC0611BE9C5191101CEb2c6D53,2,True
1549,0,2,0x9b29085866daE2AC0611BE9C5191101CEb2c6D53,2,True
1548,0,0,0x78CA63EaBAE22125cC8D16Ef66d595432D1A240e,2,True
1548,0,1,0xD59C8cAe4be5fE5324B76825D34FB329a909D3fD,2,True
1548,0,2,0xc3A1b0600BA577587B6F9441aBf5bAA9f0804819,2,True
1547,0,0,0xfEE51d3eA7D4D57105F653403FF01A75bb1125B2,2,True
1546,0,0,0x33CaF240767cF48acFae99c9A3Dd2b8e7164d89C,2,True
1545,0,0,0xE86e325C60d1C69f6020BDf54cD17bd715Db3156,2,True
1544,0,0,0xE86e325C60d1C69f6020BDf54cD17bd715Db3156,2,True
1543,0,0,0x857CD16a827db79369fF9920E94E22fb916D2D3D,2,True
1542,0,0,0xc29c6F66E771f602c9DcdB19485e5284C59c6915,1,True
1542,1,0,0xcD69BD84f20eA1919CB842D4421Ba7e4Cb99a427,2,True
1542,1,1,0x857CD16a827db79369fF9920E94E22fb916D2D3D,2,True
1542,1,2,0x91CcBaB90e454213c6E61FdA4662d47107C83E69,2,True
1541,0,0,0x379E9883833baF8402414BEF58858cC8c84624d9,2,True
1540,0,0,0xcD69BD84f20eA1919CB842D4421Ba7e4Cb99a427,0,False
1539,0,0,0xD390D1351aFd0FBC45dAf2D94273F1611672708a,1,True
1539,1,0,0x46fd7e91400833E8AdbEb65E8231718cdd74fa83,0,False
1539,1,1,0x208d058c63f973e6753f1bde554F8E431f1A11Eb,2,True
1539,1,2,0xE86e325C60d1C69f6020BDf54cD17bd715Db3156,2,True
1538,0,0,0xDdDe2bF74b6e159FE1EcdEB8eE1b058bece131E8,1,True
1538,0,1,0x9bed1adBF31D4C6517a78b157B0648bD7C696A36,2,True
1538,0,2,0xBEB084f2dC75E38Eac9A5C093428A541fc74ff2c,2,True
1537,0,0,0xd0eA237f5782373Cf947bF74379325746Eb48C80,2,True
1537,1,0,0x4C728474925da183b41c4eB73A624D01812a020b,0,False
1537,1,1,0xDdDe2bF74b6e159FE1EcdEB8eE1b058bece131E8,1,True
1537,1,2,0x9bed1adBF31D4C6517a78b157B0648bD7C696A36,1,True
1536,0,0,0x1D9a3491E28c2E688d9C3C846391eeF345d68C6c,0,False
1535,0,0,0x215C050A6a9f8105c48BBDd0df6524799188cFF4,2,True
1534,0,0,0xFD4bA0A1C08E0aF938A2B1AC06E8937c8535eC93,1,True
1533,0,0,0x788177Fc9d375afBF342bfc4C7c01dEAD0BF0E8a,1,True
1532,0,0,0xf35Bf057bcd469ed2E80b54eD2ecddC385E7e630,2,True
1531,0,0,0xfEE51d3eA7D4D57105F653403FF01A75bb1125B2,2,True
1530,0,0,0xd583122180fFB695b6FB0ECB500819B187C87362,0,False
1530,0,1,0x60DA07cFb273051AA9827dABFfcD298c305cd00D,2,True
1530,0,2,0xc29c6F66E771f602c9DcdB19485e5284C59c6915,0,True
1529,0,0,0xf35Bf057bcd469ed2E80b54eD2ecddC385E7e630,0,False
1528,0,0,0x55122fdcA4BA43294677D96C12CE76dAbc459A2B,2,True
1527,0,0,0xBEB084f2dC75E38Eac9A5C093428A541fc74ff2c,2,True
1526,0,0,0x6C4E6f11eA59704abf39D0BBdF3bCbc31548aB4D,1,True
1525,0,0,0x1D9a3491E28c2E688d9C3C846391eeF345d68C6c,2,True
1524,0,0,0xB2a85dA2Ecc3fFB4d3a730E119D8cAB5743096FC,0,False
1523,0,0,0x91CcBaB90e454213c6E61FdA4662d47107C83E69,2,True
1523,0,1,0x2598ddBEeCD659D56F1918a5973C927B129b13eC,1,True
1523,0,2,0x60DA07cFb273051AA9827dABFfcD298c305cd00D,2,True
1522,0,0,0x55122fdcA4BA43294677D96C12CE76dAbc459A2B,2,True
1521,0,0,0x33CaF240767cF48acFae99c9A3Dd2b8e7164d89C,1,True
1520,0,0,0x1D9a3491E28c2E688d9C3C846391eeF345d68C6c,2,True
1519,0,0,0x55122fdcA4BA43294677D96C12CE76dAbc459A2B,2,True
1518,0,0,0xc29c6F66E771f602c9DcdB19485e5284C59c6915,2,True
1517,0,0,0xfEE51d3eA7D4D57105F653403FF01A75bb1125B2,2,True
1516,0,0,0x60DA07cFb273051AA9827dABFfcD298c305cd00D,0,False
1515,0,0,0xfEE51d3eA7D4D57105F653403FF01A75bb1125B2,1,True
1514,0,0,0xf35Bf057bcd469ed2E80b54eD2ecddC385E7e630,2,True
1513,0,0,0x55122fdcA4BA43294677D96C12CE76dAbc459A2B,2,True
1512,0,0,0x7644c9C10D6A2C970BF3cb50E957e3fEAacE6CB2,2,True
1511,0,0,0xfEE51d3eA7D4D57105F653403FF01A75bb1125B2,2,True
1510,0,0,0xd0eA237f5782373Cf947bF74379325746Eb48C80,2,True
1509,0,0,0xf35Bf057bcd469ed2E80b54eD2ecddC385E7e630,2,True
1508,0,0,0xCB1aF9001e941A3e04ed04FB0f169ABB6CA35aFc,1,True
1507,0,0,0xc29c6F66E771f602c9DcdB19485e5284C59c6915,1,True
1506,0,0,0x06F166E11d765aE936E7ec36777E1b4B6f0Cb83B,0,False
1505,0,0,0xf35Bf057bcd469ed2E80b54eD2ecddC385E7e630,2,True
1504,0,0,0x91CcBaB90e454213c6E61FdA4662d47107C83E69,2,True
1504,1,0,0xF035561dcE033DeD865E15E69dB06cfFC88d9213,2,True
1504,1,1,0xFD4bA0A1C08E0aF938A2B1AC06E8937c8535eC93,2,True
1504,1,2,0xbC192A222F215783b24EFeD1B63B5E7349ee0d81,1,True
1503,0,0,0xf35Bf057bcd469ed2E80b54eD2ecddC385E7e630,2,True
1502,0,0,0x60DA07cFb273051AA9827dABFfcD298c305cd00D,2,True
1501,0,0,0x857CD16a827db79369fF9920E94E22fb916D2D3D,2,True
1500,0,0,0x204004ec231bC8f989dA8C643F536DC653f7E5c2,2,True
1499,0,0,0xD59C8cAe4be5fE5324B76825D34FB329a909D3fD,2,True
1498,0,0,0xfEE51d3eA7D4D57105F653403FF01A75bb1125B2,2,True
1497,0,0,0xf35Bf057bcd469ed2E80b54eD2ecddC385E7e630,2,True
1496,0,0,0xcD69BD84f20eA1919CB842D4421Ba7e4Cb99a427,2,True
1495,0,0,0x4C728474925da183b41c4eB73A624D01812a020b,0,True
1495,0,1,0x60DA07cFb273051AA9827dABFfcD298c305cd00D,2,True
1495,0,2,0x2598ddBEeCD659D56F1918a5973C927B129b13eC,1,True
1494,0,0,0xd0eA237f5782373Cf947bF74379325746Eb48C80,2,True
1493,0,0,0x204004ec231bC8f989dA8C643F536DC653f7E5c2,2,True
1492,0,0,0xFD4bA0A1C08E0aF938A2B1AC06E8937c8535eC93,2,True
1491,0,0,0x06F166E11d765aE936E7ec36777E1b4B6f0Cb83B,0,False
1490,0,0,0x379E9883833baF8402414BEF58858cC8c84624d9,1,True
1490,1,0,0x2598ddBEeCD659D56F1918a5973C927B129b13eC,1,True
1490,1,1,0x60DA07cFb273051AA9827dABFfcD298c305cd00D,0,False
1490,1,2,0x1D9a3491E28c2E688d9C3C846391eeF345d68C6c,1,True
1489,0,0,0xfEE51d3eA7D4D57105F653403FF01A75bb1125B2,2,True
1488,0,0,0xf35Bf057bcd469ed2E80b54eD2ecddC385E7e630,2,True
1487,0,0,0x1F06339Dd63F78711532164de493AE05e2b8B4b8,1,True
1486,0,0,0xBEB084f2dC75E38Eac9A5C093428A541fc74ff2c,2,True
1485,0,0,0xf35Bf057bcd469ed2E80b54eD2ecddC385E7e630,2,True
1484,0,0,0xF035561dcE033DeD865E15E69dB06cfFC88d9213,2,True
1483,0,0,0x8d93471Dfd2A9D9bDc56eDee93f3fc57B8078D68,1,True
1482,0,0,0x78CA63EaBAE22125cC8D16Ef66d595432D1A240e,1,True
1482,1,0,0xD390D1351aFd0FBC45dAf2D94273F1611672708a,1,True
1482,1,1,0xFD4bA0A1C08E0aF938A2B1AC06E8937c8535eC93,1,True
1482,1,2,0x69624640535E70a158FE9C2FA1DB4E5e4827A32e,1,True
1481,0,0,0x9e5a387374958ADD656DD2908679E42643697189,2,True
1480,0,0,0xd0eA237f5782373Cf947bF74379325746Eb48C80,2,True
1479,0,0,0xFD4bA0A1C08E0aF938A2B1AC06E8937c8535eC93,2,True
1478,0,0,0x55122fdcA4BA43294677D96C12CE76dAbc459A2B,2,True
1477,0,0,0x87B335ff8F18be5F048cf6197ea48CcD1aec4377,2,True
1476,0,0,0xfEE51d3eA7D4D57105F653403FF01A75bb1125B2,2,True
1475,0,0,0x208d058c63f973e6753f1bde554F8E431f1A11Eb,2,True
1474,0,0,0x208d058c63f973e6753f1bde554F8E431f1A11Eb,2,True
1473,0,0,0x87B335ff8F18be5F048cf6197ea48CcD1aec4377,2,True
1472,0,0,0x215C050A6a9f8105c48BBDd0df6524799188cFF4,2,True
1471,0,0,0x87B335ff8F18be5F048cf6197ea48CcD1aec4377,2,True
1470,0,0,0xfEE51d3eA7D4D57105F653403FF01A75bb1125B2,2,True
1469,0,0,0xf35Bf057bcd469ed2E80b54eD2ecddC385E7e630,2,True
1468,0,0,0xFA95d683f5AF39CBaC80Fb75Bb51D646f8780e85,2,True
1467,0,0,0xf35Bf057bcd469ed2E80b54eD2ecddC385E7e630,2,True
1466,0,0,0xE86e325C60d1C69f6020BDf54cD17bd715Db3156,2,True
1465,0,0,0x1D9a3491E28c2E688d9C3C846391eeF345d68C6c,2,True
1464,0,0,0x9e5a387374958ADD656DD2908679E42643697189,2,True
1464,1,0,0xB52F13d7AA7b6523683ffDaA37942294B0B71B06,0,False
1464,1,1,0xfEE51d3eA7D4D57105F653403FF01A75bb1125B2,2,True
1464,1,2,0xBEB084f2dC75E38Eac9A5C093428A541fc74ff2c,2,True
1463,0,0,0xD59C8cAe4be5fE5324B76825D34FB329a909D3fD,2,True
1462,0,0,0xf35Bf057bcd469ed2E80b54eD2ecddC385E7e630,2,True
1462,1,0,0x55122fdcA4BA43294677D96C12CE76dAbc459A2B,2,True
1462,1,1,0x60DA07cFb273051AA9827dABFfcD298c305cd00D,2,True
1462,1,2,0x60DA07cFb273051AA9827dABFfcD298c305cd00D,2,True
1461,0,0,0x69624640535E70a158FE9C2FA1DB4E5e4827A32e,2,True
1460,0,0,0x87B335ff8F18be5F048cf6197ea48CcD1aec4377,2,True
1459,0,0,0x9bed1adBF31D4C6517a78b157B0648bD7C696A36,1,True
1458,0,0,0x2598ddBEeCD659D56F1918a5973C927B129b13eC,1,True
1457,0,0,0x0d0C51021A80C4002c14593d5c2fCCF22D2eb475,2,True
1456,0,0,0xfEE51d3eA7D4D57105F653403FF01A75bb1125B2,1,True
1455,0,0,0xf35Bf057bcd469ed2E80b54eD2ecddC385E7e630,1,True
1454,0,0,0xb3A5cfb7776A4e11fE570C3698837D5b2217Ad00,0,False
1454,0,1,0x7516f9f6da5caC78ed3E4E1cD5F2d8ca6C8fb598,0,False
1454,0,2,0x22cA86624cF039d5DD769E5087D6c4D47269A544,0,False
1454,0,3,0xC78EED7B6eF98fF11dd7f557C67AE0AbDd69227b,0,False
1454,0,4,0x2A8cad219b99Ca877fD8816abBC86F989070Cd7f,0,False
1454,0,5,0x22cA86624cF039d5DD769E5087D6c4D47269A544,0,False
1454,0,6,0x22cA86624cF039d5DD769E5087D6c4D47269A544,0,False
1454,0,7,0x668427535A83740168728F2859D2C674a1ebA0D0,0,False
1454,0,8,0x22cA86624cF039d5DD769E5087D6c4D47269A544,0,False
1454,0,9,0xC78EED7B6eF98fF11dd7f557C67AE0AbDd69227b,0,False
1453,0,0,0x46fd7e91400833E8AdbEb65E8231718cdd74fa83,2,True
1452,0,0,0xfEE51d3eA7D4D57105F653403FF01A75bb1125B2,2,True
1451,0,0,0xD59C8cAe4be5fE5324B76825D34FB329a909D3fD,2,True
1450,0,0,0x87B335ff8F18be5F048cf6197ea48CcD1aec4377,2,True
1449,0,0,0x10707F6060E7B3565A784628633DCe54AF9f0D01,2,True
1448,0,0,0x87B335ff8F18be5F048cf6197ea48CcD1aec4377,2,True
1447,0,0,0xfEE51d3eA7D4D57105F653403FF01A75bb1125B2,1,True
1446,0,0,0xDdDe2bF74b6e159FE1EcdEB8eE1b058bece131E8,1,True
1445,0,0,0x1FcB32c860b9F4c0DF99d1fd54E7CE958E9e93cC,2,True
1444,0,0,0x1FcB32c860b9F4c0DF99d1fd54E7CE958E9e93cC,2,True
1443,0,0,0x7644c9C10D6A2C970BF3cb50E957e3fEAacE6CB2,2,True
1442,0,0,0x1FcB32c860b9F4c0DF99d1fd54E7CE958E9e93cC,1,True
1441,0,0,0x1D9a3491E28c2E688d9C3C846391eeF345d68C6c,2,True
1440,0,0,0x379E9883833baF8402414BEF58858cC8c84624d9,2,True
1439,0,0,0x69624640535E70a158FE9C2FA1DB4E5e4827A32e,2,True
1438,0,0,0xf35Bf057bcd469ed2E80b54eD2ecddC385E7e630,2,True
1437,0,0,0x55122fdcA4BA43294677D96C12CE76dAbc459A2B,2,True
1436,0,0,0x12FA14C9F49CeE96c4F6ba8c7497F7Ef825cAe37,2,True
1435,0,0,0xD390D1351aFd0FBC45dAf2D94273F1611672708a,2,True
1434,0,0,0x857CD16a827db79369fF9920E94E22fb916D2D3D,2,True
1433,0,0,0xE86e325C60d1C69f6020BDf54cD17bd715Db3156,2,True
1432,0,0,0xFD4bA0A1C08E0aF938A2B1AC06E8937c8535eC93,2,True
1431,0,0,0x55122fdcA4BA43294677D96C12CE76dAbc459A2B,2,True
1430,0,0,0x60DA07cFb273051AA9827dABFfcD298c305cd00D,2,True
1429,0,0,0xFD4bA0A1C08E0aF938A2B1AC06E8937c8535eC93,2,True
1428,0,0,0x204004ec231bC8f989dA8C643F536DC653f7E5c2,2,True
1427,0,0,0x1F06339Dd63F78711532164de493AE05e2b8B4b8,2,True
1426,0,0,0x1FcB32c860b9F4c0DF99d1fd54E7CE958E9e93cC,2,True
1425,0,0,0xf35Bf057bcd469ed2E80b54eD2ecddC385E7e630,2,True
1424,0,0,0x33CaF240767cF48acFae99c9A3Dd2b8e7164d89C,2,True
1423,0,0,0xfEE51d3eA7D4D57105F653403FF01A75bb1125B2,2,True
1423,1,0,0xa9aA6A7B2e9A7C2ad628E096C5EFa148a6754F89,0,False
1423,1,1,0x2eE1A0a239e27215740D93C1aF6D4395BD9387ba,2,True
1423,1,2,0xf35Bf057bcd469ed2E80b54eD2ecddC385E7e630,2,True
1422,0,0,0x87B335ff8F18be5F048cf6197ea48CcD1aec4377,2,True
1422,0,1,0xAd6e644ccA176eE0924fBCfF3045587625261122,0,False
1422,0,2,0x8301d220fF29C4E1BFB292a2c99C21D3D03A6bF1,0,False
1421,0,0,0x8d93471Dfd2A9D9bDc56eDee93f3fc57B8078D68,2,True
1420,0,0,0x06F65D5e97b796E47263110F305d005b2733CD1a,1,True
1419,0,0,0xD390D1351aFd0FBC45dAf2D94273F1611672708a,1,True
1418,0,0,0xDdDe2bF74b6e159FE1EcdEB8eE1b058bece131E8,2,True
1417,0,0,0x6C4E6f11eA59704abf39D0BBdF3bCbc31548aB4D,2,True
1417,0,1,0x10707F6060E7B3565A784628633DCe54AF9f0D01,2,True
1417,0,2,0x87B335ff8F18be5F048cf6197ea48CcD1aec4377,0,False
1416,0,0,0x1D9a3491E28c2E688d9C3C846391eeF345d68C6c,2,True
1415,0,0,0xa214fC5809f5DC6c91fB117853E3ca918e4E94B7,1,True
1414,0,0,0xf35Bf057bcd469ed2E80b54eD2ecddC385E7e630,1,True
1413,0,0,0x87B335ff8F18be5F048cf6197ea48CcD1aec4377,1,True
1412,0,0,0x1D9a3491E28c2E688d9C3C846391eeF345d68C6c,1,True
1412,0,1,0xfEE51d3eA7D4D57105F653403FF01A75bb1125B2,2,True
1412,0,2,0x2598ddBEeCD659D56F1918a5973C927B129b13eC,1,True
1411,0,0,0xf35Bf057bcd469ed2E80b54eD2ecddC385E7e630,2,True
1410,0,0,0x12FA14C9F49CeE96c4F6ba8c7497F7Ef825cAe37,2,True
1410,0,1,0x60DA07cFb273051AA9827dABFfcD298c305cd00D,2,True
1410,0,2,0x60DA07cFb273051AA9827dABFfcD298c305cd00D,2,True
1409,0,0,0xFD4bA0A1C08E0aF938A2B1AC06E8937c8535eC93,2,True
1408,0,0,0x7380ac41fe003d937B4535fAAf79885A3bfcfA92,2,True
1407,0,0,0xE86e325C60d1C69f6020BDf54cD17bd715Db3156,1,True
1406,0,0,0x7380ac41fe003d937B4535fAAf79885A3bfcfA92,2,True
1405,0,0,0x87B335ff8F18be5F048cf6197ea48CcD1aec4377,1,True
1404,0,0,0x1D9a3491E28c2E688d9C3C846391eeF345d68C6c,1,True
1403,0,0,0xfEE51d3eA7D4D57105F653403FF01A75bb1125B2,1,True
1402,0,0,0x10707F6060E7B3565A784628633DCe54AF9f0D01,2,True
1401,0,0,0xFD4bA0A1C08E0aF938A2B1AC06E8937c8535eC93,2,True
1400,0,0,0xFD4bA0A1C08E0aF938A2B1AC06E8937c8535eC93,2,True
1399,0,0,0xE86e325C60d1C69f6020BDf54cD17bd715Db3156,2,True
1398,0,0,0xFD4bA0A1C08E0aF938A2B1AC06E8937c8535eC93,2,True
1397,0,0,0x2598ddBEeCD659D56F1918a5973C927B129b13eC,1,True
1396,0,0,0x1FcB32c860b9F4c0DF99d1fd54E7CE958E9e93cC,1,True
1395,0,0,0xA91385Bcb73425729e26C430d4C83380c4537bA1,2,True
1394,0,0,0x1FcB32c860b9F4c0DF99d1fd54E7CE958E9e93cC,1,True
1393,0,0,0x421E4A2A857f7d7dA4fbD96D6268BAF8E5256eEc,2,True
1392,0,0,0x379E9883833baF8402414BEF58858cC8c84624d9,1,True
1391,0,0,0x379E9883833baF8402414BEF58858cC8c84624d9,1,True
1390,0,0,0x87B335ff8F18be5F048cf6197ea48CcD1aec4377,1,True
1389,0,0,0x2598ddBEeCD659D56F1918a5973C927B129b13eC,2,True
1388,0,0,0x55122fdcA4BA43294677D96C12CE76dAbc459A2B,1,True
1387,0,0,0xf35Bf057bcd469ed2E80b54eD2ecddC385E7e630,2,True
1386,0,0,0xFD4bA0A1C08E0aF938A2B1AC06E8937c8535eC93,2,True
1386,1,0,0x21E76a0Fe833ec5bFefbfAf9Ddb9c23439818a8c,0,False
1386,1,1,0xf35Bf057bcd469ed2E80b54eD2ecddC385E7e630,2,True
1386,1,2,0xcD69BD84f20eA1919CB842D4421Ba7e4Cb99a427,2,True
1385,0,0,0x8E962Db2dDE58780e12e26bEdE5448c63532Aa4d,2,True
1384,0,0,0xDdDe2bF74b6e159FE1EcdEB8eE1b058bece131E8,2,True
1383,0,0,0x0d0C51021A80C4002c14593d5c2fCCF22D2eb475,2,True
1382,0,0,0x91CcBaB90e454213c6E61FdA4662d47107C83E69,1,True
1382,1,0,0x12FA14C9F49CeE96c4F6ba8c7497F7Ef825cAe37,0,False
1382,1,1,0x1D9a3491E28c2E688d9C3C846391eeF345d68C6c,1,True
1382,1,2,0x87B335ff8F18be5F048cf6197ea48CcD1aec4377,1,True
1382,2,0,0xBEB084f2dC75E38Eac9A5C093428A541fc74ff2c,2,True
1382,2,1,0x87B335ff8F18be5F048cf6197ea48CcD1aec4377,2,True
1382,2,2,0x4dFF727Fd5002DAd7E028c6987c394F1913C2137,2,True
1382,2,3,0x55122fdcA4BA43294677D96C12CE76dAbc459A2B,2,True
1382,2,4,0x87B335ff8F18be5F048cf6197ea48CcD1aec4377,2,True
1382,2,5,0x8e9436d0B37e8482d456EAa68dD8E91793F08D58,2,True
1382,2,6,0xE86e325C60d1C69f6020BDf54cD17bd715Db3156,2,True
1381,0,0,0xd0eA237f5782373Cf947bF74379325746Eb48C80,1,True
1381,1,0,0xfEE51d3eA7D4D57105F653403FF01A75bb1125B2,1,True
1381,1,1,0x69624640535E70a158FE9C2FA1DB4E5e4827A32e,1,True
1381,1,2,0x55122fdcA4BA43294677D96C12CE76dAbc459A2B,1,True
1380,0,0,0x1D9a3491E28c2E688d9C3C846391eeF345d68C6c,2,True
1379,0,0,0x379E9883833baF8402414BEF58858cC8c84624d9,0,False
1378,0,0,0xD59C8cAe4be5fE5324B76825D34FB329a909D3fD,2,True
1377,0,0,0xD390D1351aFd0FBC45dAf2D94273F1611672708a,2,True
1376,0,0,0x60DA07cFb273051AA9827dABFfcD298c305cd00D,0,False
1375,0,0,0x87B335ff8F18be5F048cf6197ea48CcD1aec4377,1,True
1374,0,0,0x2598ddBEeCD659D56F1918a5973C927B129b13eC,2,True
1373,0,0,0xbC192A222F215783b24EFeD1B63B5E7349ee0d81,1,True
1372,0,0,0x2598ddBEeCD659D56F1918a5973C927B129b13eC,2,True
1371,0,0,0xfEE51d3eA7D4D57105F653403FF01A75bb1125B2,2,True
1370,0,0,0x74e3591425325a35E41e0e230D7D8686c7912ab4,0,False
1370,1,0,0x55122fdcA4BA43294677D96C12CE76dAbc459A2B,2,True
1370,1,1,0xD96Ef6D720D150eFC16790250777E9550d3851Af,0,False
1370,1,2,0x1891E9b1dc9dfCc0fd514DfBD3652e80B7812A89,0,False
1369,0,0,0x2598ddBEeCD659D56F1918a5973C927B129b13eC,2,True
1368,0,0,0x1FcB32c860b9F4c0DF99d1fd54E7CE958E9e93cC,2,True
1367,0,0,0x69624640535E70a158FE9C2FA1DB4E5e4827A32e,2,True
1366,0,0,0xF035561dcE033DeD865E15E69dB06cfFC88d9213,2,True
1365,0,0,0x60DA07cFb273051AA9827dABFfcD298c305cd00D,2,True
1364,0,0,0x71f5F235Ed83649DfC1EF51A050b29E86C2869Cf,1,True
1363,0,0,0x2eE1A0a239e27215740D93C1aF6D4395BD9387ba,1,True
1362,0,0,0xf35Bf057bcd469ed2E80b54eD2ecddC385E7e630,1,True
1361,0,0,0x2598ddBEeCD659D56F1918a5973C927B129b13eC,0,False
1360,0,0,0x857CD16a827db79369fF9920E94E22fb916D2D3D,1,True
1359,0,0,0x2598ddBEeCD659D56F1918a5973C927B129b13eC,1,True
1358,0,0,0x0B757D70e6911fD5c3E7e8157da0069ce7657f34,0,False
1357,0,0,0xD59C8cAe4be5fE5324B76825D34FB329a909D3fD,1,True
1356,0,0,0x87B335ff8F18be5F048cf6197ea48CcD1aec4377,2,True
1355,0,0,0xFD4bA0A1C08E0aF938A2B1AC06E8937c8535eC93,2,True
1354,0,0,0xfEE51d3eA7D4D57105F653403FF01A75bb1125B2,2,True
1353,0,0,0xfEE51d3eA7D4D57105F653403FF01A75bb1125B2,1,True
1352,0,0,0x87B335ff8F18be5F048cf6197ea48CcD1aec4377,2,True
1351,0,0,0x87B335ff8F18be5F048cf6197ea48CcD1aec4377,2,True
1350,0,0,0xD390D1351aFd0FBC45dAf2D94273F1611672708a,1,True
1349,0,0,0x33CaF240767cF48acFae99c9A3Dd2b8e7164d89C,2,True
1349,1,0,0x60DA07cFb273051AA9827dABFfcD298c305cd00D,2,True
1349,1,1,0xE86e325C60d1C69f6020BDf54cD17bd715Db3156,1,True
1349,1,2,0x4C728474925da183b41c4eB73A624D01812a020b,0,False
1349,2,0,0x0032dd3EcfF7B672A8E2C28FCAb1Aa1cC50F81f1,1,True
1349,2,1,0xf35Bf057bcd469ed2E80b54eD2ecddC385E7e630,1,True
1349,2,2,0x12FA14C9F49CeE96c4F6ba8c7497F7Ef825cAe37,1,True
1349,2,3,0x2598ddBEeCD659D56F1918a5973C927B129b13eC,1,True
1349,2,4,0x6C4E6f11eA59704abf39D0BBdF3bCbc31548aB4D,1,True
1349,2,5,0x87B335ff8F18be5F048cf6197ea48CcD1aec4377,1,True
1349,2,6,0x6C4E6f11eA59704abf39D0BBdF3bCbc31548aB4D,1,True
1348,0,0,0xFD4bA0A1C08E0aF938A2B1AC06E8937c8535eC93,2,True
1347,0,0,0xFD4bA0A1C08E0aF938A2B1AC06E8937c8535eC93,1,True
1347,0,1,0x930c54fD12Bc507DE14ce3967E715e6D9cD70ec4,1,True
1347,0,2,0x3A38dba307b17512B781d478fB95Dd1CD376c187,1,True
1347,0,3,0xDdd5CE3Bdf841aC617f24E673745f5B1AcC9f291,1,True
1347,0,4,0x4Cf25cc40610269E7c6Cf5C0a76EdA5513A1e13a,0,False
1347,0,5,0x930c54fD12Bc507DE14ce3967E715e6D9cD70ec4,1,True
1347,0,6,0xDdd5CE3Bdf841aC617f24E673745f5B1AcC9f291,1,True
1347,0,7,0x7380ac41fe003d937B4535fAAf79885A3bfcfA92,1,True
1347,0,8,0x648B826F860C7d41979d9f8fd78b7C45D5d6bF72,0,False
1347,0,9,0x60DA07cFb273051AA9827dABFfcD298c305cd00D,1,True
1347,0,10,0x930c54fD12Bc507DE14ce3967E715e6D9cD70ec4,1,True
1347,0,11,0x4Cf25cc40610269E7c6Cf5C0a76EdA5513A1e13a,0,False
1347,0,12,0xDdd5CE3Bdf841aC617f24E673745f5B1AcC9f291,1,True
1347,0,13,0x3A38dba307b17512B781d478fB95Dd1CD376c187,1,True
1347,0,14,0x5e376F43d6C5f6a0424a6849335600d5cD8EE8b7,1,True
1347,0,15,0x3eaD180Ae502757Fc6E444E4Cf3d861FE27fe0AC,1,True
1347,0,16,0x3A38dba307b17512B781d478fB95Dd1CD376c187,1,True
1347,0,17,0x4Aa7a49d64E64B253697aa12Bd1eE5dB6bA6B6Da,1,True
1347,0,18,0xFD4bA0A1C08E0aF938A2B1AC06E8937c8535eC93,1,True
1347,0,19,0x54f58056d6943b2e4567d16010F927C07110BfEE,1,True
1347,0,20,0x59fb64a07eD45803aB40c0Fc4B15930Ac350D0c0,1,True
1347,0,21,0x7C5BD19Fed8325fD060eA2A61DD7cE6Fe3E13C80,1,True
1347,0,22,0xC5060b33b82528ABF7AA8d7778e267F0fEb71792,1,True
1347,0,23,0xF035561dcE033DeD865E15E69dB06cfFC88d9213,1,True
1347,0,24,0x3A38dba307b17512B781d478fB95Dd1CD376c187,1,True
1347,0,25,0x3A38dba307b17512B781d478fB95Dd1CD376c187,1,True
1347,0,26,0x3A38dba307b17512B781d478fB95Dd1CD376c187,1,True
1347,0,27,0x5C9238b55b318C928Fb1da8D2B28BcCecd7AF125,0,False
1347,0,28,0xE92b1b809333a4850Ace1f6861e19A730DFEE717,1,True
1347,0,29,0x930c54fD12Bc507DE14ce3967E715e6D9cD70ec4,1,True
1347,0,30,0x930c54fD12Bc507DE14ce3967E715e6D9cD70ec4,1,True
1346,0,0,0xB34B63E1cBC4098446E22CC92bd4add523883167,0,False
1345,0,0,0xfEE51d3eA7D4D57105F653403FF01A75bb1125B2,1,True
1344,0,0,0xFD4bA0A1C08E0aF938A2B1AC06E8937c8535eC93,2,True
1343,0,0,0xEE93DdE04c81a5BaA0bA348ACd07F4E232c8a918,2,True
1343,1,0,0x215C050A6a9f8105c48BBDd0df6524799188cFF4,2,True
1343,1,1,0xd0eA237f5782373Cf947bF74379325746Eb48C80,2,True
1343,1,2,0x1FcB32c860b9F4c0DF99d1fd54E7CE958E9e93cC,2,True
1343,2,0,0x204004ec231bC8f989dA8C643F536DC653f7E5c2,2,True
1343,2,1,0x2598ddBEeCD659D56F1918a5973C927B129b13eC,2,True
1343,2,2,0xE86e325C60d1C69f6020BDf54cD17bd715Db3156,2,True
1343,2,3,0xD390D1351aFd0FBC45dAf2D94273F1611672708a,2,True
1343,2,4,0x204004ec231bC8f989dA8C643F536DC653f7E5c2,2,True
1343,2,5,0xf35Bf057bcd469ed2E80b54eD2ecddC385E7e630,2,True
1343,2,6,0x2598ddBEeCD659D56F1918a5973C927B129b13eC,2,True
1342,0,0,0xc29c6F66E771f602c9DcdB19485e5284C59c6915,2,True
1341,0,0,0xd583122180fFB695b6FB0ECB500819B187C87362,2,True
1340,0,0,0x48909739001FA130Ea554D45508714824C2467B5,2,True
1340,1,0,0x87B335ff8F18be5F048cf6197ea48CcD1aec4377,2,True
1340,1,1,0x10707F6060E7B3565A784628633DCe54AF9f0D01,2,True
1340,1,2,0xD390D1351aFd0FBC45dAf2D94273F1611672708a,2,True
1339,0,0,0xFD4bA0A1C08E0aF938A2B1AC06E8937c8535eC93,2,True
1338,0,0,0xc29c6F66E771f602c9DcdB19485e5284C59c6915,1,True
1337,0,0,0x2598ddBEeCD659D56F1918a5973C927B129b13eC,1,True
1336,0,0,0x2598ddBEeCD659D56F1918a5973C927B129b13eC,1,True
1335,0,0,0x8d93471Dfd2A9D9bDc56eDee93f3fc57B8078D68,1,True
1334,0,0,0xFD4bA0A1C08E0aF938A2B1AC06E8937c8535eC93,2,True
1333,0,0,0x1D9a3491E28c2E688d9C3C846391eeF345d68C6c,1,True
1332,0,0,0xFA95d683f5AF39CBaC80Fb75Bb51D646f8780e85,1,True
1331,0,0,0xFD4bA0A1C08E0aF938A2B1AC06E8937c8535eC93,2,True
1330,0,0,0xf35Bf057bcd469ed2E80b54eD2ecddC385E7e630,1,True
1329,0,0,0x60DA07cFb273051AA9827dABFfcD298c305cd00D,2,True
1328,0,0,0xE86e325C60d1C69f6020BDf54cD17bd715Db3156,2,True
1327,0,0,0x60DA07cFb273051AA9827dABFfcD298c305cd00D,2,True
1326,0,0,0xf35Bf057bcd469ed2E80b54eD2ecddC385E7e630,2,True
1326,1,0,0x91CcBaB90e454213c6E61FdA4662d47107C83E69,1,True
1326,1,1,0xd0eA237f5782373Cf947bF74379325746Eb48C80,2,True
1326,1,2,0x1D9a3491E28c2E688d9C3C846391eeF345d68C6c,1,True
1325,0,0,0xE86e325C60d1C69f6020BDf54cD17bd715Db3156,1,True
1325,1,0,0x0c4B65bEAdb705b927Ab68a1B00055f74579F997,0,False
1325,1,1,0xFD4bA0A1C08E0aF938A2B1AC06E8937c8535eC93,2,True
1325,1,2,0xfEE51d3eA7D4D57105F653403FF01A75bb1125B2,1,True
1325,2,0,0x2598ddBEeCD659D56F1918a5973C927B129b13eC,1,True
1325,2,1,0x60DA07cFb273051AA9827dABFfcD298c305cd00D,2,True
1325,2,2,0x55122fdcA4BA43294677D96C12CE76dAbc459A2B,1,True
1325,2,3,0xd583122180fFB695b6FB0ECB500819B187C87362,1,True
1325,2,4,0xE86e325C60d1C69f6020BDf54cD17bd715Db3156,1,True
1325,2,5,0xD0061DeBa693BAbCC3755d5FBe1327e923cb458F,0,False
1325,2,6,0xf35Bf057bcd469ed2E80b54eD2ecddC385E7e630,1,True
1324,0,0,0xE86e325C60d1C69f6020BDf54cD17bd715Db3156,2,True
1323,0,0,0x1D9a3491E28c2E688d9C3C846391eeF345d68C6c,2,True
1322,0,0,0x60DA07cFb273051AA9827dABFfcD298c305cd00D,1,True
1322,0,1,0x1E0833f26b038ff022EcA9eBAeD90e83c606E41e,0,False
1322,0,2,0x52aeD8Dc30876B18689aE89321DaE6FcD901517E,0,False
1322,0,3,0x334F12AfB7D8740868bE04719639616533075234,1,True
1322,0,4,0xEe70D24F8754B53ACd3D7d31834d09c4a8472cdF,0,False
1322,0,5,0x10707F6060E7B3565A784628633DCe54AF9f0D01,1,True
1322,0,6,0x7fe15a3DBbb0aAA4Dec351d9F6fE7FfB5490E86C,1,True
1322,0,7,0x3A38dba307b17512B781d478fB95Dd1CD376c187,1,True
1322,0,8,0xC2e02535829667715E089C7c4dec3BdCB5c484F5,0,False
1322,0,9,0x2598ddBEeCD659D56F1918a5973C927B129b13eC,1,True
1322,0,10,0xf35Bf057bcd469ed2E80b54eD2ecddC385E7e630,1,True
1322,0,11,0x930c54fD12Bc507DE14ce3967E715e6D9cD70ec4,1,True
1322,0,12,0xc6d63A94B556239ccDe8905129032Dcd8627e079,0,False
1322,0,13,0x21478A81Be650Ca1C03e04Fe615bfE6d5478fC5E,0,False
1322,0,14,0x2598ddBEeCD659D56F1918a5973C927B129b13eC,1,True
1322,0,15,0x930c54fD12Bc507DE14ce3967E715e6D9cD70ec4,1,True
1322,0,16,0x7b7545b2fe5846a94bB105d56a5eC7b380A205C7,0,False
1322,0,17,0x930c54fD12Bc507DE14ce3967E715e6D9cD70ec4,1,True
1322,0,18,0xc6d63A94B556239ccDe8905129032Dcd8627e079,0,False
1322,0,19,0xC5060b33b82528ABF7AA8d7778e267F0fEb71792,1,True
1322,0,20,0x930c54fD12Bc507DE14ce3967E715e6D9cD70ec4,1,True
1322,0,21,0x21478A81Be650Ca1C03e04Fe615bfE6d5478fC5E,0,False
1322,0,22,0x930c54fD12Bc507DE14ce3967E715e6D9cD70ec4,1,True
1322,0,23,0x930c54fD12Bc507DE14ce3967E715e6D9cD70ec4,1,True
1322,0,24,0xc6d63A94B556239ccDe8905129032Dcd8627e079,0,False
1322,0,25,0x60DA07cFb273051AA9827dABFfcD298c305cd00D,1,True
1322,0,26,0xB01a495A04Ea596F470D35B44BBcEBECc26374f6,0,False
1322,0,27,0x857CD16a827db79369fF9920E94E22fb916D2D3D,1,True
1322,0,28,0x52aeD8Dc30876B18689aE89321DaE6FcD901517E,0,False
1322,0,29,0x334F12AfB7D8740868bE04719639616533075234,1,True
1322,0,30,0x60DA07cFb273051AA9827dABFfcD298c305cd00D,1,True
1321,0,0,0x857CD16a827db79369fF9920E94E22fb916D2D3D,2,True
1320,0,0,0x91CcBaB90e454213c6E61FdA4662d47107C83E69,1,True
1319,0,0,0x857CD16a827db79369fF9920E94E22fb916D2D3D,2,True
1318,0,0,0x215C050A6a9f8105c48BBDd0df6524799188cFF4,2,True
1317,0,0,0x92e717Fd7d7beF5fC65D509FE5F8aE06B7137Fe6,0,False
1317,1,0,0xFD4bA0A1C08E0aF938A2B1AC06E8937c8535eC93,1,True
1317,1,1,0xE86e325C60d1C69f6020BDf54cD17bd715Db3156,1,True
1317,1,2,0xDdDe2bF74b6e159FE1EcdEB8eE1b058bece131E8,1,True
1316,0,0,0x2598ddBEeCD659D56F1918a5973C927B129b13eC,2,True
1315,0,0,0xf35Bf057bcd469ed2E80b54eD2ecddC385E7e630,1,True
1314,0,0,0x2598ddBEeCD659D56F1918a5973C927B129b13eC,2,True
1313,0,0,0x9bed1adBF31D4C6517a78b157B0648bD7C696A36,2,True
1312,0,0,0xD390D1351aFd0FBC45dAf2D94273F1611672708a,2,True
1311,0,0,0xE86e325C60d1C69f6020BDf54cD17bd715Db3156,1,True
1310,0,0,0xE86e325C60d1C69f6020BDf54cD17bd715Db3156,1,True
1309,0,0,0xD59C8cAe4be5fE5324B76825D34FB329a909D3fD,1,True
1308,0,0,0x21E76a0Fe833ec5bFefbfAf9Ddb9c23439818a8c,2,True
1307,0,0,0x1D9a3491E28c2E688d9C3C846391eeF345d68C6c,2,True
1306,0,0,0x12FA14C9F49CeE96c4F6ba8c7497F7Ef825cAe37,2,True
1305,0,0,0xFA95d683f5AF39CBaC80Fb75Bb51D646f8780e85,1,True
1304,0,0,0xFD4bA0A1C08E0aF938A2B1AC06E8937c8535eC93,2,True
1303,0,0,0x87B335ff8F18be5F048cf6197ea48CcD1aec4377,1,True
1302,0,0,0x87B335ff8F18be5F048cf6197ea48CcD1aec4377,1,True
1301,0,0,0x87B335ff8F18be5F048cf6197ea48CcD1aec4377,1,True
1300,0,0,0x60DA07cFb273051AA9827dABFfcD298c305cd00D,2,True
1299,0,0,0xc29c6F66E771f602c9DcdB19485e5284C59c6915,1,True
1298,0,0,0x857CD16a827db79369fF9920E94E22fb916D2D3D,2,True
1297,0,0,0x1FcB32c860b9F4c0DF99d1fd54E7CE958E9e93cC,2,True
1296,0,0,0x74e3591425325a35E41e0e230D7D8686c7912ab4,2,True
1295,0,0,0xd0eA237f5782373Cf947bF74379325746Eb48C80,2,True
1294,0,0,0x0B757D70e6911fD5c3E7e8157da0069ce7657f34,2,True
1293,0,0,0xFD4bA0A1C08E0aF938A2B1AC06E8937c8535eC93,2,True
1292,0,0,0x2598ddBEeCD659D56F1918a5973C927B129b13eC,1,True
1291,0,0,0xE86e325C60d1C69f6020BDf54cD17bd715Db3156,1,True
1290,0,0,0xFD4bA0A1C08E0aF938A2B1AC06E8937c8535eC93,2,True
1289,0,0,0x2598ddBEeCD659D56F1918a5973C927B129b13eC,1,True
1288,0,0,0x379E9883833baF8402414BEF58858cC8c84624d9,2,True
1287,0,0,0xFD4bA0A1C08E0aF938A2B1AC06E8937c8535eC93,1,True
1286,0,0,0xFD4bA0A1C08E0aF938A2B1AC06E8937c8535eC93,1,True
1285,0,0,0xc29c6F66E771f602c9DcdB19485e5284C59c6915,2,True
1284,0,0,0x60DA07cFb273051AA9827dABFfcD298c305cd00D,2,True
1283,0,0,0xFD4bA0A1C08E0aF938A2B1AC06E8937c8535eC93,1,True
1282,0,0,0x87B335ff8F18be5F048cf6197ea48CcD1aec4377,2,True
1281,0,0,0xc29c6F66E771f602c9DcdB19485e5284C59c6915,2,True
1280,0,0,0x2598ddBEeCD659D56F1918a5973C927B129b13eC,2,True
1280,1,0,0xD59C8cAe4be5fE5324B76825D34FB329a909D3fD,2,True
1280,1,1,0xf35Bf057bcd469ed2E80b54eD2ecddC385E7e630,2,True
1280,1,2,0xF328F333984932EeEDD97ac3baff4462FDc3Ed8f,0,False
1279,0,0,0xD390D1351aFd0FBC45dAf2D94273F1611672708a,2,True
1278,0,0,0xc29c6F66E771f602c9DcdB19485e5284C59c6915,2,True
1277,0,0,0x185DBDd3b0c16b8C0ee9c3055B6517AD4650E04f,2,True
1276,0,0,0x1FcB32c860b9F4c0DF99d1fd54E7CE958E9e93cC,2,True
1275,0,0,0x1FcB32c860b9F4c0DF99d1fd54E7CE958E9e93cC,1,True
1274,0,0,0x8d93471Dfd2A9D9bDc56eDee93f3fc57B8078D68,2,True
1273,0,0,0x1D9a3491E28c2E688d9C3C846391eeF345d68C6c,2,True
1272,0,0,0x494112FB4598BFa9b1Bf5a74533373039De5c734,0,False
1271,0,0,0x9bed1adBF31D4C6517a78b157B0648bD7C696A36,2,True
1270,0,0,0x8d93471Dfd2A9D9bDc56eDee93f3fc57B8078D68,1,True
1269,0,0,0xAD950bABed19971577dac5A7eb662923Da771EED,2,True
1268,0,0,0x74e3591425325a35E41e0e230D7D8686c7912ab4,2,True
1267,0,0,0x60DA07cFb273051AA9827dABFfcD298c305cd00D,2,True
1266,0,0,0xF035561dcE033DeD865E15E69dB06cfFC88d9213,2,True
1265,0,0,0x12FA14C9F49CeE96c4F6ba8c7497F7Ef825cAe37,2,True
1264,0,0,0xDdDe2bF74b6e159FE1EcdEB8eE1b058bece131E8,2,True
1263,0,0,0x55ee554Ec351Bcf31cE430F662A535199c33aA6b,2,True
1262,0,0,0x2598ddBEeCD659D56F1918a5973C927B129b13eC,2,True
1261,0,0,0x12FA14C9F49CeE96c4F6ba8c7497F7Ef825cAe37,1,True
1260,0,0,0x9b70502efAaF3470F62ca3A27F7EaB37942f4E80,1,True
1259,0,0,0x0032dd3EcfF7B672A8E2C28FCAb1Aa1cC50F81f1,1,True
1259,1,0,0xD390D1351aFd0FBC45dAf2D94273F1611672708a,1,True
1259,1,1,0x1FcB32c860b9F4c0DF99d1fd54E7CE958E9e93cC,1,True
1259,1,2,0x1FcB32c860b9F4c0DF99d1fd54E7CE958E9e93cC,1,True
1259,2,0,0xD390D1351aFd0FBC45dAf2D94273F1611672708a,1,True
1259,2,1,0x2598ddBEeCD659D56F1918a5973C927B129b13eC,1,True
1259,2,2,0xD390D1351aFd0FBC45dAf2D94273F1611672708a,1,True
1259,2,3,0x55ee554Ec351Bcf31cE430F662A535199c33aA6b,1,True
1259,2,4,0x60DA07cFb273051AA9827dABFfcD298c305cd00D,2,True
1259,2,5,0xDdDe2bF74b6e159FE1EcdEB8eE1b058bece131E8,1,True
1259,2,6,0xF418BD64A58d876290Ace7159F89339B3Ad3cAe5,0,False
1258,0,0,0x379E9883833baF8402414BEF58858cC8c84624d9,2,True
1257,0,0,0xD390D1351aFd0FBC45dAf2D94273F1611672708a,2,True
1256,0,0,0xD96Ef6D720D150eFC16790250777E9550d3851Af,1,True
1255,0,0,0x978a89B0178Ea8054A99f5BDDb0081eA6A3c27c3,2,True
1255,0,1,0xCE83731Fa5730454e7D3A054Bf0ab1Ec6e37e8AA,2,True
1255,0,2,0xA64A17a51482F96A794C08fa3E61bB6260EEB2Ca,2,True
1254,0,0,0x55ee554Ec351Bcf31cE430F662A535199c33aA6b,2,True
1253,0,0,0xF2c765d0B35BcfC64edb4dC9bd74f833e05Efac7,0,False
1253,1,0,0x2598ddBEeCD659D56F1918a5973C927B129b13eC,2,True
1253,1,1,0x1D9a3491E28c2E688d9C3C846391eeF345d68C6c,2,True
1253,1,2,0xD390D1351aFd0FBC45dAf2D94273F1611672708a,2,True
1252,0,0,0x204004ec231bC8f989dA8C643F536DC653f7E5c2,2,True
1251,0,0,0x0d0C51021A80C4002c14593d5c2fCCF22D2eb475,2,True
1250,0,0,0x60DA07cFb273051AA9827dABFfcD298c305cd00D,2,True
1249,0,0,0x21E76a0Fe833ec5bFefbfAf9Ddb9c23439818a8c,2,True
1248,0,0,0xE86e325C60d1C69f6020BDf54cD17bd715Db3156,2,True
1247,0,0,0xD390D1351aFd0FBC45dAf2D94273F1611672708a,2,True
1246,0,0,0x91CcBaB90e454213c6E61FdA4662d47107C83E69,1,True
1245,0,0,0x271F379b4FA3D1f362Ad86Eb1Ee7108060a7fc09,0,False
1244,0,0,0xa63cB29dE16607Dd5Ac18b6CB65BeAD58D04AC25,2,True
1243,0,0,0x334F12AfB7D8740868bE04719639616533075234,0,False
1243,0,1,0x334F12AfB7D8740868bE04719639616533075234,0,False
1243,0,2,0x546E1f8a771e1B6e867dD0524dcBc1AB368f12AA,2,True
1242,0,0,0xD59C8cAe4be5fE5324B76825D34FB329a909D3fD,2,True
1241,0,0,0x215C050A6a9f8105c48BBDd0df6524799188cFF4,2,True
1240,0,0,0xF418BD64A58d876290Ace7159F89339B3Ad3cAe5,2,True
1239,0,0,0x1D9a3491E28c2E688d9C3C846391eeF345d68C6c,2,True
1238,0,0,0x379E9883833baF8402414BEF58858cC8c84624d9,2,True
1237,0,0,0x2598ddBEeCD659D56F1918a5973C927B129b13eC,1,True
1236,0,0,0x9dfD533c41769A77143587f31B35B632bbF441be,0,False
1235,0,0,0xD390D1351aFd0FBC45dAf2D94273F1611672708a,2,True
1234,0,0,0x215C050A6a9f8105c48BBDd0df6524799188cFF4,2,True
1233,0,0,0xf83f70E148bC6ff29bb627f97EB691F30268c7e3,2,True
1232,0,0,0x60DA07cFb273051AA9827dABFfcD298c305cd00D,2,True
1232,0,1,0xc29c6F66E771f602c9DcdB19485e5284C59c6915,0,False
1232,0,2,0x158001D8789a0Cd6eB68cE9F0a97C651fC0B9601,0,False
1231,0,0,0x204004ec231bC8f989dA8C643F536DC653f7E5c2,1,True
1230,0,0,0x55ee554Ec351Bcf31cE430F662A535199c33aA6b,1,True
1229,0,0,0xD96Ef6D720D150eFC16790250777E9550d3851Af,2,True
1228,0,0,0x91CcBaB90e454213c6E61FdA4662d47107C83E69,2,True
1227,0,0,0xc29c6F66E771f602c9DcdB19485e5284C59c6915,0,False
1226,0,0,0x60DA07cFb273051AA9827dABFfcD298c305cd00D,2,True
1226,0,1,0x4A6E8D9Aacbe6c14b0e8fAebCE86fbf41f11bFB1,1,True
1226,0,2,0x5e7B645d5Bf86750CB1913122ba8A8545e2A9FD1,1,True
1226,1,0,0x334F12AfB7D8740868bE04719639616533075234,1,True
1226,1,1,0x546E1f8a771e1B6e867dD0524dcBc1AB368f12AA,1,True
1226,1,2,0x25EC0F42F9F73E3c8563300Fe75A5C4b8160B5e7,1,True
1226,1,3,0xFD4bA0A1C08E0aF938A2B1AC06E8937c8535eC93,2,True
1226,1,4,0x546E1f8a771e1B6e867dD0524dcBc1AB368f12AA,1,True
1226,1,5,0x60DA07cFb273051AA9827dABFfcD298c305cd00D,1,True
1226,1,6,0x60DA07cFb273051AA9827dABFfcD298c305cd00D,1,True
1225,0,0,0x69624640535E70a158FE9C2FA1DB4E5e4827A32e,2,True
1224,0,0,0xeAFc358a20a37Ec515F39Be677D75eB670A7F681,0,False
1223,0,0,0x55ee554Ec351Bcf31cE430F662A535199c33aA6b,2,True
1222,0,0,0x574C1b19d8C40fb897B66C4d681E876FFE41Ee50,2,True
1221,0,0,0xc29c6F66E771f602c9DcdB19485e5284C59c6915,0,False
1220,0,0,0x574C1b19d8C40fb897B66C4d681E876FFE41Ee50,2,True
1219,0,0,0x55ee554Ec351Bcf31cE430F662A535199c33aA6b,2,True
1218,0,0,0x334F12AfB7D8740868bE04719639616533075234,2,True
1218,0,1,0x95EaD4F11A86DE0b44d2C7A5Fb0688Ad03c80202,2,True
1218,0,2,0x334F12AfB7D8740868bE04719639616533075234,2,True
1217,0,0,0x546E1f8a771e1B6e867dD0524dcBc1AB368f12AA,2,True
1217,0,1,0x95EaD4F11A86DE0b44d2C7A5Fb0688Ad03c80202,2,True
1217,0,2,0x334F12AfB7D8740868bE04719639616533075234,2,True
1217,1,0,0x9b29085866daE2AC0611BE9C5191101CEb2c6D53,2,True
1217,1,1,0x334F12AfB7D8740868bE04719639616533075234,2,True
1217,1,2,0x5e7B645d5Bf86750CB1913122ba8A8545e2A9FD1,2,True
1217,1,3,0x334F12AfB7D8740868bE04719639616533075234,2,True
1217,1,4,0x60DA07cFb273051AA9827dABFfcD298c305cd00D,2,True
1217,1,5,0x95EaD4F11A86DE0b44d2C7A5Fb0688Ad03c80202,2,True
1217,1,6,0xf313e4f2f79081B7Dd5e702ca64e86aae3253322,1,True
1217,2,0,0x546E1f8a771e1B6e867dD0524dcBc1AB368f12AA,2,True
1217,2,1,0xFD4bA0A1C08E0aF938A2B1AC06E8937c8535eC93,2,True
1217,2,2,0x334F12AfB7D8740868bE04719639616533075234,2,True
1217,2,3,0x95EaD4F11A86DE0b44d2C7A5Fb0688Ad03c80202,2,True
1217,2,4,0xE86e325C60d1C69f6020BDf54cD17bd715Db3156,2,True
1217,2,5,0x334F12AfB7D8740868bE04719639616533075234,2,True
1217,2,6,0x334F12AfB7D8740868bE04719639616533075234,2,True
1217,2,7,0xE86e325C60d1C69f6020BDf54cD17bd715Db3156,2,True
1217,2,8,0x4A6E8D9Aacbe6c14b0e8fAebCE86fbf41f11bFB1,2,True
1217,2,9,0x60DA07cFb273051AA9827dABFfcD298c305cd00D,2,True
1217,2,10,0x95EaD4F11A86DE0b44d2C7A5Fb0688Ad03c80202,2,True
1217,2,11,0x95EaD4F11A86DE0b44d2C7A5Fb0688Ad03c80202,2,True
1217,2,12,0x4A6E8D9Aacbe6c14b0e8fAebCE86fbf41f11bFB1,2,True
1217,2,13,0x95EaD4F11A86DE0b44d2C7A5Fb0688Ad03c80202,2,True
1217,2,14,0xE86e325C60d1C69f6020BDf54cD17bd715Db3156,2,True
1216,0,0,0x95EaD4F11A86DE0b44d2C7A5Fb0688Ad03c80202,1,True
1216,0,1,0xE86e325C60d1C69f6020BDf54cD17bd715Db3156,1,True
1216,0,2,0x95EaD4F11A86DE0b44d2C7A5Fb0688Ad03c80202,1,True
1215,0,0,0x930c54fD12Bc507DE14ce3967E715e6D9cD70ec4,2,True
1215,0,1,0x4cec7A678C6479Cc5610684605aeE0d811b74625,1,True
1215,0,2,0x60DA07cFb273051AA9827dABFfcD298c305cd00D,2,True
1214,0,0,0x546E1f8a771e1B6e867dD0524dcBc1AB368f12AA,1,True
1214,0,1,0x5e7B645d5Bf86750CB1913122ba8A8545e2A9FD1,1,True
1214,0,2,0xfEE51d3eA7D4D57105F653403FF01A75bb1125B2,1,True
1213,0,0,0x334F12AfB7D8740868bE04719639616533075234,2,True
1213,0,1,0x930c54fD12Bc507DE14ce3967E715e6D9cD70ec4,2,True
1213,0,2,0x546E1f8a771e1B6e867dD0524dcBc1AB368f12AA,1,True
1213,1,0,0x95EaD4F11A86DE0b44d2C7A5Fb0688Ad03c80202,1,True
1213,1,1,0x334F12AfB7D8740868bE04719639616533075234,1,True
1213,1,2,0x8d93471Dfd2A9D9bDc56eDee93f3fc57B8078D68,1,True
1213,1,3,0x8d93471Dfd2A9D9bDc56eDee93f3fc57B8078D68,1,True
1213,1,4,0x334F12AfB7D8740868bE04719639616533075234,1,True
1213,1,5,0x5e7B645d5Bf86750CB1913122ba8A8545e2A9FD1,2,True
1213,1,6,0xfEE51d3eA7D4D57105F653403FF01A75bb1125B2,1,True
1212,0,0,0x95EaD4F11A86DE0b44d2C7A5Fb0688Ad03c80202,1,True
1212,0,1,0x5e7B645d5Bf86750CB1913122ba8A8545e2A9FD1,1,True
1212,0,2,0x930c54fD12Bc507DE14ce3967E715e6D9cD70ec4,1,True
1211,0,0,0x95EaD4F11A86DE0b44d2C7A5Fb0688Ad03c80202,2,True
1211,0,1,0x334F12AfB7D8740868bE04719639616533075234,2,True
1211,0,2,0x95EaD4F11A86DE0b44d2C7A5Fb0688Ad03c80202,2,True
1211,1,0,0x4A6E8D9Aacbe6c14b0e8fAebCE86fbf41f11bFB1,2,True
1211,1,1,0x334F12AfB7D8740868bE04719639616533075234,2,True
1211,1,2,0x334F12AfB7D8740868bE04719639616533075234,2,True
1211,1,3,0x5e7B645d5Bf86750CB1913122ba8A8545e2A9FD1,2,True
1211,1,4,0x546E1f8a771e1B6e867dD0524dcBc1AB368f12AA,1,True
1211,1,5,0x930c54fD12Bc507DE14ce3967E715e6D9cD70ec4,0,False
1211,1,6,0x334F12AfB7D8740868bE04719639616533075234,2,True
1211,2,0,0x930c54fD12Bc507DE14ce3967E715e6D9cD70ec4,2,True
1211,2,1,0x546E1f8a771e1B6e867dD0524dcBc1AB368f12AA,1,True
1211,2,2,0x334F12AfB7D8740868bE04719639616533075234,2,True
1211,2,3,0x930c54fD12Bc507DE14ce3967E715e6D9cD70ec4,2,True
1211,2,4,0xf313e4f2f79081B7Dd5e702ca64e86aae3253322,2,True
1211,2,5,0x334F12AfB7D8740868bE04719639616533075234,2,True
1211,2,6,0xf313e4f2f79081B7Dd5e702ca64e86aae3253322,2,True
1211,2,7,0x95EaD4F11A86DE0b44d2C7A5Fb0688Ad03c80202,2,True
1211,2,8,0x334F12AfB7D8740868bE04719639616533075234,2,True
1211,2,9,0x4A6E8D9Aacbe6c14b0e8fAebCE86fbf41f11bFB1,2,True
1211,2,10,0x334F12AfB7D8740868bE04719639616533075234,2,True
1211,2,11,0x546E1f8a771e1B6e867dD0524dcBc1AB368f12AA,1,True
1211,2,12,0x8d93471Dfd2A9D9bDc56eDee93f3fc57B8078D68,2,True
1211,2,13,0x546E1f8a771e1B6e867dD0524dcBc1AB368f12AA,1,True
1211,2,14,0xFD4bA0A1C08E0aF938A2B1AC06E8937c8535eC93,2,True
1211,3,0,0x95EaD4F11A86DE0b44d2C7A5Fb0688Ad03c80202,2,True
1211,3,1,0x334F12AfB7D8740868bE04719639616533075234,2,True
1211,3,2,0x546E1f8a771e1B6e867dD0524dcBc1AB368f12AA,1,True
1211,3,3,0x60DA07cFb273051AA9827dABFfcD298c305cd00D,2,True
1211,3,4,0x95EaD4F11A86DE0b44d2C7A5Fb0688Ad03c80202,2,True
1211,3,5,0xC2181f8F0E73B45977379d667cD5a7edBef3FeeA,0,False
1211,3,6,0x95EaD4F11A86DE0b44d2C7A5Fb0688Ad03c80202,2,True
1211,3,7,0x60DA07cFb273051AA9827dABFfcD298c305cd00D,2,True
1211,3,8,0x334F12AfB7D8740868bE04719639616533075234,2,True
1211,3,9,0x95EaD4F11A86DE0b44d2C7A5Fb0688Ad03c80202,2,True
1211,3,10,0x95EaD4F11A86DE0b44d2C7A5Fb0688Ad03c80202,2,True
1211,3,11,0x546E1f8a771e1B6e867dD0524dcBc1AB368f12AA,1,True
1211,3,12,0x95EaD4F11A86DE0b44d2C7A5Fb0688Ad03c80202,2,True
1211,3,13,0x60DA07cFb273051AA9827dABFfcD298c305cd00D,2,True
1211,3,14,0xa350122a590FC6c8BEE981a06039436Fff79C02A,0,False
1211,3,15,0x95EaD4F11A86DE0b44d2C7A5Fb0688Ad03c80202,2,True
1211,3,16,0x9b29085866daE2AC0611BE9C5191101CEb2c6D53,2,True
1211,3,17,0x334F12AfB7D8740868bE04719639616533075234,2,True
1211,3,18,0x74e3591425325a35E41e0e230D7D8686c7912ab4,2,True
1211,3,19,0x334F12AfB7D8740868bE04719639616533075234,2,True
1211,3,20,0xFD4bA0A1C08E0aF938A2B1AC06E8937c8535eC93,2,True
1211,3,21,0xFD4bA0A1C08E0aF938A2B1AC06E8937c8535eC93,2,True
1211,3,22,0x60DA07cFb273051AA9827dABFfcD298c305cd00D,2,True
1211,3,23,0x334F12AfB7D8740868bE04719639616533075234,2,True
1211,3,24,0x9b29085866daE2AC0611BE9C5191101CEb2c6D53,2,True
1211,3,25,0x95EaD4F11A86DE0b44d2C7A5Fb0688Ad03c80202,2,True
1211,3,26,0x9b29085866daE2AC0611BE9C5191101CEb2c6D53,2,True
1211,3,27,0x334F12AfB7D8740868bE04719639616533075234,2,True
1211,3,28,0x334F12AfB7D8740868bE04719639616533075234,2,True
1211,3,29,0x95EaD4F11A86DE0b44d2C7A5Fb0688Ad03c80202,2,True
1211,3,30,0x95EaD4F11A86DE0b44d2C7A5Fb0688Ad03c80202,2,True
1210,0,0,0x5e7B645d5Bf86750CB1913122ba8A8545e2A9FD1,1,True
1210,0,1,0x930c54fD12Bc507DE14ce3967E715e6D9cD70ec4,1,True
1210,0,2,0x334F12AfB7D8740868bE04719639616533075234,1,True
1209,0,0,0xE86e325C60d1C69f6020BDf54cD17bd715Db3156,1,True
1209,0,1,0xB2a85dA2Ecc3fFB4d3a730E119D8cAB5743096FC,1,True
1209,0,2,0x57c27bbd53afE10af0BF59a8A827bf3dc9647791,1,True
1208,0,0,0x57c27bbd53afE10af0BF59a8A827bf3dc9647791,1,True
1208,0,1,0x95EaD4F11A86DE0b44d2C7A5Fb0688Ad03c80202,1,True
1208,0,2,0x546E1f8a771e1B6e867dD0524dcBc1AB368f12AA,1,True
1207,0,0,0x334F12AfB7D8740868bE04719639616533075234,0,False
1207,0,1,0xe599435b865ceF666F304031f54DfA3fB2E1bAdF,2,True
1207,0,2,0x5e7B645d5Bf86750CB1913122ba8A8545e2A9FD1,0,False
1206,0,0,0x1FcB32c860b9F4c0DF99d1fd54E7CE958E9e93cC,2,True
1205,0,0,0x9dfD533c41769A77143587f31B35B632bbF441be,0,False
1205,1,0,0x1D9a3491E28c2E688d9C3C846391eeF345d68C6c,2,True
1205,1,1,0x12FA14C9F49CeE96c4F6ba8c7497F7Ef825cAe37,2,True
1205,1,2,0x7380ac41fe003d937B4535fAAf79885A3bfcfA92,2,True
1205,2,0,0x60DA07cFb273051AA9827dABFfcD298c305cd00D,2,True
1205,2,1,0x7644c9C10D6A2C970BF3cb50E957e3fEAacE6CB2,2,True
1205,2,2,0x1D9a3491E28c2E688d9C3C846391eeF345d68C6c,2,True
1205,2,3,0x55ee554Ec351Bcf31cE430F662A535199c33aA6b,1,True
1205,2,4,0x55ee554Ec351Bcf31cE430F662A535199c33aA6b,1,True
1205,2,5,0x1FcB32c860b9F4c0DF99d1fd54E7CE958E9e93cC,2,True
1205,2,6,0xEc3ccfaf0a160D5A09Fcd7578989F5a6B8cdc489,0,False
1205,3,0,0x0d0C51021A80C4002c14593d5c2fCCF22D2eb475,2,True
1205,3,1,0x1D9a3491E28c2E688d9C3C846391eeF345d68C6c,2,True
1205,3,2,0xd0eA237f5782373Cf947bF74379325746Eb48C80,1,True
1205,3,3,0x1FcB32c860b9F4c0DF99d1fd54E7CE958E9e93cC,2,True
1205,3,4,0x55ee554Ec351Bcf31cE430F662A535199c33aA6b,1,True
1205,3,5,0x4C728474925da183b41c4eB73A624D01812a020b,2,True
1205,3,6,0xd583122180fFB695b6FB0ECB500819B187C87362,2,True
1205,3,7,0x7644c9C10D6A2C970BF3cb50E957e3fEAacE6CB2,2,True
1205,3,8,0x12FA14C9F49CeE96c4F6ba8c7497F7Ef825cAe37,2,True
1205,3,9,0x204004ec231bC8f989dA8C643F536DC653f7E5c2,2,True
1205,3,10,0xD390D1351aFd0FBC45dAf2D94273F1611672708a,2,True
1205,3,11,0x574C1b19d8C40fb897B66C4d681E876FFE41Ee50,2,True
1205,3,12,0xcdd7a9faf35D07FD4Aa420C398108f9E0af9ceDF,1,True
1205,3,13,0x60DA07cFb273051AA9827dABFfcD298c305cd00D,2,True
1205,3,14,0x60DA07cFb273051AA9827dABFfcD298c305cd00D,2,True
1204,0,0,0x4A2369C39440C4417B715082CC101cAdA6C4ea6d,0,False
1203,0,0,0x1FcB32c860b9F4c0DF99d1fd54E7CE958E9e93cC,2,True
1202,0,0,0x6EBeE13E3c9b240a0c0F02D057591005D9C17F16,2,True
1201,0,0,0x334F12AfB7D8740868bE04719639616533075234,1,True
1201,0,1,0x546E1f8a771e1B6e867dD0524dcBc1AB368f12AA,1,True
1201,0,2,0x334F12AfB7D8740868bE04719639616533075234,1,True
1200,0,0,0x334F12AfB7D8740868bE04719639616533075234,2,True
1200,0,1,0x334F12AfB7D8740868bE04719639616533075234,2,True
1200,0,2,0x546E1f8a771e1B6e867dD0524dcBc1AB368f12AA,2,True
1199,0,0,0xbF17b03d80104338Db335847fdb0c251bA5f2eDe,0,False
1198,0,0,0x95EaD4F11A86DE0b44d2C7A5Fb0688Ad03c80202,1,True
1198,0,1,0x5e7B645d5Bf86750CB1913122ba8A8545e2A9FD1,1,True
1198,0,2,0x5e7B645d5Bf86750CB1913122ba8A8545e2A9FD1,1,True
1197,0,0,0x930c54fD12Bc507DE14ce3967E715e6D9cD70ec4,2,True
1197,0,1,0x546E1f8a771e1B6e867dD0524dcBc1AB368f12AA,2,True
1197,0,2,0x930c54fD12Bc507DE14ce3967E715e6D9cD70ec4,2,True
1196,0,0,0xA91385Bcb73425729e26C430d4C83380c4537bA1,2,True
1195,0,0,0x930c54fD12Bc507DE14ce3967E715e6D9cD70ec4,2,True
1195,0,1,0x5e7B645d5Bf86750CB1913122ba8A8545e2A9FD1,2,True
1195,0,2,0x334F12AfB7D8740868bE04719639616533075234,2,True
1194,0,0,0x5e7B645d5Bf86750CB1913122ba8A8545e2A9FD1,2,True
1194,0,1,0x334F12AfB7D8740868bE04719639616533075234,2,True
1194,0,2,0x546E1f8a771e1B6e867dD0524dcBc1AB368f12AA,1,True
1193,0,0,0x2cB62f69D47921da5B0bdd5c650685a2ac9C3853,2,True
1192,0,0,0x69624640535E70a158FE9C2FA1DB4E5e4827A32e,2,True
1191,0,0,0xA867aaBd9F861d63EA451549FA429A48fb527362,2,True
1190,0,0,0xF9eaab27B00b9bBc8FBFA6c58DC2653bef4B461a,2,True
1189,0,0,0x9bed1adBF31D4C6517a78b157B0648bD7C696A36,2,True
1188,0,0,0xF035561dcE033DeD865E15E69dB06cfFC88d9213,2,True
1187,0,0,0xe5d067D8634E109C077192c34C972A10Ee6FC731,2,True
1186,0,0,0xd0eA237f5782373Cf947bF74379325746Eb48C80,2,True
1185,0,0,0xD390D1351aFd0FBC45dAf2D94273F1611672708a,2,True
1184,0,0,0x60DA07cFb273051AA9827dABFfcD298c305cd00D,2,True
1183,0,0,0xD390D1351aFd0FBC45dAf2D94273F1611672708a,2,True
1182,0,0,0xd0eA237f5782373Cf947bF74379325746Eb48C80,2,True
1181,0,0,0xEc3ccfaf0a160D5A09Fcd7578989F5a6B8cdc489,2,True
1180,0,0,0xF035561dcE033DeD865E15E69dB06cfFC88d9213,2,True
1179,0,0,0x9f643a408f3a287cA0D019176C288e2C5a8dA7c4,0,False
1179,0,1,0xc8030B11Ff7052436D9670188d00890B9F48A06A,2,True
1179,0,2,0x1bc9e52bAa93Dab1a47c3168f6d82ED08856Ec83,2,True
1178,0,0,0x60DA07cFb273051AA9827dABFfcD298c305cd00D,2,True
1177,0,0,0x9bfDA54A453F503d487f2F32554dE73f03E24853,2,True
1177,0,1,0xA64A17a51482F96A794C08fa3E61bB6260EEB2Ca,2,True
1177,0,2,0x607dEe1d3576a61D9684c445645794bA891d34b7,2,True
1176,0,0,0xA867aaBd9F861d63EA451549FA429A48fb527362,1,True
1176,1,0,0x2598ddBEeCD659D56F1918a5973C927B129b13eC,2,True
1176,1,1,0x2666A31145239e45478afF1244E707832cE79cE9,2,True
1176,1,2,0x7a05B7419cd36D4F2DF42Ac6c2505013e996d9E3,1,True
1175,0,0,0x2cB62f69D47921da5B0bdd5c650685a2ac9C3853,1,True
1175,1,0,0xE86e325C60d1C69f6020BDf54cD17bd715Db3156,2,True
1175,1,1,0x60DA07cFb273051AA9827dABFfcD298c305cd00D,2,True
1175,1,2,0x4e3d8AB2474f0BCF8f145EbdC2D7727C3024DAbf,0,False
1174,0,0,0x91CcBaB90e454213c6E61FdA4662d47107C83E69,2,True
1174,1,0,0x91CcBaB90e454213c6E61FdA4662d47107C83E69,2,True
1174,1,1,0x574C1b19d8C40fb897B66C4d681E876FFE41Ee50,2,True
1174,1,2,0xd0eA237f5782373Cf947bF74379325746Eb48C80,2,True
1173,0,0,0x1FcB32c860b9F4c0DF99d1fd54E7CE958E9e93cC,2,True
1173,1,0,0xD390D1351aFd0FBC45dAf2D94273F1611672708a,2,True
1173,1,1,0x1D9a3491E28c2E688d9C3C846391eeF345d68C6c,1,True
1173,1,2,0x2598ddBEeCD659D56F1918a5973C927B129b13eC,2,True
1172,0,0,0x69624640535E70a158FE9C2FA1DB4E5e4827A32e,2,True
1171,0,0,0x574C1b19d8C40fb897B66C4d681E876FFE41Ee50,2,True
1170,0,0,0x546E1f8a771e1B6e867dD0524dcBc1AB368f12AA,1,True
1170,0,1,0x60DA07cFb273051AA9827dABFfcD298c305cd00D,2,True
1170,0,2,0xB2a85dA2Ecc3fFB4d3a730E119D8cAB5743096FC,2,True
1170,1,0,0x546E1f8a771e1B6e867dD0524dcBc1AB368f12AA,1,True
1170,1,1,0xc43f914C4a29901301BB5A889391e2DFdBE948E7,0,False
1170,1,2,0x60DA07cFb273051AA9827dABFfcD298c305cd00D,1,True
1170,1,3,0xC5060b33b82528ABF7AA8d7778e267F0fEb71792,1,True
1170,1,4,0xC5060b33b82528ABF7AA8d7778e267F0fEb71792,1,True
1170,1,5,0xe599435b865ceF666F304031f54DfA3fB2E1bAdF,2,True
1170,1,6,0x7e87c1d5c8f74b293DCCCFad4ec9b663D7Aa9c7b,0,False
1170,2,0,0x5e7B645d5Bf86750CB1913122ba8A8545e2A9FD1,2,True
1170,2,1,0x60DA07cFb273051AA9827dABFfcD298c305cd00D,1,True
1170,2,2,0x546E1f8a771e1B6e867dD0524dcBc1AB368f12AA,1,True
1170,2,3,0xc764d75FE1c892bA39cAAF02eFD44aE606B52A0C,1,True
1170,2,4,0x5e7B645d5Bf86750CB1913122ba8A8545e2A9FD1,2,True
1170,2,5,0xc764d75FE1c892bA39cAAF02eFD44aE606B52A0C,1,True
1170,2,6,0x5e7B645d5Bf86750CB1913122ba8A8545e2A9FD1,2,True
1170,2,7,0xc764d75FE1c892bA39cAAF02eFD44aE606B52A0C,1,True
1170,2,8,0x5e7B645d5Bf86750CB1913122ba8A8545e2A9FD1,2,True
1170,2,9,0x5e7B645d5Bf86750CB1913122ba8A8545e2A9FD1,2,True
1170,2,10,0xc8030B11Ff7052436D9670188d00890B9F48A06A,1,True
1170,2,11,0xC5060b33b82528ABF7AA8d7778e267F0fEb71792,1,True
1170,2,12,0x5e7B645d5Bf86750CB1913122ba8A8545e2A9FD1,2,True
1170,2,13,0xC5060b33b82528ABF7AA8d7778e267F0fEb71792,1,True
1170,2,14,0x60DA07cFb273051AA9827dABFfcD298c305cd00D,1,True
1170,3,0,0x930c54fD12Bc507DE14ce3967E715e6D9cD70ec4,2,True
1170,3,1,0x930c54fD12Bc507DE14ce3967E715e6D9cD70ec4,2,True
1170,3,2,0x930c54fD12Bc507DE14ce3967E715e6D9cD70ec4,2,True
1170,3,3,0x546E1f8a771e1B6e867dD0524dcBc1AB368f12AA,1,True
1170,3,4,0x5e7B645d5Bf86750CB1913122ba8A8545e2A9FD1,2,True
1170,3,5,0x930c54fD12Bc507DE14ce3967E715e6D9cD70ec4,2,True
1170,3,6,0x546E1f8a771e1B6e867dD0524dcBc1AB368f12AA,1,True
1170,3,7,0xe599435b865ceF666F304031f54DfA3fB2E1bAdF,2,True
1170,3,8,0x546E1f8a771e1B6e867dD0524dcBc1AB368f12AA,1,True
1170,3,9,0x930c54fD12Bc507DE14ce3967E715e6D9cD70ec4,2,True
1170,3,10,0x60DA07cFb273051AA9827dABFfcD298c305cd00D,1,True
1170,3,11,0x546E1f8a771e1B6e867dD0524dcBc1AB368f12AA,1,True
1170,3,12,0x930c54fD12Bc507DE14ce3967E715e6D9cD70ec4,2,True
1170,3,13,0x334F12AfB7D8740868bE04719639616533075234,2,True
1170,3,14,0x546E1f8a771e1B6e867dD0524dcBc1AB368f12AA,1,True
1170,3,15,0x334F12AfB7D8740868bE04719639616533075234,2,True
1170,3,16,0xc8030B11Ff7052436D9670188d00890B9F48A06A,1,True
1170,3,17,0x930c54fD12Bc507DE14ce3967E715e6D9cD70ec4,2,True
1170,3,18,0x930c54fD12Bc507DE14ce3967E715e6D9cD70ec4,2,True
1170,3,19,0x334F12AfB7D8740868bE04719639616533075234,2,True
1170,3,20,0x546E1f8a771e1B6e867dD0524dcBc1AB368f12AA,1,True
1170,3,21,0x5e7B645d5Bf86750CB1913122ba8A8545e2A9FD1,2,True
1170,3,22,0x5e7B645d5Bf86750CB1913122ba8A8545e2A9FD1,2,True
1170,3,23,0x546E1f8a771e1B6e867dD0524dcBc1AB368f12AA,1,True
1170,3,24,0xc764d75FE1c892bA39cAAF02eFD44aE606B52A0C,1,True
1170,3,25,0xc764d75FE1c892bA39cAAF02eFD44aE606B52A0C,1,True
1170,3,26,0x546E1f8a771e1B6e867dD0524dcBc1AB368f12AA,1,True
1170,3,27,0xc764d75FE1c892bA39cAAF02eFD44aE606B52A0C,1,True
1170,3,28,0xc764d75FE1c892bA39cAAF02eFD44aE606B52A0C,1,True
1170,3,29,0xc764d75FE1c892bA39cAAF02eFD44aE606B52A0C,1,True
1170,3,30,0x334F12AfB7D8740868bE04719639616533075234,2,True
1170,4,0,0xc764d75FE1c892bA39cAAF02eFD44aE606B52A0C,1,True
1170,4,1,0x60DA07cFb273051AA9827dABFfcD298c305cd00D,1,True
1170,4,2,0x334F12AfB7D8740868bE04719639616533075234,2,True
1170,4,3,0x930c54fD12Bc507DE14ce3967E715e6D9cD70ec4,2,True
1170,4,4,0xc764d75FE1c892bA39cAAF02eFD44aE606B52A0C,1,True
1170,4,5,0x334F12AfB7D8740868bE04719639616533075234,2,True
1170,4,6,0xc43f914C4a29901301BB5A889391e2DFdBE948E7,0,False
1170,4,7,0x334F12AfB7D8740868bE04719639616533075234,2,True
1170,4,8,0x930c54fD12Bc507DE14ce3967E715e6D9cD70ec4,2,True
1170,4,9,0x334F12AfB7D8740868bE04719639616533075234,2,True
1170,4,10,0x930c54fD12Bc507DE14ce3967E715e6D9cD70ec4,2,True
1170,4,11,0x334F12AfB7D8740868bE04719639616533075234,2,True
1170,4,12,0x930c54fD12Bc507DE14ce3967E715e6D9cD70ec4,2,True
1170,4,13,0x5e7B645d5Bf86750CB1913122ba8A8545e2A9FD1,2,True
1170,4,14,0x334F12AfB7D8740868bE04719639616533075234,2,True
1170,4,15,0x334F12AfB7D8740868bE04719639616533075234,2,True
1170,4,16,0xc764d75FE1c892bA39cAAF02eFD44aE606B52A0C,1,True
1170,4,17,0x930c54fD12Bc507DE14ce3967E715e6D9cD70ec4,2,True
1170,4,18,0x334F12AfB7D8740868bE04719639616533075234,2,True
1170,4,19,0x930c54fD12Bc507DE14ce3967E715e6D9cD70ec4,2,True
1170,4,20,0xc764d75FE1c892bA39cAAF02eFD44aE606B52A0C,1,True
1170,4,21,0x930c54fD12Bc507DE14ce3967E715e6D9cD70ec4,2,True
1170,4,22,0xE86e325C60d1C69f6020BDf54cD17bd715Db3156,1,True
1170,4,23,0xc8030B11Ff7052436D9670188d00890B9F48A06A,1,True
1170,4,24,0x930c54fD12Bc507DE14ce3967E715e6D9cD70ec4,2,True
1170,4,25,0x334F12AfB7D8740868bE04719639616533075234,2,True
1170,4,26,0x546E1f8a771e1B6e867dD0524dcBc1AB368f12AA,1,True
1170,4,27,0x930c54fD12Bc507DE14ce3967E715e6D9cD70ec4,2,True
1170,4,28,0x334F12AfB7D8740868bE04719639616533075234,2,True
1170,4,29,0xE86e325C60d1C69f6020BDf54cD17bd715Db3156,1,True
1170,4,30,0x5e7B645d5Bf86750CB1913122ba8A8545e2A9FD1,2,True
1170,4,31,0x930c54fD12Bc507DE14ce3967E715e6D9cD70ec4,2,True
1170,4,32,0x334F12AfB7D8740868bE04719639616533075234,2,True
1170,4,33,0x930c54fD12Bc507DE14ce3967E715e6D9cD70ec4,2,True
1170,4,34,0x5e7B645d5Bf86750CB1913122ba8A8545e2A9FD1,2,True
1170,4,35,0xc764d75FE1c892bA39cAAF02eFD44aE606B52A0C,1,True
1170,4,36,0x546E1f8a771e1B6e867dD0524dcBc1AB368f12AA,1,True
1170,4,37,0x930c54fD12Bc507DE14ce3967E715e6D9cD70ec4,2,True
1170,4,38,0x334F12AfB7D8740868bE04719639616533075234,2,True
1170,4,39,0x546E1f8a771e1B6e867dD0524dcBc1AB368f12AA,1,True
1170,4,40,0xc764d75FE1c892bA39cAAF02eFD44aE606B52A0C,1,True
1170,4,41,0x334F12AfB7D8740868bE04719639616533075234,2,True
1170,4,42,0x930c54fD12Bc507DE14ce3967E715e6D9cD70ec4,2,True
1170,4,43,0x930c54fD12Bc507DE14ce3967E715e6D9cD70ec4,2,True
1170,4,44,0xc764d75FE1c892bA39cAAF02eFD44aE606B52A0C,1,True
1170,4,45,0x546E1f8a771e1B6e867dD0524dcBc1AB368f12AA,1,True
1170,4,46,0x546E1f8a771e1B6e867dD0524dcBc1AB368f12AA,1,True
1170,4,47,0x930c54fD12Bc507DE14ce3967E715e6D9cD70ec4,2,True
1170,4,48,0x60DA07cFb273051AA9827dABFfcD298c305cd00D,1,True
1170,4,49,0xc8030B11Ff7052436D9670188d00890B9F48A06A,1,True
1170,4,50,0x334F12AfB7D8740868bE04719639616533075234,2,True
1170,4,51,0x334F12AfB7D8740868bE04719639616533075234,2,True
1170,4,52,0x334F12AfB7D8740868bE04719639616533075234,2,True
1170,4,53,0x334F12AfB7D8740868bE04719639616533075234,2,True
1170,4,54,0x930c54fD12Bc507DE14ce3967E715e6D9cD70ec4,2,True
1170,4,55,0x334F12AfB7D8740868bE04719639616533075234,2,True
1170,4,56,0x60DA07cFb273051AA9827dABFfcD298c305cd00D,1,True
1170,4,57,0x5e7B645d5Bf86750CB1913122ba8A8545e2A9FD1,2,True
1170,4,58,0x334F12AfB7D8740868bE04719639616533075234,2,True
1170,4,59,0x546E1f8a771e1B6e867dD0524dcBc1AB368f12AA,1,True
1170,4,60,0x930c54fD12Bc507DE14ce3967E715e6D9cD70ec4,2,True
1170,4,61,0x930c54fD12Bc507DE14ce3967E715e6D9cD70ec4,2,True
1170,4,62,0x546E1f8a771e1B6e867dD0524dcBc1AB368f12AA,1,True
1170,5,0,0x930c54fD12Bc507DE14ce3967E715e6D9cD70ec4,2,True
1170,5,1,0x60DA07cFb273051AA9827dABFfcD298c305cd00D,2,True
1170,5,2,0xFD4bA0A1C08E0aF938A2B1AC06E8937c8535eC93,1,True
1170,5,3,0x4cec7A678C6479Cc5610684605aeE0d811b74625,0,False
1170,5,4,0x95EaD4F11A86DE0b44d2C7A5Fb0688Ad03c80202,2,True
1170,5,5,0x334F12AfB7D8740868bE04719639616533075234,2,True
1170,5,6,0x5e7B645d5Bf86750CB1913122ba8A8545e2A9FD1,2,True
1170,5,7,0x9bfDA54A453F503d487f2F32554dE73f03E24853,0,False
1170,5,8,0xE86e325C60d1C69f6020BDf54cD17bd715Db3156,1,True
1170,5,9,0x930c54fD12Bc507DE14ce3967E715e6D9cD70ec4,2,True
1170,5,10,0x334F12AfB7D8740868bE04719639616533075234,2,True
1170,5,11,0x930c54fD12Bc507DE14ce3967E715e6D9cD70ec4,2,True
1170,5,12,0x930c54fD12Bc507DE14ce3967E715e6D9cD70ec4,2,True
1170,5,13,0x334F12AfB7D8740868bE04719639616533075234,2,True
1170,5,14,0x546E1f8a771e1B6e867dD0524dcBc1AB368f12AA,1,True
1170,5,15,0x334F12AfB7D8740868bE04719639616533075234,2,True
1170,5,16,0x334F12AfB7D8740868bE04719639616533075234,2,True
1170,5,17,0xfEE51d3eA7D4D57105F653403FF01A75bb1125B2,2,True
1170,5,18,0xF035561dcE033DeD865E15E69dB06cfFC88d9213,2,True
1170,5,19,0x334F12AfB7D8740868bE04719639616533075234,2,True
1170,5,20,0x5e7B645d5Bf86750CB1913122ba8A8545e2A9FD1,2,True
1170,5,21,0x334F12AfB7D8740868bE04719639616533075234,2,True
1170,5,22,0x334F12AfB7D8740868bE04719639616533075234,2,True
1170,5,23,0x5e7B645d5Bf86750CB1913122ba8A8545e2A9FD1,2,True
1170,5,24,0xA64A17a51482F96A794C08fa3E61bB6260EEB2Ca,2,True
1170,5,25,0x334F12AfB7D8740868bE04719639616533075234,2,True
1170,5,26,0x930c54fD12Bc507DE14ce3967E715e6D9cD70ec4,2,True
1170,5,27,0x930c54fD12Bc507DE14ce3967E715e6D9cD70ec4,2,True
1170,5,28,0x546E1f8a771e1B6e867dD0524dcBc1AB368f12AA,1,True
1170,5,29,0x546E1f8a771e1B6e867dD0524dcBc1AB368f12AA,1,True
1170,5,30,0xbE18DAabFf5a5CF8e38E42864cfbaADf06dBb35d,0,False
1170,5,31,0x334F12AfB7D8740868bE04719639616533075234,2,True
1170,5,32,0x334F12AfB7D8740868bE04719639616533075234,2,True
1170,5,33,0x930c54fD12Bc507DE14ce3967E715e6D9cD70ec4,2,True
1170,5,34,0x930c54fD12Bc507DE14ce3967E715e6D9cD70ec4,2,True
1170,5,35,0x57c27bbd53afE10af0BF59a8A827bf3dc9647791,1,True
1170,5,36,0xE86e325C60d1C69f6020BDf54cD17bd715Db3156,1,True
1170,5,37,0x546E1f8a771e1B6e867dD0524dcBc1AB368f12AA,1,True
1170,5,38,0x930c54fD12Bc507DE14ce3967E715e6D9cD70ec4,2,True
1170,5,39,0x60DA07cFb273051AA9827dABFfcD298c305cd00D,2,True
1170,5,40,0x5e7B645d5Bf86750CB1913122ba8A8545e2A9FD1,2,True
1170,5,41,0x4cec7A678C6479Cc5610684605aeE0d811b74625,0,False
1170,5,42,0xdac042B2a02FCc18b09B9597fd15FAa169dD7e60,2,True
1170,5,43,0xE86e325C60d1C69f6020BDf54cD17bd715Db3156,1,True
1170,5,44,0x930c54fD12Bc507DE14ce3967E715e6D9cD70ec4,2,True
1170,5,45,0xA64A17a51482F96A794C08fa3E61bB6260EEB2Ca,2,True
1170,5,46,0xFD4bA0A1C08E0aF938A2B1AC06E8937c8535eC93,1,True
1170,5,47,0x334F12AfB7D8740868bE04719639616533075234,2,True
1170,5,48,0xfEE51d3eA7D4D57105F653403FF01A75bb1125B2,2,True
1170,5,49,0x57c27bbd53afE10af0BF59a8A827bf3dc9647791,1,True
1170,5,50,0x95EaD4F11A86DE0b44d2C7A5Fb0688Ad03c80202,2,True
1170,5,51,0x334F12AfB7D8740868bE04719639616533075234,2,True
1170,5,52,0x57c27bbd53afE10af0BF59a8A827bf3dc9647791,1,True
1170,5,53,0x546E1f8a771e1B6e867dD0524dcBc1AB368f12AA,1,True
1170,5,54,0x930c54fD12Bc507DE14ce3967E715e6D9cD70ec4,2,True
1170,5,55,0x930c54fD12Bc507DE14ce3967E715e6D9cD70ec4,2,True
1170,5,56,0x930c54fD12Bc507DE14ce3967E715e6D9cD70ec4,2,True
1170,5,57,0x930c54fD12Bc507DE14ce3967E715e6D9cD70ec4,2,True
1170,5,58,0xB2a85dA2Ecc3fFB4d3a730E119D8cAB5743096FC,0,False
1170,5,59,0x78b9E3a7a1845C3cA7aB7D19B9fA20F11a87dA56,0,False
1170,5,60,0x546E1f8a771e1B6e867dD0524dcBc1AB368f12AA,1,True
1170,5,61,0x546E1f8a771e1B6e867dD0524dcBc1AB368f12AA,1,True
1170,5,62,0x5e7B645d5Bf86750CB1913122ba8A8545e2A9FD1,2,True
1170,5,63,0x930c54fD12Bc507DE14ce3967E715e6D9cD70ec4,2,True
1170,5,64,0x60DA07cFb273051AA9827dABFfcD298c305cd00D,2,True
1170,5,65,0x60DA07cFb273051AA9827dABFfcD298c305cd00D,2,True
1170,5,66,0x334F12AfB7D8740868bE04719639616533075234,2,True
1170,5,67,0x546E1f8a771e1B6e867dD0524dcBc1AB368f12AA,1,True
1170,5,68,0x930c54fD12Bc507DE14ce3967E715e6D9cD70ec4,2,True
1170,5,69,0xE86e325C60d1C69f6020BDf54cD17bd715Db3156,1,True
1170,5,70,0xfEE51d3eA7D4D57105F653403FF01A75bb1125B2,2,True
1170,5,71,0x930c54fD12Bc507DE14ce3967E715e6D9cD70ec4,2,True
1170,5,72,0x95EaD4F11A86DE0b44d2C7A5Fb0688Ad03c80202,2,True
1170,5,73,0x5e7B645d5Bf86750CB1913122ba8A8545e2A9FD1,2,True
1170,5,74,0x546E1f8a771e1B6e867dD0524dcBc1AB368f12AA,1,True
1170,5,75,0x930c54fD12Bc507DE14ce3967E715e6D9cD70ec4,2,True
1170,5,76,0x930c54fD12Bc507DE14ce3967E715e6D9cD70ec4,2,True
1170,5,77,0x5e7B645d5Bf86750CB1913122ba8A8545e2A9FD1,2,True
1170,5,78,0x9b70502efAaF3470F62ca3A27F7EaB37942f4E80,2,True
1170,5,79,0xE86e325C60d1C69f6020BDf54cD17bd715Db3156,1,True
1170,5,80,0x930c54fD12Bc507DE14ce3967E715e6D9cD70ec4,2,True
1170,5,81,0x930c54fD12Bc507DE14ce3967E715e6D9cD70ec4,2,True
1170,5,82,0x95EaD4F11A86DE0b44d2C7A5Fb0688Ad03c80202,2,True
1170,5,83,0xA64A17a51482F96A794C08fa3E61bB6260EEB2Ca,2,True
1170,5,84,0x546E1f8a771e1B6e867dD0524dcBc1AB368f12AA,1,True
1170,5,85,0xbE18DAabFf5a5CF8e38E42864cfbaADf06dBb35d,0,False
1170,5,86,0x95EaD4F11A86DE0b44d2C7A5Fb0688Ad03c80202,2,True
1170,5,87,0xF035561dcE033DeD865E15E69dB06cfFC88d9213,2,True
1170,5,88,0x930c54fD12Bc507DE14ce3967E715e6D9cD70ec4,2,True
1170,5,89,0x930c54fD12Bc507DE14ce3967E715e6D9cD70ec4,2,True
1170,5,90,0x334F12AfB7D8740868bE04719639616533075234,2,True
1170,5,91,0x546E1f8a771e1B6e867dD0524dcBc1AB368f12AA,1,True
1170,5,92,0x5e7B645d5Bf86750CB1913122ba8A8545e2A9FD1,2,True
1170,5,93,0x930c54fD12Bc507DE14ce3967E715e6D9cD70ec4,2,True
1170,5,94,0x334F12AfB7D8740868bE04719639616533075234,2,True
1170,5,95,0x334F12AfB7D8740868bE04719639616533075234,2,True
1170,5,96,0xF035561dcE033DeD865E15E69dB06cfFC88d9213,2,True
1170,5,97,0x95EaD4F11A86DE0b44d2C7A5Fb0688Ad03c80202,2,True
1170,5,98,0xFD4bA0A1C08E0aF938A2B1AC06E8937c8535eC93,1,True
1170,5,99,0x95EaD4F11A86DE0b44d2C7A5Fb0688Ad03c80202,2,True
1170,5,100,0x95EaD4F11A86DE0b44d2C7A5Fb0688Ad03c80202,2,True
1170,5,101,0xFD4bA0A1C08E0aF938A2B1AC06E8937c8535eC93,1,True
1170,5,102,0x546E1f8a771e1B6e867dD0524dcBc1AB368f12AA,1,True
1170,5,103,0x95EaD4F11A86DE0b44d2C7A5Fb0688Ad03c80202,2,True
1170,5,104,0x95EaD4F11A86DE0b44d2C7A5Fb0688Ad03c80202,2,True
1170,5,105,0x334F12AfB7D8740868bE04719639616533075234,2,True
1170,5,106,0x930c54fD12Bc507DE14ce3967E715e6D9cD70ec4,2,True
1170,5,107,0x95EaD4F11A86DE0b44d2C7A5Fb0688Ad03c80202,2,True
1170,5,108,0xE86e325C60d1C69f6020BDf54cD17bd715Db3156,1,True
1170,5,109,0xfEE51d3eA7D4D57105F653403FF01A75bb1125B2,2,True
1170,5,110,0x930c54fD12Bc507DE14ce3967E715e6D9cD70ec4,2,True
1170,5,111,0x60DA07cFb273051AA9827dABFfcD298c305cd00D,2,True
1170,5,112,0x546E1f8a771e1B6e867dD0524dcBc1AB368f12AA,1,True
1170,5,113,0x930c54fD12Bc507DE14ce3967E715e6D9cD70ec4,2,True
1170,5,114,0x60DA07cFb273051AA9827dABFfcD298c305cd00D,2,True
1170,5,115,0x930c54fD12Bc507DE14ce3967E715e6D9cD70ec4,2,True
1170,5,116,0x404bC8c36188CB2A0E20EB49E4f2C7F12Dd15CE1,0,False
1170,5,117,0x9bfDA54A453F503d487f2F32554dE73f03E24853,0,False
1170,5,118,0xFD4bA0A1C08E0aF938A2B1AC06E8937c8535eC93,1,True
1170,5,119,0x546E1f8a771e1B6e867dD0524dcBc1AB368f12AA,1,True
1170,5,120,0x95EaD4F11A86DE0b44d2C7A5Fb0688Ad03c80202,2,True
1170,5,121,0x930c54fD12Bc507DE14ce3967E715e6D9cD70ec4,2,True
1170,5,122,0x9bfDA54A453F503d487f2F32554dE73f03E24853,0,False
1170,5,123,0x4cec7A678C6479Cc5610684605aeE0d811b74625,0,False
1170,5,124,0x60DA07cFb273051AA9827dABFfcD298c305cd00D,2,True
1170,5,125,0x60DA07cFb273051AA9827dABFfcD298c305cd00D,2,True
1170,5,126,0x4cec7A678C6479Cc5610684605aeE0d811b74625,0,False
1169,0,0,0x0B757D70e6911fD5c3E7e8157da0069ce7657f34,2,True
1168,0,0,0xdceFd7f01d32041CDC88D00296363BcC78658d10,0,False
1167,0,0,0x4a2c5a0Af8b29cD5Fd8Eb1d02a83150A3ee10488,1,True
1166,0,0,0xA8BaE0Ae470BF98B017c522C985ED1F7b2a1D0E1,2,True
1166,1,0,0xa07f5Ffd166Ca3Ff7567e96a0430F1496cdb470a,2,True
1166,1,1,0xa07f5Ffd166Ca3Ff7567e96a0430F1496cdb470a,2,True
1166,1,2,0xC6D8ba7832a9A1B8ebB47D96A96733260056D996,0,False
1165,0,0,0x2cB62f69D47921da5B0bdd5c650685a2ac9C3853,1,True
1164,0,0,0xE86e325C60d1C69f6020BDf54cD17bd715Db3156,2,True
1163,0,0,0xcD69BD84f20eA1919CB842D4421Ba7e4Cb99a427,1,True
1162,0,0,0xc764d75FE1c892bA39cAAF02eFD44aE606B52A0C,2,True
1161,0,0,0x9f643a408f3a287cA0D019176C288e2C5a8dA7c4,0,False
1161,0,1,0x9b70502efAaF3470F62ca3A27F7EaB37942f4E80,2,True
1161,0,2,0x9bfDA54A453F503d487f2F32554dE73f03E24853,2,True
1160,0,0,0x4C728474925da183b41c4eB73A624D01812a020b,2,True
1159,0,0,0xA33d400E91342D6e4dcE8c5584F706b4Ea000bA6,0,False
1158,0,0,0x91e0346A89438C8084ab1827467D014C84b0f85a,2,True
1157,0,0,0x982f5698fEBb2b8d1B9a560228ABBCEAfBB11568,2,True
1156,0,0,0xE86e325C60d1C69f6020BDf54cD17bd715Db3156,1,True
1155,0,0,0xF035561dcE033DeD865E15E69dB06cfFC88d9213,1,True
1155,0,1,0xA64A17a51482F96A794C08fa3E61bB6260EEB2Ca,1,True
1155,0,2,0x91e0346A89438C8084ab1827467D014C84b0f85a,1,True
1154,0,0,0x10707F6060E7B3565A784628633DCe54AF9f0D01,2,True
1153,0,0,0x1D9a3491E28c2E688d9C3C846391eeF345d68C6c,2,True
1152,0,0,0x55ee554Ec351Bcf31cE430F662A535199c33aA6b,1,True
1151,0,0,0x7fe15a3DBbb0aAA4Dec351d9F6fE7FfB5490E86C,2,True
1151,1,0,0x1D9a3491E28c2E688d9C3C846391eeF345d68C6c,2,True
1151,1,1,0xD390D1351aFd0FBC45dAf2D94273F1611672708a,2,True
1151,1,2,0xddE50755a92C2c27865749d61675AD6cFf1D3399,2,True
1151,2,0,0x574C1b19d8C40fb897B66C4d681E876FFE41Ee50,1,True
1151,2,1,0x91CcBaB90e454213c6E61FdA4662d47107C83E69,1,True
1151,2,2,0x91e0346A89438C8084ab1827467D014C84b0f85a,1,True
1151,2,3,0xA966cd3Fe32BaEa7b9e18DF78d9f6286d5e50ff0,0,False
1151,2,4,0x4a2c5a0Af8b29cD5Fd8Eb1d02a83150A3ee10488,1,True
1151,2,5,0xD96Ef6D720D150eFC16790250777E9550d3851Af,1,True
1151,2,6,0xA867aaBd9F861d63EA451549FA429A48fb527362,2,True
1150,0,0,0x1FcB32c860b9F4c0DF99d1fd54E7CE958E9e93cC,2,True
1149,0,0,0xE86e325C60d1C69f6020BDf54cD17bd715Db3156,2,True
1148,0,0,0xD390D1351aFd0FBC45dAf2D94273F1611672708a,2,True
1147,0,0,0x0A388F92F1526Fa3d4CC317D8Fe8004b03B9DCd7,2,True
1146,0,0,0x574C1b19d8C40fb897B66C4d681E876FFE41Ee50,1,True
1145,0,0,0xc764d75FE1c892bA39cAAF02eFD44aE606B52A0C,2,True
1144,0,0,0x982f5698fEBb2b8d1B9a560228ABBCEAfBB11568,2,True
1143,0,0,0x2598ddBEeCD659D56F1918a5973C927B129b13eC,2,True
1142,0,0,0xc8030B11Ff7052436D9670188d00890B9F48A06A,2,True
1141,0,0,0xD390D1351aFd0FBC45dAf2D94273F1611672708a,2,True
1140,0,0,0x60DA07cFb273051AA9827dABFfcD298c305cd00D,2,True
1139,0,0,0x91e0346A89438C8084ab1827467D014C84b0f85a,1,True
1138,0,0,0x1FcB32c860b9F4c0DF99d1fd54E7CE958E9e93cC,2,True
1137,0,0,0xA867aaBd9F861d63EA451549FA429A48fb527362,2,True
1136,0,0,0x0065A0dE2b430c502F75bFF3716Fe5a222Cd4E3b,1,True
1135,0,0,0x55ee554Ec351Bcf31cE430F662A535199c33aA6b,2,True
1135,1,0,0x4a2c5a0Af8b29cD5Fd8Eb1d02a83150A3ee10488,2,True
1135,1,1,0x60DA07cFb273051AA9827dABFfcD298c305cd00D,2,True
1135,1,2,0x06F65D5e97b796E47263110F305d005b2733CD1a,1,True
1134,0,0,0x0B757D70e6911fD5c3E7e8157da0069ce7657f34,2,True
1133,0,0,0x91e0346A89438C8084ab1827467D014C84b0f85a,2,True
1132,0,0,0x2cB62f69D47921da5B0bdd5c650685a2ac9C3853,2,True
1131,0,0,0x574C1b19d8C40fb897B66C4d681E876FFE41Ee50,2,True
1130,0,0,0xA867aaBd9F861d63EA451549FA429A48fb527362,2,True
1129,0,0,0xFc861F218EDdA7B196A1B3f0Fd6Da7010cD596FA,2,True
1128,0,0,0xA867aaBd9F861d63EA451549FA429A48fb527362,1,True
1127,0,0,0xA867aaBd9F861d63EA451549FA429A48fb527362,2,True
1126,0,0,0x271F379b4FA3D1f362Ad86Eb1Ee7108060a7fc09,2,True
1125,0,0,0x55ee554Ec351Bcf31cE430F662A535199c33aA6b,1,True
1125,0,1,0x06F65D5e97b796E47263110F305d005b2733CD1a,2,True
1125,0,2,0x0386283D182A33f2Ee375090ed591440160Ff158,0,False
1125,0,3,0x334F12AfB7D8740868bE04719639616533075234,2,True
1125,0,4,0xc6d63A94B556239ccDe8905129032Dcd8627e079,2,True
1125,0,5,0x60DA07cFb273051AA9827dABFfcD298c305cd00D,1,True
1125,0,6,0x12FA14C9F49CeE96c4F6ba8c7497F7Ef825cAe37,2,True
1125,0,7,0xC1316c97b73bDd460e2A55718E36b20D2C2D4dd1,2,True
1125,0,8,0xc6d63A94B556239ccDe8905129032Dcd8627e079,2,True
1125,0,9,0x5e7B645d5Bf86750CB1913122ba8A8545e2A9FD1,2,True
1125,0,10,0x334F12AfB7D8740868bE04719639616533075234,2,True
1125,0,11,0x930c54fD12Bc507DE14ce3967E715e6D9cD70ec4,2,True
1125,0,12,0x3A38dba307b17512B781d478fB95Dd1CD376c187,2,True
1125,0,13,0xB01a495A04Ea596F470D35B44BBcEBECc26374f6,0,False
1125,0,14,0x55ee554Ec351Bcf31cE430F662A535199c33aA6b,1,True
1125,0,15,0x930c54fD12Bc507DE14ce3967E715e6D9cD70ec4,2,True
1125,0,16,0xc6d63A94B556239ccDe8905129032Dcd8627e079,2,True
1125,0,17,0x60DA07cFb273051AA9827dABFfcD298c305cd00D,1,True
1125,0,18,0x55ee554Ec351Bcf31cE430F662A535199c33aA6b,1,True
1125,0,19,0x334F12AfB7D8740868bE04719639616533075234,2,True
1125,0,20,0x91e0346A89438C8084ab1827467D014C84b0f85a,2,True
1125,0,21,0xc6d63A94B556239ccDe8905129032Dcd8627e079,2,True
1125,0,22,0x930c54fD12Bc507DE14ce3967E715e6D9cD70ec4,2,True
1125,0,23,0xD64FE7851A65ae5db6Bc68c1DAFC8f7E2442f856,0,False
1125,0,24,0x930c54fD12Bc507DE14ce3967E715e6D9cD70ec4,2,True
1125,0,25,0x1FcB32c860b9F4c0DF99d1fd54E7CE958E9e93cC,2,True
1125,0,26,0xDdd5CE3Bdf841aC617f24E673745f5B1AcC9f291,2,True
1125,0,27,0x7C5BD19Fed8325fD060eA2A61DD7cE6Fe3E13C80,0,True
1125,0,28,0xc6d63A94B556239ccDe8905129032Dcd8627e079,2,True
1125,0,29,0x7a05B7419cd36D4F2DF42Ac6c2505013e996d9E3,2,True
1125,0,30,0x60DA07cFb273051AA9827dABFfcD298c305cd00D,1,True
1124,0,0,0xF9eaab27B00b9bBc8FBFA6c58DC2653bef4B461a,1,True
1123,0,0,0x1FcB32c860b9F4c0DF99d1fd54E7CE958E9e93cC,2,True
1122,0,0,0xA867aaBd9F861d63EA451549FA429A48fb527362,1,True
1122,1,0,0x2be87ce2a957859dacf460C507fa76aE80260b58,1,True
1122,1,1,0x7Aa4E583626d0B4D5393132F4Cf991EC8Ff6F526,1,True
1122,1,2,0xdceFd7f01d32041CDC88D00296363BcC78658d10,1,True
1121,0,0,0x1D9a3491E28c2E688d9C3C846391eeF345d68C6c,2,True
1120,0,0,0x4dFF727Fd5002DAd7E028c6987c394F1913C2137,2,True
1119,0,0,0x1FcB32c860b9F4c0DF99d1fd54E7CE958E9e93cC,2,True
1118,0,0,0xA867aaBd9F861d63EA451549FA429A48fb527362,2,True
1117,0,0,0x271F379b4FA3D1f362Ad86Eb1Ee7108060a7fc09,1,True
1116,0,0,0x2cB62f69D47921da5B0bdd5c650685a2ac9C3853,2,True
1116,0,1,0xA867aaBd9F861d63EA451549FA429A48fb527362,2,True
1116,0,2,0x982f5698fEBb2b8d1B9a560228ABBCEAfBB11568,2,True
1115,0,0,0x2598ddBEeCD659D56F1918a5973C927B129b13eC,2,True
1114,0,0,0xe23D3950576A689C744C8A43ed4D8655DfC78940,2,True
1113,0,0,0xE86e325C60d1C69f6020BDf54cD17bd715Db3156,2,True
1112,0,0,0x3A38dba307b17512B781d478fB95Dd1CD376c187,1,True
1111,0,0,0x3A38dba307b17512B781d478fB95Dd1CD376c187,2,True
1110,0,0,0xEc3ccfaf0a160D5A09Fcd7578989F5a6B8cdc489,2,True
1109,0,0,0x6D9b4346C92ee07eCD1Cc3741f1b96929F10f7B8,2,True
1108,0,0,0x91e0346A89438C8084ab1827467D014C84b0f85a,2,True
1108,0,1,0xA64A17a51482F96A794C08fa3E61bB6260EEB2Ca,2,True
1108,0,2,0x279ba53A1aD77793544eaf2AC7398a7BD7361aAA,2,True
1107,0,0,0xA8BaE0Ae470BF98B017c522C985ED1F7b2a1D0E1,2,True
1106,0,0,0x574C1b19d8C40fb897B66C4d681E876FFE41Ee50,1,True
1105,0,0,0xF418BD64A58d876290Ace7159F89339B3Ad3cAe5,2,True
1104,0,0,0x3A38dba307b17512B781d478fB95Dd1CD376c187,2,True
1103,0,0,0x48909739001FA130Ea554D45508714824C2467B5,0,False
1103,0,1,0x91e0346A89438C8084ab1827467D014C84b0f85a,2,True
1103,0,2,0xa7f47D14f781C3768eF69060Ee458B711650a42c,2,True
1102,0,0,0x1D9a3491E28c2E688d9C3C846391eeF345d68C6c,2,True
1101,0,0,0xaeaD6593710Bf28bF4848b24F4ed1F130773d7E6,2,True
1100,0,0,0xe5DD78C224F26E306c84A9B1aa2DEF30bdf15835,0,False
1100,0,1,0x91e0346A89438C8084ab1827467D014C84b0f85a,2,True
1100,0,2,0x91e0346A89438C8084ab1827467D014C84b0f85a,2,True
1099,0,0,0x12FA14C9F49CeE96c4F6ba8c7497F7Ef825cAe37,2,True
1098,0,0,0xe5DD78C224F26E306c84A9B1aa2DEF30bdf15835,2,True
1098,0,1,0x9b70502efAaF3470F62ca3A27F7EaB37942f4E80,2,True
1098,0,2,0xF035561dcE033DeD865E15E69dB06cfFC88d9213,2,True
1097,0,0,0x1D9a3491E28c2E688d9C3C846391eeF345d68C6c,2,True
1096,0,0,0xA8BaE0Ae470BF98B017c522C985ED1F7b2a1D0E1,2,True
1095,0,0,0x0B757D70e6911fD5c3E7e8157da0069ce7657f34,2,True
1094,0,0,0xA867aaBd9F861d63EA451549FA429A48fb527362,2,True
1093,0,0,0x574C1b19d8C40fb897B66C4d681E876FFE41Ee50,2,True
1092,0,0,0x60DA07cFb273051AA9827dABFfcD298c305cd00D,2,True
1091,0,0,0xA867aaBd9F861d63EA451549FA429A48fb527362,2,True
1090,0,0,0x6D9b4346C92ee07eCD1Cc3741f1b96929F10f7B8,0,False
1089,0,0,0x06F65D5e97b796E47263110F305d005b2733CD1a,2,True
1088,0,0,0xA8BaE0Ae470BF98B017c522C985ED1F7b2a1D0E1,2,True
1087,0,0,0x4A2369C39440C4417B715082CC101cAdA6C4ea6d,2,True
1086,0,0,0x6D9b4346C92ee07eCD1Cc3741f1b96929F10f7B8,2,True
1085,0,0,0xE86e325C60d1C69f6020BDf54cD17bd715Db3156,2,True
1084,0,0,0xA867aaBd9F861d63EA451549FA429A48fb527362,2,True
1083,0,0,0xc8030B11Ff7052436D9670188d00890B9F48A06A,1,True
1082,0,0,0xD0061DeBa693BAbCC3755d5FBe1327e923cb458F,2,True
1081,0,0,0xA8BaE0Ae470BF98B017c522C985ED1F7b2a1D0E1,2,True
1080,0,0,0x2cB62f69D47921da5B0bdd5c650685a2ac9C3853,2,True
1079,0,0,0x04B2730E2d4815F9023d402ab4fD7EeEDD5Cd423,0,False
1078,0,0,0xb841a0A64399e0c391629EDE0ad2cE6336351b33,2,True
1077,0,0,0x91e0346A89438C8084ab1827467D014C84b0f85a,1,True
1077,0,1,0xD2A5317963Ce43ff5e8Ba6FAf0937AF69c0cC5D1,0,False
1077,0,2,0xF035561dcE033DeD865E15E69dB06cfFC88d9213,1,True
1076,0,0,0x7a05B7419cd36D4F2DF42Ac6c2505013e996d9E3,2,True
1075,0,0,0x8f9da872e414211692C3068707B1570B0651b281,2,True
1074,0,0,0x1FcB32c860b9F4c0DF99d1fd54E7CE958E9e93cC,2,True
1073,0,0,0xF9eaab27B00b9bBc8FBFA6c58DC2653bef4B461a,1,True
1073,1,0,0xF035561dcE033DeD865E15E69dB06cfFC88d9213,2,True
1073,1,1,0xA867aaBd9F861d63EA451549FA429A48fb527362,2,True
1073,1,2,0xA867aaBd9F861d63EA451549FA429A48fb527362,2,True
1072,0,0,0x78CA63EaBAE22125cC8D16Ef66d595432D1A240e,2,True
1071,0,0,0x55ee554Ec351Bcf31cE430F662A535199c33aA6b,2,True
1070,0,0,0xf3ad7d08240b09d0ee8aC0811FBeE835Ce2788e1,0,True
1070,0,1,0xf3ad7d08240b09d0ee8aC0811FBeE835Ce2788e1,0,True
1070,0,2,0x91e0346A89438C8084ab1827467D014C84b0f85a,0,True
1069,0,0,0x21E76a0Fe833ec5bFefbfAf9Ddb9c23439818a8c,2,True
1068,0,0,0xE86e325C60d1C69f6020BDf54cD17bd715Db3156,2,True
1067,0,0,0xA867aaBd9F861d63EA451549FA429A48fb527362,2,True
1066,0,0,0x6D9b4346C92ee07eCD1Cc3741f1b96929F10f7B8,2,True
1065,0,0,0x7a05B7419cd36D4F2DF42Ac6c2505013e996d9E3,2,True
1064,0,0,0xC5A835CDbfC26DcD072257851537A17b2900a2bD,0,False
1063,0,0,0xA867aaBd9F861d63EA451549FA429A48fb527362,2,True
1062,0,0,0xA867aaBd9F861d63EA451549FA429A48fb527362,2,True
1061,0,0,0x12FA14C9F49CeE96c4F6ba8c7497F7Ef825cAe37,2,True
1060,0,0,0x4a2c5a0Af8b29cD5Fd8Eb1d02a83150A3ee10488,2,True
1059,0,0,0xE86e325C60d1C69f6020BDf54cD17bd715Db3156,2,True
1058,0,0,0x7644c9C10D6A2C970BF3cb50E957e3fEAacE6CB2,1,True
1057,0,0,0x0B757D70e6911fD5c3E7e8157da0069ce7657f34,1,True
1056,0,0,0x574C1b19d8C40fb897B66C4d681E876FFE41Ee50,2,True
1055,0,0,0x60DA07cFb273051AA9827dABFfcD298c305cd00D,1,True
1054,0,0,0x4a2c5a0Af8b29cD5Fd8Eb1d02a83150A3ee10488,2,True
1053,0,0,0xc764d75FE1c892bA39cAAF02eFD44aE606B52A0C,2,True
1052,0,0,0xA8BaE0Ae470BF98B017c522C985ED1F7b2a1D0E1,1,True
1051,0,0,0xFAe184739fBAa9c796fd0a28e96AEE2A295567e4,0,False
1050,0,0,0x6D7A36B2d02a2c4aFcAaCC301910E3e0155a4c37,0,False
1049,0,0,0xf3ad7d08240b09d0ee8aC0811FBeE835Ce2788e1,0,False
1049,0,1,0xf3ad7d08240b09d0ee8aC0811FBeE835Ce2788e1,0,False
1049,0,2,0xf3ad7d08240b09d0ee8aC0811FBeE835Ce2788e1,0,False
1048,0,0,0x1FcB32c860b9F4c0DF99d1fd54E7CE958E9e93cC,2,True
1047,0,0,0x4a557944f9b653ac948e26b56ea3E7ADb25c49C3,2,True
1046,0,0,0xF035561dcE033DeD865E15E69dB06cfFC88d9213,2,True
1045,0,0,0x6D9b4346C92ee07eCD1Cc3741f1b96929F10f7B8,2,True
1044,0,0,0x4dFF727Fd5002DAd7E028c6987c394F1913C2137,2,True
1043,0,0,0x4a2c5a0Af8b29cD5Fd8Eb1d02a83150A3ee10488,2,True
1042,0,0,0x7fe15a3DBbb0aAA4Dec351d9F6fE7FfB5490E86C,2,True
1041,0,0,0x215C050A6a9f8105c48BBDd0df6524799188cFF4,2,True
1040,0,0,0x33CaF240767cF48acFae99c9A3Dd2b8e7164d89C,2,True
1039,0,0,0xE86e325C60d1C69f6020BDf54cD17bd715Db3156,1,True
1038,0,0,0x5FDAb11E7D3ae700AF9e8c50e976CD0A85b12438,0,True
1038,0,1,0x930c54fD12Bc507DE14ce3967E715e6D9cD70ec4,0,True
1038,0,2,0xc6d63A94B556239ccDe8905129032Dcd8627e079,0,True
1038,0,3,0x0E124fB703BAe79cbC11a6CfDA5c40A766D20394,0,False
1038,0,4,0x0E124fB703BAe79cbC11a6CfDA5c40A766D20394,0,False
1038,0,5,0xA867aaBd9F861d63EA451549FA429A48fb527362,0,True
1038,0,6,0xC0B53221A7dbcbcE68441C26ea4DA73266D6bc20,0,True
1038,0,7,0x4Cf25cc40610269E7c6Cf5C0a76EdA5513A1e13a,0,False
1038,0,8,0x334F12AfB7D8740868bE04719639616533075234,0,True
1038,0,9,0x334F12AfB7D8740868bE04719639616533075234,0,True
1038,0,10,0xf3ad7d08240b09d0ee8aC0811FBeE835Ce2788e1,0,True
1038,0,11,0xc6d63A94B556239ccDe8905129032Dcd8627e079,0,True
1038,0,12,0x930c54fD12Bc507DE14ce3967E715e6D9cD70ec4,0,True
1038,0,13,0x6D9b4346C92ee07eCD1Cc3741f1b96929F10f7B8,0,True
1038,0,14,0x0E124fB703BAe79cbC11a6CfDA5c40A766D20394,0,False
1038,0,15,0x369D5fEB8C7C55373Cf5be8C0b1180EA272c85c6,0,True
1038,0,16,0x334F12AfB7D8740868bE04719639616533075234,0,True
1038,0,17,0x930c54fD12Bc507DE14ce3967E715e6D9cD70ec4,0,True
1038,0,18,0x930c54fD12Bc507DE14ce3967E715e6D9cD70ec4,0,True
1038,0,19,0xA867aaBd9F861d63EA451549FA429A48fb527362,0,True
1038,0,20,0x91CcBaB90e454213c6E61FdA4662d47107C83E69,0,True
1038,0,21,0xFAe184739fBAa9c796fd0a28e96AEE2A295567e4,0,True
1038,0,22,0x6D9b4346C92ee07eCD1Cc3741f1b96929F10f7B8,0,True
1038,0,23,0xA867aaBd9F861d63EA451549FA429A48fb527362,0,True
1038,0,24,0x930c54fD12Bc507DE14ce3967E715e6D9cD70ec4,0,True
1038,0,25,0x930c54fD12Bc507DE14ce3967E715e6D9cD70ec4,0,True
1038,0,26,0x930c54fD12Bc507DE14ce3967E715e6D9cD70ec4,0,True
1038,0,27,0x4Cf25cc40610269E7c6Cf5C0a76EdA5513A1e13a,0,False
1038,0,28,0xc6d63A94B556239ccDe8905129032Dcd8627e079,0,True
1038,0,29,0xAAD47a6f25C11F8c624A83e8b7753f3E32708dFB,0,False
1038,0,30,0xDF91e03C35F29456E28BA7380d81F3106F555030,0,True
1037,0,0,0x12FA14C9F49CeE96c4F6ba8c7497F7Ef825cAe37,2,True
1036,0,0,0x10707F6060E7B3565A784628633DCe54AF9f0D01,2,True
1035,0,0,0xFc861F218EDdA7B196A1B3f0Fd6Da7010cD596FA,2,True
1034,0,0,0x12FA14C9F49CeE96c4F6ba8c7497F7Ef825cAe37,2,True
1033,0,0,0x48909739001FA130Ea554D45508714824C2467B5,2,True
1032,0,0,0x0B757D70e6911fD5c3E7e8157da0069ce7657f34,2,True
1031,0,0,0xcD69BD84f20eA1919CB842D4421Ba7e4Cb99a427,2,True
1030,0,0,0x7a05B7419cd36D4F2DF42Ac6c2505013e996d9E3,2,True
1029,0,0,0x6F5f5d2A7D9b6EA028b8eFCeab2Ff221A27ab6e3,2,True
1028,0,0,0xE92b1b809333a4850Ace1f6861e19A730DFEE717,1,True
1027,0,0,0xcEC2E61e02183B460eCc024b06079D5A83D141BE,0,False
1026,0,0,0x215C050A6a9f8105c48BBDd0df6524799188cFF4,2,True
1025,0,0,0xcD69BD84f20eA1919CB842D4421Ba7e4Cb99a427,2,True
1024,0,0,0xA867aaBd9F861d63EA451549FA429A48fb527362,2,True
1024,1,0,0x2cB62f69D47921da5B0bdd5c650685a2ac9C3853,2,True
1024,1,1,0x4a2c5a0Af8b29cD5Fd8Eb1d02a83150A3ee10488,2,True
1024,1,2,0x4a2c5a0Af8b29cD5Fd8Eb1d02a83150A3ee10488,2,True
1023,0,0,0xC5A835CDbfC26DcD072257851537A17b2900a2bD,2,True
1022,0,0,0xA8BaE0Ae470BF98B017c522C985ED1F7b2a1D0E1,2,True
1021,0,0,0xf3ad7d08240b09d0ee8aC0811FBeE835Ce2788e1,1,True
1020,0,0,0xf3ad7d08240b09d0ee8aC0811FBeE835Ce2788e1,2,True
1019,0,0,0x22Acb809d08aE7c79F0b84513EfCE0577acFE514,0,False
1018,0,0,0x91CcBaB90e454213c6E61FdA4662d47107C83E69,2,True
1017,0,0,0xf3ad7d08240b09d0ee8aC0811FBeE835Ce2788e1,2,True
1016,0,0,0x12FA14C9F49CeE96c4F6ba8c7497F7Ef825cAe37,2,True
1015,0,0,0xf3ad7d08240b09d0ee8aC0811FBeE835Ce2788e1,2,True
1014,0,0,0xc764d75FE1c892bA39cAAF02eFD44aE606B52A0C,2,True
1013,0,0,0xA8BaE0Ae470BF98B017c522C985ED1F7b2a1D0E1,2,True
1012,0,0,0xA867aaBd9F861d63EA451549FA429A48fb527362,2,True
1011,0,0,0xF035561dcE033DeD865E15E69dB06cfFC88d9213,2,True
1010,0,0,0x1D9a3491E28c2E688d9C3C846391eeF345d68C6c,2,True
1010,0,1,0xF035561dcE033DeD865E15E69dB06cfFC88d9213,2,True
1010,0,2,0x91e0346A89438C8084ab1827467D014C84b0f85a,2,True
1009,0,0,0xf3ad7d08240b09d0ee8aC0811FBeE835Ce2788e1,1,True
1008,0,0,0x865aa1825698433a0fB5b0c41bA904197E9dFEC5,0,False
1008,0,1,0xf3ad7d08240b09d0ee8aC0811FBeE835Ce2788e1,1,True
1008,0,2,0xfEE51d3eA7D4D57105F653403FF01A75bb1125B2,1,True
1007,0,0,0xf3ad7d08240b09d0ee8aC0811FBeE835Ce2788e1,0,False
1007,0,1,0xf3ad7d08240b09d0ee8aC0811FBeE835Ce2788e1,0,False
1007,0,2,0x0d0C51021A80C4002c14593d5c2fCCF22D2eb475,2,True
1006,0,0,0x22Acb809d08aE7c79F0b84513EfCE0577acFE514,0,False
1005,0,0,0xf3ad7d08240b09d0ee8aC0811FBeE835Ce2788e1,0,False
1005,0,1,0x06F65D5e97b796E47263110F305d005b2733CD1a,2,True
1005,0,2,0xA867aaBd9F861d63EA451549FA429A48fb527362,2,True
1004,0,0,0x6F5f5d2A7D9b6EA028b8eFCeab2Ff221A27ab6e3,2,True
1004,0,1,0xf3ad7d08240b09d0ee8aC0811FBeE835Ce2788e1,1,True
1004,0,2,0xf3ad7d08240b09d0ee8aC0811FBeE835Ce2788e1,1,True
1003,0,0,0xf3ad7d08240b09d0ee8aC0811FBeE835Ce2788e1,2,True
1002,0,0,0x2cB62f69D47921da5B0bdd5c650685a2ac9C3853,2,True
1001,0,0,0x60DA07cFb273051AA9827dABFfcD298c305cd00D,2,True
1000,0,0,0xf3ad7d08240b09d0ee8aC0811FBeE835Ce2788e1,0,False
999,0,0,0x7a05B7419cd36D4F2DF42Ac6c2505013e996d9E3,2,True
998,0,0,0x9b70502efAaF3470F62ca3A27F7EaB37942f4E80,2,True
998,0,1,0x1D9a3491E28c2E688d9C3C846391eeF345d68C6c,2,True
998,0,2,0x91e0346A89438C8084ab1827467D014C84b0f85a,2,True
997,0,0,0xf3ad7d08240b09d0ee8aC0811FBeE835Ce2788e1,0,False
996,0,0,0x2a47fb90Bd1AC3c6056D2C05C5c59A5F042310aA,2,True
995,0,0,0x574C1b19d8C40fb897B66C4d681E876FFE41Ee50,2,True
994,0,0,0xc764d75FE1c892bA39cAAF02eFD44aE606B52A0C,2,True
993,0,0,0x60DA07cFb273051AA9827dABFfcD298c305cd00D,2,True
992,0,0,0xf3ad7d08240b09d0ee8aC0811FBeE835Ce2788e1,1,True
991,0,0,0xf3ad7d08240b09d0ee8aC0811FBeE835Ce2788e1,2,True
990,0,0,0xf3ad7d08240b09d0ee8aC0811FBeE835Ce2788e1,1,True
989,0,0,0xA8BaE0Ae470BF98B017c522C985ED1F7b2a1D0E1,2,True
988,0,0,0xA867aaBd9F861d63EA451549FA429A48fb527362,2,True
987,0,0,0xF328F333984932EeEDD97ac3baff4462FDc3Ed8f,2,True
986,0,0,0xf3ad7d08240b09d0ee8aC0811FBeE835Ce2788e1,1,True
985,0,0,0x574C1b19d8C40fb897B66C4d681E876FFE41Ee50,2,True
984,0,0,0xf3ad7d08240b09d0ee8aC0811FBeE835Ce2788e1,2,True
983,0,0,0xA867aaBd9F861d63EA451549FA429A48fb527362,2,True
982,0,0,0xA867aaBd9F861d63EA451549FA429A48fb527362,2,True
981,0,0,0x10707F6060E7B3565A784628633DCe54AF9f0D01,2,True
980,0,0,0xf3ad7d08240b09d0ee8aC0811FBeE835Ce2788e1,1,True
979,0,0,0x0B757D70e6911fD5c3E7e8157da0069ce7657f34,2,True
979,1,0,0xf3ad7d08240b09d0ee8aC0811FBeE835Ce2788e1,1,True
979,1,1,0xd583122180fFB695b6FB0ECB500819B187C87362,1,True
979,1,2,0xf3ad7d08240b09d0ee8aC0811FBeE835Ce2788e1,1,True
978,0,0,0xA867aaBd9F861d63EA451549FA429A48fb527362,2,True
977,0,0,0x8f9da872e414211692C3068707B1570B0651b281,2,True
976,0,0,0xfEE51d3eA7D4D57105F653403FF01A75bb1125B2,2,True
975,0,0,0xE86e325C60d1C69f6020BDf54cD17bd715Db3156,2,True
974,0,0,0xf3ad7d08240b09d0ee8aC0811FBeE835Ce2788e1,0,False
973,0,0,0xf3ad7d08240b09d0ee8aC0811FBeE835Ce2788e1,0,False
973,1,0,0x271F379b4FA3D1f362Ad86Eb1Ee7108060a7fc09,1,True
973,1,1,0xE86e325C60d1C69f6020BDf54cD17bd715Db3156,1,True
973,1,2,0x2666A31145239e45478afF1244E707832cE79cE9,1,True
972,0,0,0xFc861F218EDdA7B196A1B3f0Fd6Da7010cD596FA,1,True
971,0,0,0x2cB62f69D47921da5B0bdd5c650685a2ac9C3853,2,True
970,0,0,0xf3ad7d08240b09d0ee8aC0811FBeE835Ce2788e1,1,True
969,0,0,0x7F3E15B319d2464b2e8af3f5590C30df96D99da3,2,True
968,0,0,0x6D9b4346C92ee07eCD1Cc3741f1b96929F10f7B8,2,True
967,0,0,0xA867aaBd9F861d63EA451549FA429A48fb527362,2,True
966,0,0,0xA8BaE0Ae470BF98B017c522C985ED1F7b2a1D0E1,2,True
965,0,0,0xA867aaBd9F861d63EA451549FA429A48fb527362,2,True
964,0,0,0xA8BaE0Ae470BF98B017c522C985ED1F7b2a1D0E1,2,True
963,0,0,0xcdd7a9faf35D07FD4Aa420C398108f9E0af9ceDF,2,True
962,0,0,0x6F5f5d2A7D9b6EA028b8eFCeab2Ff221A27ab6e3,2,True
961,0,0,0xD59C8cAe4be5fE5324B76825D34FB329a909D3fD,2,True
960,0,0,0x60DA07cFb273051AA9827dABFfcD298c305cd00D,2,True
959,0,0,0xA867aaBd9F861d63EA451549FA429A48fb527362,2,True
958,0,0,0xB011122194C0487fE9214c9FC9a73eC770e94Eae,2,True
957,0,0,0x574C1b19d8C40fb897B66C4d681E876FFE41Ee50,2,True
956,0,0,0x91CcBaB90e454213c6E61FdA4662d47107C83E69,2,True
955,0,0,0x574C1b19d8C40fb897B66C4d681E876FFE41Ee50,2,True
954,0,0,0xB011122194C0487fE9214c9FC9a73eC770e94Eae,1,True
953,0,0,0x2cB62f69D47921da5B0bdd5c650685a2ac9C3853,2,True
952,0,0,0xD3e27b56FfeBD6CE1C677937eB918Aa8dcaDedb1,2,True
951,0,0,0x60DA07cFb273051AA9827dABFfcD298c305cd00D,2,True
950,0,0,0xA867aaBd9F861d63EA451549FA429A48fb527362,2,True
949,0,0,0x6D9b4346C92ee07eCD1Cc3741f1b96929F10f7B8,0,False
948,0,0,0x5792fC2749214A6fEf94989c63dC863B6E6eE620,0,False
947,0,0,0x47272EF33eB2E19F9051A4040d896bCF0aD764bd,2,True
946,0,0,0xFc861F218EDdA7B196A1B3f0Fd6Da7010cD596FA,2,True
945,0,0,0x574C1b19d8C40fb897B66C4d681E876FFE41Ee50,2,True
944,0,0,0x7F3E15B319d2464b2e8af3f5590C30df96D99da3,2,True
943,0,0,0xEc3ccfaf0a160D5A09Fcd7578989F5a6B8cdc489,0,False
942,0,0,0x7F3E15B319d2464b2e8af3f5590C30df96D99da3,2,True
941,0,0,0xA2413A34E6fB168dA62C16659461274BF9Bc90c8,2,True
940,0,0,0xFc861F218EDdA7B196A1B3f0Fd6Da7010cD596FA,2,True
939,0,0,0x6F5f5d2A7D9b6EA028b8eFCeab2Ff221A27ab6e3,2,True
938,0,0,0xB011122194C0487fE9214c9FC9a73eC770e94Eae,2,True
937,0,0,0x215C050A6a9f8105c48BBDd0df6524799188cFF4,2,True
936,0,0,0xA867aaBd9F861d63EA451549FA429A48fb527362,2,True
935,0,0,0x509F3f4247f28A89BFA59aFB8748c6FA41da48D0,2,True
934,0,0,0x204004ec231bC8f989dA8C643F536DC653f7E5c2,2,True
933,0,0,0x60DA07cFb273051AA9827dABFfcD298c305cd00D,1,True
933,0,1,0xfFcBDde40a743e39a3b41e1aC18B48EFCDc8d8A4,2,True
933,0,2,0x600E347e295D83298b7d2b81F7B5DDDE65254888,0,False
933,0,3,0x60DA07cFb273051AA9827dABFfcD298c305cd00D,1,True
933,0,4,0xfFcBDde40a743e39a3b41e1aC18B48EFCDc8d8A4,2,True
932,0,0,0x819C9853Eb5b1f164bd026A96Cca9A9aCDCCdc23,0,False
932,0,1,0x334F12AfB7D8740868bE04719639616533075234,0,True
932,0,2,0x52aeD8Dc30876B18689aE89321DaE6FcD901517E,0,False
932,0,3,0x930c54fD12Bc507DE14ce3967E715e6D9cD70ec4,0,True
932,0,4,0x7Cbd13bb95B9D8A26f65234AA2867652426E133d,0,False
932,0,5,0x334F12AfB7D8740868bE04719639616533075234,0,True
932,0,6,0x930c54fD12Bc507DE14ce3967E715e6D9cD70ec4,0,True
932,0,7,0x334F12AfB7D8740868bE04719639616533075234,0,True
932,0,8,0xC2e02535829667715E089C7c4dec3BdCB5c484F5,0,False
932,0,9,0xfFcBDde40a743e39a3b41e1aC18B48EFCDc8d8A4,0,True
932,0,10,0xc6d63A94B556239ccDe8905129032Dcd8627e079,0,True
932,0,11,0x20DE5f735469F03714cD1b1e30be30931F9E5E5d,0,False
932,0,12,0xb923f709B14aE089f2C25Af7f02D026447eA4B1e,0,False
932,0,13,0x334F12AfB7D8740868bE04719639616533075234,0,True
932,0,14,0x60DA07cFb273051AA9827dABFfcD298c305cd00D,0,True
932,0,15,0x54f58056d6943b2e4567d16010F927C07110BfEE,0,True
932,0,16,0xDF91e03C35F29456E28BA7380d81F3106F555030,0,True
932,0,17,0x2C1BDEde8786a33Ffd35b7AD889CB4085F8c2a1C,0,False
932,0,18,0x21478A81Be650Ca1C03e04Fe615bfE6d5478fC5E,0,False
932,0,19,0x21478A81Be650Ca1C03e04Fe615bfE6d5478fC5E,0,False
932,0,20,0x6D01f17f5eEf3C1D47bE66414f894cC889D528Eb,0,True
932,0,21,0x930c54fD12Bc507DE14ce3967E715e6D9cD70ec4,0,True
932,0,22,0x7b7545b2fe5846a94bB105d56a5eC7b380A205C7,0,True
932,0,23,0xDdd5CE3Bdf841aC617f24E673745f5B1AcC9f291,0,True
932,0,24,0xA867aaBd9F861d63EA451549FA429A48fb527362,0,True
932,0,25,0x930c54fD12Bc507DE14ce3967E715e6D9cD70ec4,0,True
932,0,26,0x46FC87fC5a722f91651AECA1dFBB8bE46ACEb101,0,False
932,0,27,0x930c54fD12Bc507DE14ce3967E715e6D9cD70ec4,0,True
932,0,28,0x334F12AfB7D8740868bE04719639616533075234,0,True
932,0,29,0xB7E69971897d02972DaCf002A0C22ff12E510fBc,0,True
932,0,30,0xfB63808C6B6FEbc4f341073211127Aa383E175cd,0,True
931,0,0,0x2cB62f69D47921da5B0bdd5c650685a2ac9C3853,1,True
931,0,1,0xB011122194C0487fE9214c9FC9a73eC770e94Eae,1,True
931,0,2,0x7F3E15B319d2464b2e8af3f5590C30df96D99da3,1,True
930,0,0,0xC5A835CDbfC26DcD072257851537A17b2900a2bD,2,True
929,0,0,0x60DA07cFb273051AA9827dABFfcD298c305cd00D,0,True
929,0,1,0x60DA07cFb273051AA9827dABFfcD298c305cd00D,0,True
929,0,2,0xfFcBDde40a743e39a3b41e1aC18B48EFCDc8d8A4,0,True
929,0,3,0xfFcBDde40a743e39a3b41e1aC18B48EFCDc8d8A4,0,True
929,0,4,0xfFcBDde40a743e39a3b41e1aC18B48EFCDc8d8A4,0,True
928,0,0,0xE86e325C60d1C69f6020BDf54cD17bd715Db3156,2,True
927,0,0,0x06F65D5e97b796E47263110F305d005b2733CD1a,2,True
926,0,0,0xA867aaBd9F861d63EA451549FA429A48fb527362,0,True
925,0,0,0x7a05B7419cd36D4F2DF42Ac6c2505013e996d9E3,2,True
924,0,0,0x2cB62f69D47921da5B0bdd5c650685a2ac9C3853,2,True
923,0,0,0x91e0346A89438C8084ab1827467D014C84b0f85a,2,True
923,0,1,0x91e0346A89438C8084ab1827467D014C84b0f85a,2,True
923,0,2,0x1bc9e52bAa93Dab1a47c3168f6d82ED08856Ec83,1,True
922,0,0,0xE86e325C60d1C69f6020BDf54cD17bd715Db3156,2,True
921,0,0,0x9dfD533c41769A77143587f31B35B632bbF441be,2,True
920,0,0,0x55ee554Ec351Bcf31cE430F662A535199c33aA6b,2,True
919,0,0,0x91e0346A89438C8084ab1827467D014C84b0f85a,2,True
919,0,1,0xF035561dcE033DeD865E15E69dB06cfFC88d9213,2,True
919,0,2,0xA64A17a51482F96A794C08fa3E61bB6260EEB2Ca,2,True
918,0,0,0xe23D3950576A689C744C8A43ed4D8655DfC78940,2,True
917,0,0,0x607dEe1d3576a61D9684c445645794bA891d34b7,0,True
917,0,1,0xf86B7AFeF4190c6bB8E58EF31a0B21299A791a88,0,True
917,0,2,0x1D9a3491E28c2E688d9C3C846391eeF345d68C6c,0,True
916,0,0,0xA867aaBd9F861d63EA451549FA429A48fb527362,2,True
915,0,0,0x9b70502efAaF3470F62ca3A27F7EaB37942f4E80,2,True
915,0,1,0xC0B53221A7dbcbcE68441C26ea4DA73266D6bc20,2,True
915,0,2,0x91e0346A89438C8084ab1827467D014C84b0f85a,2,True
914,0,0,0xF035561dcE033DeD865E15E69dB06cfFC88d9213,2,True
914,0,1,0xf86B7AFeF4190c6bB8E58EF31a0B21299A791a88,2,True
914,0,2,0x1D9a3491E28c2E688d9C3C846391eeF345d68C6c,2,True
913,0,0,0xF035561dcE033DeD865E15E69dB06cfFC88d9213,1,True
913,0,1,0x1E46d1a18A3eF9492090782F97345b46318AfF69,2,True
913,0,2,0x2598ddBEeCD659D56F1918a5973C927B129b13eC,1,True
912,0,0,0x8b26c150F0e4870511d142a5636d7E529a2CBbbf,2,True
912,0,1,0x2598ddBEeCD659D56F1918a5973C927B129b13eC,2,True
912,0,2,0x29df91960f940c6224346aD9268854a4376a6578,2,True
911,0,0,0x7380ac41fe003d937B4535fAAf79885A3bfcfA92,2,True
911,0,1,0xA8BaE0Ae470BF98B017c522C985ED1F7b2a1D0E1,2,True
911,0,2,0xE86e325C60d1C69f6020BDf54cD17bd715Db3156,2,True
910,0,0,0xD9d24d5b8b6E649D696297BdeF3bffb5be90ff49,2,True
910,0,1,0xbF17b03d80104338Db335847fdb0c251bA5f2eDe,0,False
910,0,2,0x91CcBaB90e454213c6E61FdA4662d47107C83E69,2,True
909,0,0,0x204004ec231bC8f989dA8C643F536DC653f7E5c2,2,True
909,0,1,0xD0061DeBa693BAbCC3755d5FBe1327e923cb458F,2,True
909,0,2,0x0B072F12B7C0cc5F115c795cDd8962aeCC215C15,2,True
908,0,0,0x34Bec78b6d155e14060b3a38a8497D560F45D30e,2,True
908,0,1,0x574C1b19d8C40fb897B66C4d681E876FFE41Ee50,2,True
908,0,2,0xFc861F218EDdA7B196A1B3f0Fd6Da7010cD596FA,2,True
907,0,0,0x7F3E15B319d2464b2e8af3f5590C30df96D99da3,2,True
907,0,1,0xe23D3950576A689C744C8A43ed4D8655DfC78940,2,True
907,0,2,0x7F3E15B319d2464b2e8af3f5590C30df96D99da3,2,True
906,0,0,0x2a47fb90Bd1AC3c6056D2C05C5c59A5F042310aA,2,True
906,0,1,0xA8BaE0Ae470BF98B017c522C985ED1F7b2a1D0E1,1,True
906,0,2,0x91CcBaB90e454213c6E61FdA4662d47107C83E69,2,True
905,0,0,0xA867aaBd9F861d63EA451549FA429A48fb527362,2,True
905,0,1,0x4A6E8D9Aacbe6c14b0e8fAebCE86fbf41f11bFB1,2,True
905,0,2,0x2cB62f69D47921da5B0bdd5c650685a2ac9C3853,2,True
904,0,0,0x6F5f5d2A7D9b6EA028b8eFCeab2Ff221A27ab6e3,2,True
904,0,1,0xe5E16307686148394652e99B6894B73E1F927C33,2,True
904,0,2,0xA8BaE0Ae470BF98B017c522C985ED1F7b2a1D0E1,2,True
903,0,0,0x34Bec78b6d155e14060b3a38a8497D560F45D30e,2,True
903,0,1,0x34Bec78b6d155e14060b3a38a8497D560F45D30e,2,True
903,0,2,0x1FcB32c860b9F4c0DF99d1fd54E7CE958E9e93cC,2,True
902,0,0,0xE86e325C60d1C69f6020BDf54cD17bd715Db3156,2,True
902,0,1,0x34Bec78b6d155e14060b3a38a8497D560F45D30e,0,False
902,0,2,0xA867aaBd9F861d63EA451549FA429A48fb527362,2,True
901,0,0,0x91e0346A89438C8084ab1827467D014C84b0f85a,1,True
901,0,1,0x1D9a3491E28c2E688d9C3C846391eeF345d68C6c,1,True
901,0,2,0xF035561dcE033DeD865E15E69dB06cfFC88d9213,1,True
900,0,0,0x4A6E8D9Aacbe6c14b0e8fAebCE86fbf41f11bFB1,2,True
900,0,1,0xa43a925A6D09668d8019E21a3985632F30cC2dC4,2,True
900,0,2,0xA8BaE0Ae470BF98B017c522C985ED1F7b2a1D0E1,2,True
899,0,0,0xB011122194C0487fE9214c9FC9a73eC770e94Eae,2,True
899,0,1,0xE86e325C60d1C69f6020BDf54cD17bd715Db3156,2,True
899,0,2,0x12FA14C9F49CeE96c4F6ba8c7497F7Ef825cAe37,2,True
898,0,0,0x945674691713d1E8d02832d20777B933036e49E1,2,True
898,0,1,0x91CcBaB90e454213c6E61FdA4662d47107C83E69,2,True
898,0,2,0x4A6E8D9Aacbe6c14b0e8fAebCE86fbf41f11bFB1,2,True
897,0,0,0xaeaD6593710Bf28bF4848b24F4ed1F130773d7E6,2,True
897,0,1,0x12FA14C9F49CeE96c4F6ba8c7497F7Ef825cAe37,2,True
897,0,2,0x9f1175193ABCc1060e3c7f940484d033A3bDCEF7,2,True
896,0,0,0xA867aaBd9F861d63EA451549FA429A48fb527362,2,True
896,0,1,0x271F379b4FA3D1f362Ad86Eb1Ee7108060a7fc09,2,True
896,0,2,0xa43a925A6D09668d8019E21a3985632F30cC2dC4,2,True
895,0,0,0x515280Dd3A3d04f97A7a257E22826fa48A2d5309,1,True
895,0,1,0x6a59b37bdE2D80878a019e824026E462192B7b66,0,False
895,0,2,0xD96Ef6D720D150eFC16790250777E9550d3851Af,2,True
894,0,0,0xB011122194C0487fE9214c9FC9a73eC770e94Eae,2,True
894,0,1,0x34Bec78b6d155e14060b3a38a8497D560F45D30e,2,True
894,0,2,0x6D9b4346C92ee07eCD1Cc3741f1b96929F10f7B8,2,True
893,0,0,0xF035561dcE033DeD865E15E69dB06cfFC88d9213,1,True
893,0,1,0x1D9a3491E28c2E688d9C3C846391eeF345d68C6c,1,True
893,0,2,0x2666A31145239e45478afF1244E707832cE79cE9,0,False
892,0,0,0x4a2c5a0Af8b29cD5Fd8Eb1d02a83150A3ee10488,0,False
892,0,1,0x4a2c5a0Af8b29cD5Fd8Eb1d02a83150A3ee10488,0,False
892,0,2,0x4dFF727Fd5002DAd7E028c6987c394F1913C2137,2,True
891,0,0,0x60DA07cFb273051AA9827dABFfcD298c305cd00D,2,True
891,0,1,0xA8BaE0Ae470BF98B017c522C985ED1F7b2a1D0E1,2,True
891,0,2,0x6D9b4346C92ee07eCD1Cc3741f1b96929F10f7B8,2,True
890,0,0,0x91e0346A89438C8084ab1827467D014C84b0f85a,1,True
890,0,1,0xF035561dcE033DeD865E15E69dB06cfFC88d9213,1,True
890,0,2,0x2666A31145239e45478afF1244E707832cE79cE9,0,False
889,0,0,0xbF17b03d80104338Db335847fdb0c251bA5f2eDe,2,True
889,0,1,0x34Bec78b6d155e14060b3a38a8497D560F45D30e,2,True
889,0,2,0xB011122194C0487fE9214c9FC9a73eC770e94Eae,2,True
888,0,0,0xF035561dcE033DeD865E15E69dB06cfFC88d9213,2,True
888,0,1,0x8b26c150F0e4870511d142a5636d7E529a2CBbbf,2,True
888,0,2,0xF035561dcE033DeD865E15E69dB06cfFC88d9213,2,True
887,0,0,0xA867aaBd9F861d63EA451549FA429A48fb527362,1,True
887,0,1,0x2537E26521a15775510157fedC250B986D57685e,0,False
887,0,2,0x34Bec78b6d155e14060b3a38a8497D560F45D30e,2,True
886,0,0,0x91e0346A89438C8084ab1827467D014C84b0f85a,2,True
886,0,1,0x607dEe1d3576a61D9684c445645794bA891d34b7,2,True
886,0,2,0x91e0346A89438C8084ab1827467D014C84b0f85a,2,True
885,0,0,0x55ee554Ec351Bcf31cE430F662A535199c33aA6b,2,True
885,0,1,0x34Bec78b6d155e14060b3a38a8497D560F45D30e,2,True
885,0,2,0x4a2c5a0Af8b29cD5Fd8Eb1d02a83150A3ee10488,0,False
884,0,0,0x55ee554Ec351Bcf31cE430F662A535199c33aA6b,2,True
884,0,1,0xB011122194C0487fE9214c9FC9a73eC770e94Eae,2,True
884,0,2,0x78CA63EaBAE22125cC8D16Ef66d595432D1A240e,2,True
883,0,0,0x4a2c5a0Af8b29cD5Fd8Eb1d02a83150A3ee10488,2,True
883,0,1,0x60DA07cFb273051AA9827dABFfcD298c305cd00D,2,True
883,0,2,0x1FcB32c860b9F4c0DF99d1fd54E7CE958E9e93cC,2,True
882,0,0,0xB011122194C0487fE9214c9FC9a73eC770e94Eae,2,True
882,0,1,0xA867aaBd9F861d63EA451549FA429A48fb527362,2,True
882,0,2,0xfFcBDde40a743e39a3b41e1aC18B48EFCDc8d8A4,2,True
881,0,0,0x4cb5E653404E1CA4eF4CEE496f3f677483508d66,2,True
881,0,1,0xD0061DeBa693BAbCC3755d5FBe1327e923cb458F,0,False
881,0,2,0x001FE2CdBEeB0743679E958C0861Dd8788B28b19,2,True
880,0,0,0x6D9b4346C92ee07eCD1Cc3741f1b96929F10f7B8,2,True
880,0,1,0x34Bec78b6d155e14060b3a38a8497D560F45D30e,2,True
880,0,2,0x509F3f4247f28A89BFA59aFB8748c6FA41da48D0,2,True
879,0,0,0x2cB62f69D47921da5B0bdd5c650685a2ac9C3853,2,True
879,0,1,0x99eC8dc3831F67359a18420449fb028D5dCAa60f,0,False
879,0,2,0xF035561dcE033DeD865E15E69dB06cfFC88d9213,2,True
878,0,0,0x91e0346A89438C8084ab1827467D014C84b0f85a,1,True
878,0,1,0xf83f70E148bC6ff29bb627f97EB691F30268c7e3,1,True
878,0,2,0x607dEe1d3576a61D9684c445645794bA891d34b7,1,True
877,0,0,0x48909739001FA130Ea554D45508714824C2467B5,1,True
877,0,1,0x48909739001FA130Ea554D45508714824C2467B5,1,True
877,0,2,0xF035561dcE033DeD865E15E69dB06cfFC88d9213,1,True
876,0,0,0x4cb5E653404E1CA4eF4CEE496f3f677483508d66,2,True
876,0,1,0x4eB7551bEE1375F4ecBc4D232001db213Ab945dC,2,True
876,0,2,0xA867aaBd9F861d63EA451549FA429A48fb527362,2,True
875,0,0,0x60DA07cFb273051AA9827dABFfcD298c305cd00D,2,True
875,0,1,0xe4230c0E536b704f82cb435876B4907cb1F66c13,0,False
875,0,2,0x34Bec78b6d155e14060b3a38a8497D560F45D30e,2,True
874,0,0,0x6a59b37bdE2D80878a019e824026E462192B7b66,2,True
874,0,1,0x4cb5E653404E1CA4eF4CEE496f3f677483508d66,0,False
874,0,2,0x4cb5E653404E1CA4eF4CEE496f3f677483508d66,0,False
873,0,0,0xfFcBDde40a743e39a3b41e1aC18B48EFCDc8d8A4,2,True
873,0,1,0xc01861Eb57Bf5508E65ebc98312A15390a52134e,2,True
873,0,2,0x3590AC9cF1ec55d1FB86993718EFabf9F1B9373A,2,True
872,0,0,0xf23FdA58C7B927AbaE31a3c83809424F748C5B88,2,True
872,0,1,0x6F5f5d2A7D9b6EA028b8eFCeab2Ff221A27ab6e3,2,True
872,0,2,0x60DA07cFb273051AA9827dABFfcD298c305cd00D,2,True
871,0,0,0xa43a925A6D09668d8019E21a3985632F30cC2dC4,2,True
871,0,1,0x509F3f4247f28A89BFA59aFB8748c6FA41da48D0,2,True
871,0,2,0x34Bec78b6d155e14060b3a38a8497D560F45D30e,2,True
870,0,0,0x7a05B7419cd36D4F2DF42Ac6c2505013e996d9E3,2,True
870,0,1,0x2cB62f69D47921da5B0bdd5c650685a2ac9C3853,2,True
870,0,2,0x34Bec78b6d155e14060b3a38a8497D560F45D30e,2,True
869,0,0,0x9b70502efAaF3470F62ca3A27F7EaB37942f4E80,2,True
868,0,0,0x34Bec78b6d155e14060b3a38a8497D560F45D30e,2,True
868,0,1,0xAfA0BB1a2060160470f9fe06fBA35dce947C8FbF,0,False
868,0,2,0xf23FdA58C7B927AbaE31a3c83809424F748C5B88,0,False
867,0,0,0x2cB62f69D47921da5B0bdd5c650685a2ac9C3853,2,True
867,0,1,0xd583122180fFB695b6FB0ECB500819B187C87362,2,True
867,0,2,0xD0061DeBa693BAbCC3755d5FBe1327e923cb458F,0,False
866,0,0,0x0d0C51021A80C4002c14593d5c2fCCF22D2eb475,2,True
866,0,1,0x17281fA31CfB66EDBCA00577a22bCf1570c9f8bd,2,True
866,0,2,0x4A6E8D9Aacbe6c14b0e8fAebCE86fbf41f11bFB1,2,True
865,0,0,0x34Bec78b6d155e14060b3a38a8497D560F45D30e,2,True
865,0,1,0xE86e325C60d1C69f6020BDf54cD17bd715Db3156,2,True
865,0,2,0xA8BaE0Ae470BF98B017c522C985ED1F7b2a1D0E1,2,True
864,0,0,0x4cb5E653404E1CA4eF4CEE496f3f677483508d66,2,True
864,0,1,0x4a2c5a0Af8b29cD5Fd8Eb1d02a83150A3ee10488,2,True
864,0,2,0x2a47fb90Bd1AC3c6056D2C05C5c59A5F042310aA,2,True
863,0,0,0x6D01f17f5eEf3C1D47bE66414f894cC889D528Eb,2,True
863,0,1,0xfFcBDde40a743e39a3b41e1aC18B48EFCDc8d8A4,2,True
863,0,2,0x6D9b4346C92ee07eCD1Cc3741f1b96929F10f7B8,2,True
862,0,0,0xA867aaBd9F861d63EA451549FA429A48fb527362,2,True
862,0,1,0x05A15B985aF30d664F731f1cF2bEE9C9Dc0A1D0f,2,True
862,0,2,0xB7E69971897d02972DaCf002A0C22ff12E510fBc,2,True
861,0,0,0x34Bec78b6d155e14060b3a38a8497D560F45D30e,2,True
861,0,1,0x2cB62f69D47921da5B0bdd5c650685a2ac9C3853,2,True
861,0,2,0x34Bec78b6d155e14060b3a38a8497D560F45D30e,2,True
860,0,0,0xB011122194C0487fE9214c9FC9a73eC770e94Eae,2,True
860,0,1,0xA867aaBd9F861d63EA451549FA429A48fb527362,2,True
860,0,2,0xA867aaBd9F861d63EA451549FA429A48fb527362,2,True
859,0,0,0x1D9a3491E28c2E688d9C3C846391eeF345d68C6c,2,True
859,0,1,0x4cb5E653404E1CA4eF4CEE496f3f677483508d66,2,True
859,0,2,0x34Bec78b6d155e14060b3a38a8497D560F45D30e,2,True
858,0,0,0xF035561dcE033DeD865E15E69dB06cfFC88d9213,2,True
858,0,1,0xe5DD78C224F26E306c84A9B1aa2DEF30bdf15835,1,True
858,0,2,0xF035561dcE033DeD865E15E69dB06cfFC88d9213,2,True
857,0,0,0x4cb5E653404E1CA4eF4CEE496f3f677483508d66,2,True
857,0,1,0x5792fC2749214A6fEf94989c63dC863B6E6eE620,2,True
857,0,2,0x34Bec78b6d155e14060b3a38a8497D560F45D30e,2,True
856,0,0,0xD0061DeBa693BAbCC3755d5FBe1327e923cb458F,1,True
856,0,1,0x34Bec78b6d155e14060b3a38a8497D560F45D30e,1,True
856,0,2,0xA867aaBd9F861d63EA451549FA429A48fb527362,1,True
855,0,0,0x34Bec78b6d155e14060b3a38a8497D560F45D30e,2,True
855,0,1,0xAfA0BB1a2060160470f9fe06fBA35dce947C8FbF,2,True
855,0,2,0xe4230c0E536b704f82cb435876B4907cb1F66c13,2,True
854,0,0,0x34Bec78b6d155e14060b3a38a8497D560F45D30e,1,True
854,0,1,0xb841a0A64399e0c391629EDE0ad2cE6336351b33,1,True
854,0,2,0x4a2c5a0Af8b29cD5Fd8Eb1d02a83150A3ee10488,1,True
853,0,0,0xE86e325C60d1C69f6020BDf54cD17bd715Db3156,1,True
853,0,1,0x2cB62f69D47921da5B0bdd5c650685a2ac9C3853,1,True
853,0,2,0x34Bec78b6d155e14060b3a38a8497D560F45D30e,1,True
852,0,0,0x91e0346A89438C8084ab1827467D014C84b0f85a,2,True
852,0,1,0x939E0B0e2BA104dFb6Dde6DD291dB32A615678c9,0,False
852,0,2,0xdceFd7f01d32041CDC88D00296363BcC78658d10,0,False
852,1,0,0xdceFd7f01d32041CDC88D00296363BcC78658d10,2,True
852,1,1,0xF035561dcE033DeD865E15E69dB06cfFC88d9213,2,True
852,1,2,0x48909739001FA130Ea554D45508714824C2467B5,2,True
852,1,3,0x982f5698fEBb2b8d1B9a560228ABBCEAfBB11568,2,True
852,1,4,0x91e0346A89438C8084ab1827467D014C84b0f85a,2,True
852,1,5,0xf86B7AFeF4190c6bB8E58EF31a0B21299A791a88,2,True
852,1,6,0xdceFd7f01d32041CDC88D00296363BcC78658d10,2,True
851,0,0,0x34Bec78b6d155e14060b3a38a8497D560F45D30e,2,True
851,0,1,0xA8BaE0Ae470BF98B017c522C985ED1F7b2a1D0E1,0,False
851,0,2,0x34Bec78b6d155e14060b3a38a8497D560F45D30e,2,True
850,0,0,0x158001D8789a0Cd6eB68cE9F0a97C651fC0B9601,1,True
850,0,1,0x12FA14C9F49CeE96c4F6ba8c7497F7Ef825cAe37,1,True
850,0,2,0x1Fdc80eFdA62Ef62CDC41395Da6227499166e349,0,False
849,0,0,0x2cB62f69D47921da5B0bdd5c650685a2ac9C3853,2,True
849,0,1,0x34Bec78b6d155e14060b3a38a8497D560F45D30e,2,True
849,0,2,0x1D9a3491E28c2E688d9C3C846391eeF345d68C6c,2,True
848,0,0,0xB011122194C0487fE9214c9FC9a73eC770e94Eae,2,True
848,0,1,0x4A6E8D9Aacbe6c14b0e8fAebCE86fbf41f11bFB1,2,True
848,0,2,0xA8BaE0Ae470BF98B017c522C985ED1F7b2a1D0E1,2,True
847,0,0,0xA867aaBd9F861d63EA451549FA429A48fb527362,2,True
847,0,1,0xD59C8cAe4be5fE5324B76825D34FB329a909D3fD,2,True
847,0,2,0x34Bec78b6d155e14060b3a38a8497D560F45D30e,2,True
846,0,0,0xD0061DeBa693BAbCC3755d5FBe1327e923cb458F,2,True
846,0,1,0xE86e325C60d1C69f6020BDf54cD17bd715Db3156,2,True
846,0,2,0x6F5f5d2A7D9b6EA028b8eFCeab2Ff221A27ab6e3,2,True
845,0,0,0xA64A17a51482F96A794C08fa3E61bB6260EEB2Ca,2,True
845,0,1,0xaeaD6593710Bf28bF4848b24F4ed1F130773d7E6,2,True
845,0,2,0x4A6E8D9Aacbe6c14b0e8fAebCE86fbf41f11bFB1,2,True
844,0,0,0x3590AC9cF1ec55d1FB86993718EFabf9F1B9373A,2,True
844,0,1,0x60DA07cFb273051AA9827dABFfcD298c305cd00D,2,True
844,0,2,0xfFcBDde40a743e39a3b41e1aC18B48EFCDc8d8A4,2,True
843,0,0,0x34Bec78b6d155e14060b3a38a8497D560F45D30e,2,True
843,0,1,0x91CcBaB90e454213c6E61FdA4662d47107C83E69,2,True
843,0,2,0xe4230c0E536b704f82cb435876B4907cb1F66c13,2,True
842,0,0,0xaeaD6593710Bf28bF4848b24F4ed1F130773d7E6,2,True
842,0,1,0x574C1b19d8C40fb897B66C4d681E876FFE41Ee50,2,True
842,0,2,0x4cb5E653404E1CA4eF4CEE496f3f677483508d66,2,True
841,0,0,0x1D9a3491E28c2E688d9C3C846391eeF345d68C6c,1,True
841,0,1,0xC5A835CDbfC26DcD072257851537A17b2900a2bD,0,False
841,0,2,0x34Bec78b6d155e14060b3a38a8497D560F45D30e,1,True
840,0,0,0x34Bec78b6d155e14060b3a38a8497D560F45D30e,2,True
840,0,1,0xA867aaBd9F861d63EA451549FA429A48fb527362,2,True
840,0,2,0xA8BaE0Ae470BF98B017c522C985ED1F7b2a1D0E1,2,True
839,0,0,0xF418BD64A58d876290Ace7159F89339B3Ad3cAe5,2,True
839,0,1,0xA867aaBd9F861d63EA451549FA429A48fb527362,2,True
839,0,2,0xA867aaBd9F861d63EA451549FA429A48fb527362,2,True
838,0,0,0x574C1b19d8C40fb897B66C4d681E876FFE41Ee50,2,True
838,0,1,0x4cb5E653404E1CA4eF4CEE496f3f677483508d66,2,True
838,0,2,0x4A6E8D9Aacbe6c14b0e8fAebCE86fbf41f11bFB1,2,True
837,0,0,0xA867aaBd9F861d63EA451549FA429A48fb527362,1,True
837,0,1,0x4eB7551bEE1375F4ecBc4D232001db213Ab945dC,1,True
837,0,2,0xd583122180fFB695b6FB0ECB500819B187C87362,1,True
836,0,0,0xAFA234E08f981ddCCD4920436bd947e5E71Fa29E,2,True
836,0,1,0xb841a0A64399e0c391629EDE0ad2cE6336351b33,2,True
836,0,2,0x1D9a3491E28c2E688d9C3C846391eeF345d68C6c,2,True
835,0,0,0x34Bec78b6d155e14060b3a38a8497D560F45D30e,1,True
835,0,1,0xAAD47a6f25C11F8c624A83e8b7753f3E32708dFB,1,True
835,0,2,0xD0061DeBa693BAbCC3755d5FBe1327e923cb458F,1,True
834,0,0,0xA8BaE0Ae470BF98B017c522C985ED1F7b2a1D0E1,2,True
834,0,1,0x4A6E8D9Aacbe6c14b0e8fAebCE86fbf41f11bFB1,2,True
834,0,2,0x34Bec78b6d155e14060b3a38a8497D560F45D30e,2,True
833,0,0,0x6D9b4346C92ee07eCD1Cc3741f1b96929F10f7B8,2,True
833,0,1,0x12FA14C9F49CeE96c4F6ba8c7497F7Ef825cAe37,2,True
833,0,2,0x60DA07cFb273051AA9827dABFfcD298c305cd00D,2,True
832,0,0,0xc01861Eb57Bf5508E65ebc98312A15390a52134e,2,True
832,0,1,0x4A6E8D9Aacbe6c14b0e8fAebCE86fbf41f11bFB1,2,True
832,0,2,0x7644c9C10D6A2C970BF3cb50E957e3fEAacE6CB2,2,True
831,0,0,0x34Bec78b6d155e14060b3a38a8497D560F45D30e,2,True
831,0,1,0xB7E69971897d02972DaCf002A0C22ff12E510fBc,2,True
831,0,2,0xA867aaBd9F861d63EA451549FA429A48fb527362,2,True
830,0,0,0x574677ab0A10d3848860F4BBb58480c8bDB401Df,2,True
830,0,1,0xE86e325C60d1C69f6020BDf54cD17bd715Db3156,2,True
830,0,2,0x34Bec78b6d155e14060b3a38a8497D560F45D30e,2,True
829,0,0,0xA867aaBd9F861d63EA451549FA429A48fb527362,2,True
829,0,1,0x34Bec78b6d155e14060b3a38a8497D560F45D30e,2,True
829,0,2,0x4cb5E653404E1CA4eF4CEE496f3f677483508d66,2,True
828,0,0,0xfFcBDde40a743e39a3b41e1aC18B48EFCDc8d8A4,2,True
828,0,1,0x6D9b4346C92ee07eCD1Cc3741f1b96929F10f7B8,2,True
828,0,2,0xA867aaBd9F861d63EA451549FA429A48fb527362,2,True
827,0,0,0x2a47fb90Bd1AC3c6056D2C05C5c59A5F042310aA,2,True
827,0,1,0x5792fC2749214A6fEf94989c63dC863B6E6eE620,0,False
827,0,2,0x6C4E6f11eA59704abf39D0BBdF3bCbc31548aB4D,2,True
826,0,0,0x91e0346A89438C8084ab1827467D014C84b0f85a,2,True
826,0,1,0x9bfDA54A453F503d487f2F32554dE73f03E24853,0,False
826,0,2,0xC0B53221A7dbcbcE68441C26ea4DA73266D6bc20,2,True
825,0,0,0xafEb94308636DB74385eC71346BE389F3624ea84,2,True
825,0,1,0xD9463BE909eBB97964d3E95E94331063707fc059,2,True
825,0,2,0x4a2c5a0Af8b29cD5Fd8Eb1d02a83150A3ee10488,2,True
825,1,0,0x34Bec78b6d155e14060b3a38a8497D560F45D30e,2,True
825,1,1,0xBE9cCa1BEcA8A0470c9Db7510f50AffbE4d90d00,2,True
825,1,2,0x4cb5E653404E1CA4eF4CEE496f3f677483508d66,0,False
825,1,3,0x279ba53A1aD77793544eaf2AC7398a7BD7361aAA,2,True
825,1,4,0x982f5698fEBb2b8d1B9a560228ABBCEAfBB11568,2,True
825,1,5,0x4eB7551bEE1375F4ecBc4D232001db213Ab945dC,2,True
825,1,6,0x34Bec78b6d155e14060b3a38a8497D560F45D30e,2,True
824,0,0,0xe4230c0E536b704f82cb435876B4907cb1F66c13,1,True
824,0,1,0x4cb5E653404E1CA4eF4CEE496f3f677483508d66,1,True
824,0,2,0x574C1b19d8C40fb897B66C4d681E876FFE41Ee50,1,True
823,0,0,0x1D9a3491E28c2E688d9C3C846391eeF345d68C6c,1,True
823,0,1,0x271F379b4FA3D1f362Ad86Eb1Ee7108060a7fc09,1,True
823,0,2,0xB011122194C0487fE9214c9FC9a73eC770e94Eae,1,True
822,0,0,0x131a9A36Ea25aFB4Ed1a4510eE4B36E369d0F699,0,False
822,0,1,0xB011122194C0487fE9214c9FC9a73eC770e94Eae,2,True
822,0,2,0x982f5698fEBb2b8d1B9a560228ABBCEAfBB11568,2,True
821,0,0,0x6D9b4346C92ee07eCD1Cc3741f1b96929F10f7B8,2,True
821,0,1,0x131a9A36Ea25aFB4Ed1a4510eE4B36E369d0F699,0,False
821,0,2,0x574C1b19d8C40fb897B66C4d681E876FFE41Ee50,2,True
820,0,0,0xe4230c0E536b704f82cb435876B4907cb1F66c13,2,True
820,0,1,0xA867aaBd9F861d63EA451549FA429A48fb527362,2,True
820,0,2,0xC7df1bCdd1d72c615e79f256F40c016A0ADB88a2,2,True
819,0,0,0xF035561dcE033DeD865E15E69dB06cfFC88d9213,2,True
819,0,1,0x91e0346A89438C8084ab1827467D014C84b0f85a,2,True
819,0,2,0x607dEe1d3576a61D9684c445645794bA891d34b7,2,True
818,0,0,0x6F5f5d2A7D9b6EA028b8eFCeab2Ff221A27ab6e3,2,True
818,0,1,0x34Bec78b6d155e14060b3a38a8497D560F45D30e,2,True
818,0,2,0xA8BaE0Ae470BF98B017c522C985ED1F7b2a1D0E1,2,True
817,0,0,0x131a9A36Ea25aFB4Ed1a4510eE4B36E369d0F699,0,False
817,0,1,0xA867aaBd9F861d63EA451549FA429A48fb527362,2,True
817,0,2,0x131a9A36Ea25aFB4Ed1a4510eE4B36E369d0F699,0,False
816,0,0,0x34Bec78b6d155e14060b3a38a8497D560F45D30e,2,True
816,0,1,0x158001D8789a0Cd6eB68cE9F0a97C651fC0B9601,2,True
816,0,2,0xA867aaBd9F861d63EA451549FA429A48fb527362,2,True
815,0,0,0x574C1b19d8C40fb897B66C4d681E876FFE41Ee50,2,True
815,0,1,0xC6D8ba7832a9A1B8ebB47D96A96733260056D996,2,True
815,0,2,0x4a2c5a0Af8b29cD5Fd8Eb1d02a83150A3ee10488,2,True
814,0,0,0x4cb5E653404E1CA4eF4CEE496f3f677483508d66,2,True
814,0,1,0x34Bec78b6d155e14060b3a38a8497D560F45D30e,2,True
814,0,2,0x4cb5E653404E1CA4eF4CEE496f3f677483508d66,2,True
813,0,0,0x34Bec78b6d155e14060b3a38a8497D560F45D30e,2,True
813,0,1,0x4cb5E653404E1CA4eF4CEE496f3f677483508d66,2,True
813,0,2,0xA867aaBd9F861d63EA451549FA429A48fb527362,2,True
812,0,0,0x91e0346A89438C8084ab1827467D014C84b0f85a,1,True
812,0,1,0x4AB206a28AD6082aEa25AE987F94AdE481BA2f61,1,True
812,0,2,0x91e0346A89438C8084ab1827467D014C84b0f85a,1,True
811,0,0,0x91e0346A89438C8084ab1827467D014C84b0f85a,1,True
811,0,1,0xdceFd7f01d32041CDC88D00296363BcC78658d10,1,True
811,0,2,0xF035561dcE033DeD865E15E69dB06cfFC88d9213,1,True
810,0,0,0xC0B53221A7dbcbcE68441C26ea4DA73266D6bc20,1,True
810,0,1,0x5D81626Dab13Be9d6a541fbef03bDD88e200b9c7,1,True
810,0,2,0x91e0346A89438C8084ab1827467D014C84b0f85a,1,True
809,0,0,0x9b70502efAaF3470F62ca3A27F7EaB37942f4E80,1,True
809,0,1,0x9bfDA54A453F503d487f2F32554dE73f03E24853,1,True
809,0,2,0xFecd90B388f0f1dA91421b1A848013a0fe0c10ab,1,True
808,0,0,0x9bfDA54A453F503d487f2F32554dE73f03E24853,1,True
808,0,1,0x20862Da5CbDb46Aed6409F8987ffB828Aa981db8,0,False
808,0,2,0xdceFd7f01d32041CDC88D00296363BcC78658d10,1,True
807,0,0,0x2E66504963b7C948E77B17A803419F67e72d1290,2,True
807,0,1,0xbF17b03d80104338Db335847fdb0c251bA5f2eDe,2,True
807,0,2,0xfFcBDde40a743e39a3b41e1aC18B48EFCDc8d8A4,2,True
806,0,0,0x6a59b37bdE2D80878a019e824026E462192B7b66,2,True
806,0,1,0x34Bec78b6d155e14060b3a38a8497D560F45D30e,2,True
806,0,2,0x4a2c5a0Af8b29cD5Fd8Eb1d02a83150A3ee10488,2,True
805,0,0,0xB7E69971897d02972DaCf002A0C22ff12E510fBc,2,True
805,0,1,0x2a47fb90Bd1AC3c6056D2C05C5c59A5F042310aA,2,True
805,0,2,0xfFcBDde40a743e39a3b41e1aC18B48EFCDc8d8A4,2,True
804,0,0,0xE92b1b809333a4850Ace1f6861e19A730DFEE717,2,True
804,0,1,0x1FcB32c860b9F4c0DF99d1fd54E7CE958E9e93cC,2,True
804,0,2,0x0032dd3EcfF7B672A8E2C28FCAb1Aa1cC50F81f1,2,True
803,0,0,0xFc861F218EDdA7B196A1B3f0Fd6Da7010cD596FA,2,True
803,0,1,0xC5A835CDbfC26DcD072257851537A17b2900a2bD,0,False
803,0,2,0x6F5f5d2A7D9b6EA028b8eFCeab2Ff221A27ab6e3,2,True
802,0,0,0x34Bec78b6d155e14060b3a38a8497D560F45D30e,2,True
802,0,1,0x9dfD533c41769A77143587f31B35B632bbF441be,2,True
802,0,2,0x34Bec78b6d155e14060b3a38a8497D560F45D30e,2,True
801,0,0,0x4A6E8D9Aacbe6c14b0e8fAebCE86fbf41f11bFB1,1,True
801,0,1,0xB011122194C0487fE9214c9FC9a73eC770e94Eae,1,True
801,0,2,0x34Bec78b6d155e14060b3a38a8497D560F45D30e,1,True
800,0,0,0x1D9a3491E28c2E688d9C3C846391eeF345d68C6c,1,True
800,0,1,0xE86e325C60d1C69f6020BDf54cD17bd715Db3156,1,True
800,0,2,0x34Bec78b6d155e14060b3a38a8497D560F45D30e,1,True
799,0,0,0xAc6444DeDD4c87780A16477071D54c0e3a785570,2,True
799,0,1,0xE86e325C60d1C69f6020BDf54cD17bd715Db3156,2,True
799,0,2,0x945674691713d1E8d02832d20777B933036e49E1,2,True
798,0,0,0xB011122194C0487fE9214c9FC9a73eC770e94Eae,2,True
798,0,1,0x4a2c5a0Af8b29cD5Fd8Eb1d02a83150A3ee10488,2,True
798,0,2,0x7a05B7419cd36D4F2DF42Ac6c2505013e996d9E3,2,True
797,0,0,0xfFcBDde40a743e39a3b41e1aC18B48EFCDc8d8A4,2,True
797,0,1,0xA867aaBd9F861d63EA451549FA429A48fb527362,2,True
797,0,2,0x34Bec78b6d155e14060b3a38a8497D560F45D30e,2,True
796,0,0,0x4A6E8D9Aacbe6c14b0e8fAebCE86fbf41f11bFB1,2,True
796,0,1,0xA867aaBd9F861d63EA451549FA429A48fb527362,2,True
796,0,2,0xbF17b03d80104338Db335847fdb0c251bA5f2eDe,2,True
795,0,0,0x60DA07cFb273051AA9827dABFfcD298c305cd00D,2,True
795,0,1,0x8DcA414776Ae8478c5E2141ECdD21f716A9010d9,2,True
795,0,2,0xA867aaBd9F861d63EA451549FA429A48fb527362,2,True
794,0,0,0x4dFF727Fd5002DAd7E028c6987c394F1913C2137,2,True
794,0,1,0xC5A835CDbfC26DcD072257851537A17b2900a2bD,2,True
794,0,2,0xe4230c0E536b704f82cb435876B4907cb1F66c13,2,True
793,0,0,0xF2Dd3ddFc49cB2156DCae1240F78B004f61757E0,2,True
793,0,1,0xe4230c0E536b704f82cb435876B4907cb1F66c13,2,True
793,0,2,0xA867aaBd9F861d63EA451549FA429A48fb527362,2,True
792,0,0,0x6D9b4346C92ee07eCD1Cc3741f1b96929F10f7B8,2,True
792,0,1,0x6C4E6f11eA59704abf39D0BBdF3bCbc31548aB4D,2,True
792,0,2,0x60DA07cFb273051AA9827dABFfcD298c305cd00D,2,True
791,0,0,0x509F3f4247f28A89BFA59aFB8748c6FA41da48D0,2,True
791,0,1,0x4A6E8D9Aacbe6c14b0e8fAebCE86fbf41f11bFB1,2,True
791,0,2,0xA64A17a51482F96A794C08fa3E61bB6260EEB2Ca,2,True
790,0,0,0x4a2c5a0Af8b29cD5Fd8Eb1d02a83150A3ee10488,2,True
790,0,1,0x1D9a3491E28c2E688d9C3C846391eeF345d68C6c,2,True
790,0,2,0xA64A17a51482F96A794C08fa3E61bB6260EEB2Ca,2,True
789,0,0,0x215C050A6a9f8105c48BBDd0df6524799188cFF4,2,True
789,0,1,0xBE9cCa1BEcA8A0470c9Db7510f50AffbE4d90d00,1,True
789,0,2,0xB011122194C0487fE9214c9FC9a73eC770e94Eae,2,True
788,0,0,0x34Bec78b6d155e14060b3a38a8497D560F45D30e,2,True
788,0,1,0x215C050A6a9f8105c48BBDd0df6524799188cFF4,2,True
788,0,2,0x91CcBaB90e454213c6E61FdA4662d47107C83E69,2,True
787,0,0,0x574677ab0A10d3848860F4BBb58480c8bDB401Df,2,True
787,0,1,0x34Bec78b6d155e14060b3a38a8497D560F45D30e,2,True
787,0,2,0xA8BaE0Ae470BF98B017c522C985ED1F7b2a1D0E1,2,True
786,0,0,0xA33d400E91342D6e4dcE8c5584F706b4Ea000bA6,1,True
786,0,1,0x0B757D70e6911fD5c3E7e8157da0069ce7657f34,1,True
786,0,2,0x34Bec78b6d155e14060b3a38a8497D560F45D30e,1,True
785,0,0,0x3590AC9cF1ec55d1FB86993718EFabf9F1B9373A,2,True
785,0,1,0x272F858760f8b2267525237Adee108EAC25f1C9e,2,True
785,0,2,0xcD69BD84f20eA1919CB842D4421Ba7e4Cb99a427,2,True
784,0,0,0xE92b1b809333a4850Ace1f6861e19A730DFEE717,2,True
784,0,1,0xA867aaBd9F861d63EA451549FA429A48fb527362,2,True
784,0,2,0x4A6E8D9Aacbe6c14b0e8fAebCE86fbf41f11bFB1,1,True
784,1,0,0x6C4E6f11eA59704abf39D0BBdF3bCbc31548aB4D,2,True
784,1,1,0x34Bec78b6d155e14060b3a38a8497D560F45D30e,2,True
784,1,2,0x4dFF727Fd5002DAd7E028c6987c394F1913C2137,2,True
784,1,3,0xda8C5db86aa21547d55625b695A0351FCd561fD2,2,True
784,1,4,0x4cb5E653404E1CA4eF4CEE496f3f677483508d66,2,True
784,1,5,0xFAe184739fBAa9c796fd0a28e96AEE2A295567e4,2,True
784,1,6,0x4cb5E653404E1CA4eF4CEE496f3f677483508d66,2,True
783,0,0,0x34Bec78b6d155e14060b3a38a8497D560F45D30e,1,True
783,0,1,0x4A6E8D9Aacbe6c14b0e8fAebCE86fbf41f11bFB1,1,True
783,0,2,0x6D9b4346C92ee07eCD1Cc3741f1b96929F10f7B8,1,True
782,0,0,0xA64A17a51482F96A794C08fa3E61bB6260EEB2Ca,2,True
782,0,1,0x69624640535E70a158FE9C2FA1DB4E5e4827A32e,2,True
782,0,2,0xB7E69971897d02972DaCf002A0C22ff12E510fBc,2,True
781,0,0,0xA867aaBd9F861d63EA451549FA429A48fb527362,2,True
781,0,1,0xfFcBDde40a743e39a3b41e1aC18B48EFCDc8d8A4,2,True
781,0,2,0xe4230c0E536b704f82cb435876B4907cb1F66c13,2,True
780,0,0,0x34Bec78b6d155e14060b3a38a8497D560F45D30e,2,True
780,0,1,0xB011122194C0487fE9214c9FC9a73eC770e94Eae,2,True
780,0,2,0x945674691713d1E8d02832d20777B933036e49E1,2,True
779,0,0,0x4A6E8D9Aacbe6c14b0e8fAebCE86fbf41f11bFB1,1,True
779,0,1,0xAfA0BB1a2060160470f9fe06fBA35dce947C8FbF,1,True
779,0,2,0xfFcBDde40a743e39a3b41e1aC18B48EFCDc8d8A4,1,True
778,0,0,0xF2Dd3ddFc49cB2156DCae1240F78B004f61757E0,2,True
778,0,1,0xA867aaBd9F861d63EA451549FA429A48fb527362,2,True
778,0,2,0x34Bec78b6d155e14060b3a38a8497D560F45D30e,2,True
777,0,0,0x1D9a3491E28c2E688d9C3C846391eeF345d68C6c,2,True
777,0,1,0xA867aaBd9F861d63EA451549FA429A48fb527362,2,True
777,0,2,0xC5A835CDbfC26DcD072257851537A17b2900a2bD,2,True
776,0,0,0x0B757D70e6911fD5c3E7e8157da0069ce7657f34,1,True
776,0,1,0xA64A17a51482F96A794C08fa3E61bB6260EEB2Ca,1,True
776,0,2,0xe4230c0E536b704f82cb435876B4907cb1F66c13,1,True
775,0,0,0x7644c9C10D6A2C970BF3cb50E957e3fEAacE6CB2,2,True
775,0,1,0x1FcB32c860b9F4c0DF99d1fd54E7CE958E9e93cC,2,True
775,0,2,0x6F5f5d2A7D9b6EA028b8eFCeab2Ff221A27ab6e3,2,True
774,0,0,0xA867aaBd9F861d63EA451549FA429A48fb527362,2,True
774,0,1,0x34Bec78b6d155e14060b3a38a8497D560F45D30e,2,True
774,0,2,0x6F5f5d2A7D9b6EA028b8eFCeab2Ff221A27ab6e3,2,True
773,0,0,0x0B072F12B7C0cc5F115c795cDd8962aeCC215C15,2,True
773,0,1,0x34Bec78b6d155e14060b3a38a8497D560F45D30e,2,True
773,0,2,0xC0B53221A7dbcbcE68441C26ea4DA73266D6bc20,2,True
772,0,0,0xA64A17a51482F96A794C08fa3E61bB6260EEB2Ca,2,True
772,0,1,0x9Ad6d46b64b7466a8Bf765dEae3937B58288317D,2,True
772,0,2,0x4A6E8D9Aacbe6c14b0e8fAebCE86fbf41f11bFB1,2,True
771,0,0,0x9Ad6d46b64b7466a8Bf765dEae3937B58288317D,2,True
771,0,1,0xA64A17a51482F96A794C08fa3E61bB6260EEB2Ca,2,True
771,0,2,0xA966cd3Fe32BaEa7b9e18DF78d9f6286d5e50ff0,2,True
770,0,0,0x4cb5E653404E1CA4eF4CEE496f3f677483508d66,1,True
770,0,1,0xF865067A5B9672f11AF8514440D9111AfD05d040,0,False
770,0,2,0x279ba53A1aD77793544eaf2AC7398a7BD7361aAA,0,False
769,0,0,0x34Bec78b6d155e14060b3a38a8497D560F45D30e,1,True
769,0,1,0x4A6E8D9Aacbe6c14b0e8fAebCE86fbf41f11bFB1,2,True
769,0,2,0xA8BaE0Ae470BF98B017c522C985ED1F7b2a1D0E1,2,True
768,0,0,0xFA95d683f5AF39CBaC80Fb75Bb51D646f8780e85,2,True
768,0,1,0xA867aaBd9F861d63EA451549FA429A48fb527362,2,True
768,0,2,0x34Bec78b6d155e14060b3a38a8497D560F45D30e,2,True
767,0,0,0x12FA14C9F49CeE96c4F6ba8c7497F7Ef825cAe37,0,False
767,0,1,0x34Bec78b6d155e14060b3a38a8497D560F45D30e,1,True
767,0,2,0xE92b1b809333a4850Ace1f6861e19A730DFEE717,2,True
766,0,0,0xdceFd7f01d32041CDC88D00296363BcC78658d10,2,True
766,0,1,0xF035561dcE033DeD865E15E69dB06cfFC88d9213,2,True
766,0,2,0x4cb5E653404E1CA4eF4CEE496f3f677483508d66,2,True
765,0,0,0xA64A17a51482F96A794C08fa3E61bB6260EEB2Ca,2,True
765,0,1,0xA64A17a51482F96A794C08fa3E61bB6260EEB2Ca,2,True
765,0,2,0x05A15B985aF30d664F731f1cF2bEE9C9Dc0A1D0f,1,True
764,0,0,0x7a05B7419cd36D4F2DF42Ac6c2505013e996d9E3,2,True
764,0,1,0x4a2c5a0Af8b29cD5Fd8Eb1d02a83150A3ee10488,2,True
764,0,2,0xA867aaBd9F861d63EA451549FA429A48fb527362,2,True
763,0,0,0x982f5698fEBb2b8d1B9a560228ABBCEAfBB11568,2,True
763,0,1,0x34Bec78b6d155e14060b3a38a8497D560F45D30e,2,True
763,0,2,0x1FcB32c860b9F4c0DF99d1fd54E7CE958E9e93cC,2,True
762,0,0,0xA8BaE0Ae470BF98B017c522C985ED1F7b2a1D0E1,1,True
762,0,1,0xE86e325C60d1C69f6020BDf54cD17bd715Db3156,1,True
762,0,2,0x1FcB32c860b9F4c0DF99d1fd54E7CE958E9e93cC,1,True
761,0,0,0xA867aaBd9F861d63EA451549FA429A48fb527362,2,True
761,0,1,0xA64A17a51482F96A794C08fa3E61bB6260EEB2Ca,2,True
761,0,2,0x6D9b4346C92ee07eCD1Cc3741f1b96929F10f7B8,2,True
760,0,0,0xe4230c0E536b704f82cb435876B4907cb1F66c13,2,True
760,0,1,0x34Bec78b6d155e14060b3a38a8497D560F45D30e,2,True
760,0,2,0x34Bec78b6d155e14060b3a38a8497D560F45D30e,2,True
759,0,0,0x7380ac41fe003d937B4535fAAf79885A3bfcfA92,2,True
759,0,1,0x4a2c5a0Af8b29cD5Fd8Eb1d02a83150A3ee10488,2,True
759,0,2,0x34Bec78b6d155e14060b3a38a8497D560F45D30e,0,False
758,0,0,0x34Bec78b6d155e14060b3a38a8497D560F45D30e,1,True
758,0,1,0x6D9b4346C92ee07eCD1Cc3741f1b96929F10f7B8,1,True
758,0,2,0xA64A17a51482F96A794C08fa3E61bB6260EEB2Ca,2,True
757,0,0,0xc3A1b0600BA577587B6F9441aBf5bAA9f0804819,2,True
757,0,1,0xA8BaE0Ae470BF98B017c522C985ED1F7b2a1D0E1,2,True
757,0,2,0xA867aaBd9F861d63EA451549FA429A48fb527362,2,True
756,0,0,0xBa5A2E3e568377aBA3dB0B4BDeaDa679edD9A0bC,2,True
756,0,1,0xA8BaE0Ae470BF98B017c522C985ED1F7b2a1D0E1,2,True
756,0,2,0x9f1175193ABCc1060e3c7f940484d033A3bDCEF7,2,True
755,0,0,0x1D9a3491E28c2E688d9C3C846391eeF345d68C6c,2,True
755,0,1,0x60DA07cFb273051AA9827dABFfcD298c305cd00D,2,True
755,0,2,0xA64A17a51482F96A794C08fa3E61bB6260EEB2Ca,2,True
754,0,0,0xEc3ccfaf0a160D5A09Fcd7578989F5a6B8cdc489,2,True
754,0,1,0x6D9b4346C92ee07eCD1Cc3741f1b96929F10f7B8,2,True
754,0,2,0xD9463BE909eBB97964d3E95E94331063707fc059,2,True
753,0,0,0xe4230c0E536b704f82cb435876B4907cb1F66c13,2,True
753,0,1,0xe4230c0E536b704f82cb435876B4907cb1F66c13,2,True
753,0,2,0xA867aaBd9F861d63EA451549FA429A48fb527362,2,True
752,0,0,0x945674691713d1E8d02832d20777B933036e49E1,2,True
752,0,1,0xe4230c0E536b704f82cb435876B4907cb1F66c13,2,True
752,0,2,0xA867aaBd9F861d63EA451549FA429A48fb527362,2,True
751,0,0,0x34Bec78b6d155e14060b3a38a8497D560F45D30e,2,True
751,0,1,0x34Bec78b6d155e14060b3a38a8497D560F45D30e,2,True
751,0,2,0x34Bec78b6d155e14060b3a38a8497D560F45D30e,2,True
750,0,0,0xA64A17a51482F96A794C08fa3E61bB6260EEB2Ca,2,True
750,0,1,0x34Bec78b6d155e14060b3a38a8497D560F45D30e,2,True
750,0,2,0xfFcBDde40a743e39a3b41e1aC18B48EFCDc8d8A4,2,True
749,0,0,0x4a2c5a0Af8b29cD5Fd8Eb1d02a83150A3ee10488,2,True
749,0,1,0xA8BaE0Ae470BF98B017c522C985ED1F7b2a1D0E1,2,True
749,0,2,0xfFcBDde40a743e39a3b41e1aC18B48EFCDc8d8A4,2,True
748,0,0,0x55ee554Ec351Bcf31cE430F662A535199c33aA6b,2,True
748,0,1,0x9f1175193ABCc1060e3c7f940484d033A3bDCEF7,2,True
748,0,2,0x91CcBaB90e454213c6E61FdA4662d47107C83E69,2,True
747,0,0,0xA64A17a51482F96A794C08fa3E61bB6260EEB2Ca,1,True
747,0,1,0x4a2c5a0Af8b29cD5Fd8Eb1d02a83150A3ee10488,1,True
747,0,2,0x6D9b4346C92ee07eCD1Cc3741f1b96929F10f7B8,1,True
746,0,0,0xfFcBDde40a743e39a3b41e1aC18B48EFCDc8d8A4,2,True
746,0,1,0x982f5698fEBb2b8d1B9a560228ABBCEAfBB11568,2,True
746,0,2,0x945674691713d1E8d02832d20777B933036e49E1,2,True
745,0,0,0xe4230c0E536b704f82cb435876B4907cb1F66c13,2,True
745,0,1,0x9dfD533c41769A77143587f31B35B632bbF441be,2,True
745,0,2,0xA867aaBd9F861d63EA451549FA429A48fb527362,2,True
744,0,0,0xA867aaBd9F861d63EA451549FA429A48fb527362,2,True
744,0,1,0x91CcBaB90e454213c6E61FdA4662d47107C83E69,2,True
744,0,2,0xbF17b03d80104338Db335847fdb0c251bA5f2eDe,2,True
743,0,0,0x60DA07cFb273051AA9827dABFfcD298c305cd00D,2,True
743,0,1,0xF035561dcE033DeD865E15E69dB06cfFC88d9213,2,True
743,0,2,0x2a47fb90Bd1AC3c6056D2C05C5c59A5F042310aA,2,True
742,0,0,0x1FcB32c860b9F4c0DF99d1fd54E7CE958E9e93cC,2,True
742,0,1,0x12FA14C9F49CeE96c4F6ba8c7497F7Ef825cAe37,2,True
742,0,2,0x945674691713d1E8d02832d20777B933036e49E1,2,True
741,0,0,0x1FcB32c860b9F4c0DF99d1fd54E7CE958E9e93cC,2,True
741,0,1,0xD59C8cAe4be5fE5324B76825D34FB329a909D3fD,2,True
741,0,2,0x1D9a3491E28c2E688d9C3C846391eeF345d68C6c,2,True
740,0,0,0x55ee554Ec351Bcf31cE430F662A535199c33aA6b,2,True
740,0,1,0xB011122194C0487fE9214c9FC9a73eC770e94Eae,2,True
740,0,2,0xA64A17a51482F96A794C08fa3E61bB6260EEB2Ca,2,True
739,0,0,0x001FE2CdBEeB0743679E958C0861Dd8788B28b19,2,True
739,0,1,0xA64A17a51482F96A794C08fa3E61bB6260EEB2Ca,2,True
739,0,2,0x34Bec78b6d155e14060b3a38a8497D560F45D30e,2,True
738,0,0,0x1FcB32c860b9F4c0DF99d1fd54E7CE958E9e93cC,1,True
738,0,1,0xA33d400E91342D6e4dcE8c5584F706b4Ea000bA6,1,True
738,0,2,0xA867aaBd9F861d63EA451549FA429A48fb527362,1,True
737,0,0,0xA867aaBd9F861d63EA451549FA429A48fb527362,2,True
737,0,1,0x34Bec78b6d155e14060b3a38a8497D560F45D30e,2,True
737,0,2,0xcdd7a9faf35D07FD4Aa420C398108f9E0af9ceDF,2,True
736,0,0,0xB7E69971897d02972DaCf002A0C22ff12E510fBc,2,True
736,0,1,0xEFcbECe0Bc0b18ced69466F12D3044BD11A517cc,0,False
736,0,2,0xA867aaBd9F861d63EA451549FA429A48fb527362,2,True
735,0,0,0x34Bec78b6d155e14060b3a38a8497D560F45D30e,2,True
735,0,1,0xA867aaBd9F861d63EA451549FA429A48fb527362,2,True
735,0,2,0xA64A17a51482F96A794C08fa3E61bB6260EEB2Ca,2,True
734,0,0,0x06F65D5e97b796E47263110F305d005b2733CD1a,2,True
734,0,1,0x9dfD533c41769A77143587f31B35B632bbF441be,1,True
734,0,2,0xFc861F218EDdA7B196A1B3f0Fd6Da7010cD596FA,2,True
733,0,0,0x34Bec78b6d155e14060b3a38a8497D560F45D30e,2,True
733,0,1,0x34Bec78b6d155e14060b3a38a8497D560F45D30e,2,True
733,0,2,0xE86e325C60d1C69f6020BDf54cD17bd715Db3156,2,True
732,0,0,0xcD69BD84f20eA1919CB842D4421Ba7e4Cb99a427,2,True
732,0,1,0x34Bec78b6d155e14060b3a38a8497D560F45D30e,2,True
732,0,2,0x8f9da872e414211692C3068707B1570B0651b281,2,True
731,0,0,0xA867aaBd9F861d63EA451549FA429A48fb527362,2,True
731,0,1,0x7644c9C10D6A2C970BF3cb50E957e3fEAacE6CB2,2,True
731,0,2,0x2a47fb90Bd1AC3c6056D2C05C5c59A5F042310aA,2,True
730,0,0,0x0FBF3fdeC47CfC99C344b2A63F076fafCC840850,2,True
730,0,1,0xE86e325C60d1C69f6020BDf54cD17bd715Db3156,2,True
730,0,2,0x6D9b4346C92ee07eCD1Cc3741f1b96929F10f7B8,2,True
729,0,0,0xA64A17a51482F96A794C08fa3E61bB6260EEB2Ca,2,True
729,0,1,0x8d93471Dfd2A9D9bDc56eDee93f3fc57B8078D68,2,True
729,0,2,0xA867aaBd9F861d63EA451549FA429A48fb527362,2,True
728,0,0,0xA867aaBd9F861d63EA451549FA429A48fb527362,2,True
728,0,1,0xE86e325C60d1C69f6020BDf54cD17bd715Db3156,2,True
728,0,2,0x55ee554Ec351Bcf31cE430F662A535199c33aA6b,2,True
727,0,0,0xe4230c0E536b704f82cb435876B4907cb1F66c13,2,True
727,0,1,0xA867aaBd9F861d63EA451549FA429A48fb527362,2,True
727,0,2,0x4a2c5a0Af8b29cD5Fd8Eb1d02a83150A3ee10488,2,True
726,0,0,0xA64A17a51482F96A794C08fa3E61bB6260EEB2Ca,2,True
726,0,1,0xD0061DeBa693BAbCC3755d5FBe1327e923cb458F,2,True
726,0,2,0xe4230c0E536b704f82cb435876B4907cb1F66c13,2,True
725,0,0,0x34Bec78b6d155e14060b3a38a8497D560F45D30e,2,True
725,0,1,0xfFcBDde40a743e39a3b41e1aC18B48EFCDc8d8A4,2,True
725,0,2,0x945674691713d1E8d02832d20777B933036e49E1,2,True
724,0,0,0x60DA07cFb273051AA9827dABFfcD298c305cd00D,2,True
724,0,1,0x9f1175193ABCc1060e3c7f940484d033A3bDCEF7,2,True
724,0,2,0xE86e325C60d1C69f6020BDf54cD17bd715Db3156,2,True
723,0,0,0xD0061DeBa693BAbCC3755d5FBe1327e923cb458F,2,True
723,0,1,0xe4230c0E536b704f82cb435876B4907cb1F66c13,2,True
723,0,2,0x34Bec78b6d155e14060b3a38a8497D560F45D30e,2,True
722,0,0,0xe4230c0E536b704f82cb435876B4907cb1F66c13,2,True
722,0,1,0x48909739001FA130Ea554D45508714824C2467B5,2,True
722,0,2,0x1D9a3491E28c2E688d9C3C846391eeF345d68C6c,2,True
721,0,0,0xC7df1bCdd1d72c615e79f256F40c016A0ADB88a2,2,True
721,0,1,0x12FA14C9F49CeE96c4F6ba8c7497F7Ef825cAe37,2,True
721,0,2,0xfFcBDde40a743e39a3b41e1aC18B48EFCDc8d8A4,2,True
720,0,0,0xbC192A222F215783b24EFeD1B63B5E7349ee0d81,1,True
720,0,1,0xcD69BD84f20eA1919CB842D4421Ba7e4Cb99a427,2,True
720,0,2,0x4a2c5a0Af8b29cD5Fd8Eb1d02a83150A3ee10488,2,True
719,0,0,0xA8BaE0Ae470BF98B017c522C985ED1F7b2a1D0E1,1,True
719,0,1,0xE86e325C60d1C69f6020BDf54cD17bd715Db3156,2,True
719,0,2,0x9f1175193ABCc1060e3c7f940484d033A3bDCEF7,2,True
718,0,0,0x1FcB32c860b9F4c0DF99d1fd54E7CE958E9e93cC,2,True
718,0,1,0xfFcBDde40a743e39a3b41e1aC18B48EFCDc8d8A4,2,True
718,0,2,0xA8BaE0Ae470BF98B017c522C985ED1F7b2a1D0E1,2,True
717,0,0,0xEc3ccfaf0a160D5A09Fcd7578989F5a6B8cdc489,2,True
717,0,1,0x6C4E6f11eA59704abf39D0BBdF3bCbc31548aB4D,2,True
717,0,2,0x50C3eAD85c299D7c2b78ee9646880D0FFED9d2a8,2,True
716,0,0,0x1FcB32c860b9F4c0DF99d1fd54E7CE958E9e93cC,2,True
716,0,1,0x3590AC9cF1ec55d1FB86993718EFabf9F1B9373A,2,True
716,0,2,0x73aadE0F03e5A920829a1dBc337b761496540bD0,0,False
715,0,0,0x6F5f5d2A7D9b6EA028b8eFCeab2Ff221A27ab6e3,2,True
715,0,1,0xC5A835CDbfC26DcD072257851537A17b2900a2bD,2,True
715,0,2,0x6C4E6f11eA59704abf39D0BBdF3bCbc31548aB4D,2,True
714,0,0,0x12FA14C9F49CeE96c4F6ba8c7497F7Ef825cAe37,2,True
714,0,1,0x6D9b4346C92ee07eCD1Cc3741f1b96929F10f7B8,2,True
714,0,2,0xAfA0BB1a2060160470f9fe06fBA35dce947C8FbF,2,True
713,0,0,0xfFcBDde40a743e39a3b41e1aC18B48EFCDc8d8A4,2,True
713,0,1,0x34Bec78b6d155e14060b3a38a8497D560F45D30e,2,True
713,0,2,0x34Bec78b6d155e14060b3a38a8497D560F45D30e,2,True
712,0,0,0xfFcBDde40a743e39a3b41e1aC18B48EFCDc8d8A4,2,True
712,0,1,0x34Bec78b6d155e14060b3a38a8497D560F45D30e,2,True
712,0,2,0xD0061DeBa693BAbCC3755d5FBe1327e923cb458F,0,False
711,0,0,0xB011122194C0487fE9214c9FC9a73eC770e94Eae,2,True
711,0,1,0xA8BaE0Ae470BF98B017c522C985ED1F7b2a1D0E1,2,True
711,0,2,0x9f1175193ABCc1060e3c7f940484d033A3bDCEF7,2,True
710,0,0,0xfFcBDde40a743e39a3b41e1aC18B48EFCDc8d8A4,2,True
710,0,1,0xfFcBDde40a743e39a3b41e1aC18B48EFCDc8d8A4,2,True
710,0,2,0xE86e325C60d1C69f6020BDf54cD17bd715Db3156,2,True
709,0,0,0xA867aaBd9F861d63EA451549FA429A48fb527362,2,True
709,0,1,0x4A6E8D9Aacbe6c14b0e8fAebCE86fbf41f11bFB1,2,True
709,0,2,0x34Bec78b6d155e14060b3a38a8497D560F45D30e,2,True
708,0,0,0x515280Dd3A3d04f97A7a257E22826fa48A2d5309,2,True
708,0,1,0xA867aaBd9F861d63EA451549FA429A48fb527362,2,True
708,0,2,0x34Bec78b6d155e14060b3a38a8497D560F45D30e,2,True
707,0,0,0x7a05B7419cd36D4F2DF42Ac6c2505013e996d9E3,2,True
707,0,1,0x6D9b4346C92ee07eCD1Cc3741f1b96929F10f7B8,2,True
707,0,2,0x7a05B7419cd36D4F2DF42Ac6c2505013e996d9E3,2,True
706,0,0,0x34Bec78b6d155e14060b3a38a8497D560F45D30e,2,True
706,0,1,0x6D9b4346C92ee07eCD1Cc3741f1b96929F10f7B8,2,True
706,0,2,0x34Bec78b6d155e14060b3a38a8497D560F45D30e,2,True
705,0,0,0xe4230c0E536b704f82cb435876B4907cb1F66c13,2,True
705,0,1,0xA64A17a51482F96A794C08fa3E61bB6260EEB2Ca,2,True
705,0,2,0x4a2c5a0Af8b29cD5Fd8Eb1d02a83150A3ee10488,2,True
704,0,0,0xE86e325C60d1C69f6020BDf54cD17bd715Db3156,2,True
704,0,1,0x4A6E8D9Aacbe6c14b0e8fAebCE86fbf41f11bFB1,2,True
704,0,2,0x4a2c5a0Af8b29cD5Fd8Eb1d02a83150A3ee10488,2,True
703,0,0,0x4a2c5a0Af8b29cD5Fd8Eb1d02a83150A3ee10488,2,True
703,0,1,0x0B757D70e6911fD5c3E7e8157da0069ce7657f34,2,True
703,0,2,0x1FcB32c860b9F4c0DF99d1fd54E7CE958E9e93cC,2,True
702,0,0,0x34Bec78b6d155e14060b3a38a8497D560F45D30e,2,True
702,0,1,0x2a47fb90Bd1AC3c6056D2C05C5c59A5F042310aA,2,True
702,0,2,0x6D9b4346C92ee07eCD1Cc3741f1b96929F10f7B8,2,True
701,0,0,0x272F858760f8b2267525237Adee108EAC25f1C9e,2,True
701,0,1,0x34Bec78b6d155e14060b3a38a8497D560F45D30e,2,True
701,0,2,0xE42Dc1a7a817377DA92b6f8e7Dd9b2a6DC806d68,2,True
700,0,0,0xcD69BD84f20eA1919CB842D4421Ba7e4Cb99a427,2,True
700,0,1,0x6D9b4346C92ee07eCD1Cc3741f1b96929F10f7B8,2,True
700,0,2,0xe5E16307686148394652e99B6894B73E1F927C33,2,True
699,0,0,0x158001D8789a0Cd6eB68cE9F0a97C651fC0B9601,2,True
699,0,1,0xB7E69971897d02972DaCf002A0C22ff12E510fBc,2,True
699,0,2,0xA867aaBd9F861d63EA451549FA429A48fb527362,2,True
698,0,0,0x2a47fb90Bd1AC3c6056D2C05C5c59A5F042310aA,2,True
698,0,1,0x34Bec78b6d155e14060b3a38a8497D560F45D30e,2,True
698,0,2,0x4A6E8D9Aacbe6c14b0e8fAebCE86fbf41f11bFB1,2,True
697,0,0,0xA8BaE0Ae470BF98B017c522C985ED1F7b2a1D0E1,2,True
697,0,1,0x48909739001FA130Ea554D45508714824C2467B5,2,True
697,0,2,0x4a2c5a0Af8b29cD5Fd8Eb1d02a83150A3ee10488,2,True
696,0,0,0xC78EED7B6eF98fF11dd7f557C67AE0AbDd69227b,1,True
696,0,1,0x6D9b4346C92ee07eCD1Cc3741f1b96929F10f7B8,2,True
696,0,2,0xA867aaBd9F861d63EA451549FA429A48fb527362,2,True
695,0,0,0xA867aaBd9F861d63EA451549FA429A48fb527362,2,True
695,0,1,0x982f5698fEBb2b8d1B9a560228ABBCEAfBB11568,2,True
695,0,2,0xD0061DeBa693BAbCC3755d5FBe1327e923cb458F,2,True
694,0,0,0x2a47fb90Bd1AC3c6056D2C05C5c59A5F042310aA,2,True
694,0,1,0x7a05B7419cd36D4F2DF42Ac6c2505013e996d9E3,2,True
694,0,2,0x945674691713d1E8d02832d20777B933036e49E1,2,True
693,0,0,0x4cb5E653404E1CA4eF4CEE496f3f677483508d66,1,True
693,0,1,0x91e0346A89438C8084ab1827467D014C84b0f85a,1,True
693,0,2,0x4cb5E653404E1CA4eF4CEE496f3f677483508d66,1,True
692,0,0,0xe4230c0E536b704f82cb435876B4907cb1F66c13,2,True
692,0,1,0xE86e325C60d1C69f6020BDf54cD17bd715Db3156,2,True
692,0,2,0xA867aaBd9F861d63EA451549FA429A48fb527362,2,True
691,0,0,0xE86e325C60d1C69f6020BDf54cD17bd715Db3156,1,True
691,0,1,0xE86e325C60d1C69f6020BDf54cD17bd715Db3156,1,True
691,0,2,0x4A6E8D9Aacbe6c14b0e8fAebCE86fbf41f11bFB1,2,True
690,0,0,0xfFcBDde40a743e39a3b41e1aC18B48EFCDc8d8A4,2,True
690,0,1,0xB7E69971897d02972DaCf002A0C22ff12E510fBc,2,True
690,0,2,0x982f5698fEBb2b8d1B9a560228ABBCEAfBB11568,2,True
689,0,0,0x9f1175193ABCc1060e3c7f940484d033A3bDCEF7,2,True
689,0,1,0x982f5698fEBb2b8d1B9a560228ABBCEAfBB11568,2,True
689,0,2,0x1FcB32c860b9F4c0DF99d1fd54E7CE958E9e93cC,2,True
688,0,0,0x982f5698fEBb2b8d1B9a560228ABBCEAfBB11568,2,True
688,0,1,0xE86e325C60d1C69f6020BDf54cD17bd715Db3156,2,True
688,0,2,0x6F5f5d2A7D9b6EA028b8eFCeab2Ff221A27ab6e3,2,True
687,0,0,0x4A6E8D9Aacbe6c14b0e8fAebCE86fbf41f11bFB1,2,True
687,0,1,0xB011122194C0487fE9214c9FC9a73eC770e94Eae,2,True
687,0,2,0xE86e325C60d1C69f6020BDf54cD17bd715Db3156,2,True
686,0,0,0xC5A835CDbfC26DcD072257851537A17b2900a2bD,2,True
686,0,1,0xB7E69971897d02972DaCf002A0C22ff12E510fBc,2,True
686,0,2,0xAc6444DeDD4c87780A16477071D54c0e3a785570,2,True
685,0,0,0x162076Db70bdEda23994Bd1FD5fb4E916c6a88e9,2,True
685,0,1,0xB7E69971897d02972DaCf002A0C22ff12E510fBc,2,True
685,0,2,0x162076Db70bdEda23994Bd1FD5fb4E916c6a88e9,2,True
684,0,0,0x6D9b4346C92ee07eCD1Cc3741f1b96929F10f7B8,2,True
684,0,1,0x4A6E8D9Aacbe6c14b0e8fAebCE86fbf41f11bFB1,2,True
684,0,2,0xA867aaBd9F861d63EA451549FA429A48fb527362,2,True
683,0,0,0x9f1175193ABCc1060e3c7f940484d033A3bDCEF7,2,True
683,0,1,0x4A6E8D9Aacbe6c14b0e8fAebCE86fbf41f11bFB1,2,True
683,0,2,0x945674691713d1E8d02832d20777B933036e49E1,2,True
682,0,0,0x001FE2CdBEeB0743679E958C0861Dd8788B28b19,2,True
682,0,1,0xf83f70E148bC6ff29bb627f97EB691F30268c7e3,2,True
682,0,2,0xe4230c0E536b704f82cb435876B4907cb1F66c13,2,True
681,0,0,0xA867aaBd9F861d63EA451549FA429A48fb527362,1,True
681,0,1,0xB7E69971897d02972DaCf002A0C22ff12E510fBc,1,True
681,0,2,0x4A6E8D9Aacbe6c14b0e8fAebCE86fbf41f11bFB1,1,True
680,0,0,0xB7E69971897d02972DaCf002A0C22ff12E510fBc,2,True
680,0,1,0x1D9a3491E28c2E688d9C3C846391eeF345d68C6c,2,True
680,0,2,0x982f5698fEBb2b8d1B9a560228ABBCEAfBB11568,2,True
679,0,0,0x1D9a3491E28c2E688d9C3C846391eeF345d68C6c,2,True
679,0,1,0xA867aaBd9F861d63EA451549FA429A48fb527362,2,True
679,0,2,0xB011122194C0487fE9214c9FC9a73eC770e94Eae,2,True
678,0,0,0xa07f5Ffd166Ca3Ff7567e96a0430F1496cdb470a,2,True
678,0,1,0x982f5698fEBb2b8d1B9a560228ABBCEAfBB11568,2,True
678,0,2,0x162076Db70bdEda23994Bd1FD5fb4E916c6a88e9,2,True
677,0,0,0x162076Db70bdEda23994Bd1FD5fb4E916c6a88e9,2,True
677,0,1,0x6F5f5d2A7D9b6EA028b8eFCeab2Ff221A27ab6e3,2,True
677,0,2,0x982f5698fEBb2b8d1B9a560228ABBCEAfBB11568,2,True
676,0,0,0x7a05B7419cd36D4F2DF42Ac6c2505013e996d9E3,1,True
676,0,1,0x55ee554Ec351Bcf31cE430F662A535199c33aA6b,1,True
676,0,2,0x982f5698fEBb2b8d1B9a560228ABBCEAfBB11568,1,True
675,0,0,0xA64A17a51482F96A794C08fa3E61bB6260EEB2Ca,2,True
675,0,1,0xa07f5Ffd166Ca3Ff7567e96a0430F1496cdb470a,2,True
675,0,2,0x4a2c5a0Af8b29cD5Fd8Eb1d02a83150A3ee10488,2,True
674,0,0,0xe4230c0E536b704f82cb435876B4907cb1F66c13,2,True
674,0,1,0xD0061DeBa693BAbCC3755d5FBe1327e923cb458F,2,True
674,0,2,0x55ee554Ec351Bcf31cE430F662A535199c33aA6b,2,True
673,0,0,0xA867aaBd9F861d63EA451549FA429A48fb527362,2,True
673,0,1,0x162076Db70bdEda23994Bd1FD5fb4E916c6a88e9,2,True
673,0,2,0xfFcBDde40a743e39a3b41e1aC18B48EFCDc8d8A4,2,True
672,0,0,0x6D9b4346C92ee07eCD1Cc3741f1b96929F10f7B8,1,True
672,0,1,0x162076Db70bdEda23994Bd1FD5fb4E916c6a88e9,2,True
672,0,2,0x945674691713d1E8d02832d20777B933036e49E1,2,True
671,0,0,0xA867aaBd9F861d63EA451549FA429A48fb527362,2,True
671,0,1,0x162076Db70bdEda23994Bd1FD5fb4E916c6a88e9,2,True
671,0,2,0x1FcB32c860b9F4c0DF99d1fd54E7CE958E9e93cC,2,True
670,0,0,0xA867aaBd9F861d63EA451549FA429A48fb527362,2,True
670,0,1,0xB011122194C0487fE9214c9FC9a73eC770e94Eae,2,True
670,0,2,0x60DA07cFb273051AA9827dABFfcD298c305cd00D,2,True
669,0,0,0xC5A835CDbfC26DcD072257851537A17b2900a2bD,2,True
669,0,1,0xA64A17a51482F96A794C08fa3E61bB6260EEB2Ca,2,True
669,0,2,0x1D9a3491E28c2E688d9C3C846391eeF345d68C6c,0,False
668,0,0,0xe4230c0E536b704f82cb435876B4907cb1F66c13,2,True
668,0,1,0xc7c2c428D19D507285cebd6f575A8067A63878A1,2,True
668,0,2,0xB011122194C0487fE9214c9FC9a73eC770e94Eae,2,True
667,0,0,0xA867aaBd9F861d63EA451549FA429A48fb527362,2,True
667,0,1,0x982f5698fEBb2b8d1B9a560228ABBCEAfBB11568,2,True
667,0,2,0xc3A1b0600BA577587B6F9441aBf5bAA9f0804819,2,True
666,0,0,0xA64A17a51482F96A794C08fa3E61bB6260EEB2Ca,2,True
666,0,1,0xa07f5Ffd166Ca3Ff7567e96a0430F1496cdb470a,2,True
666,0,2,0xFc861F218EDdA7B196A1B3f0Fd6Da7010cD596FA,2,True
665,0,0,0xa07f5Ffd166Ca3Ff7567e96a0430F1496cdb470a,2,True
665,0,1,0x19BA26834B8263ba087443e1bdF903b2e228E35b,2,True
665,0,2,0x4A6E8D9Aacbe6c14b0e8fAebCE86fbf41f11bFB1,2,True
664,0,0,0x4a557944f9b653ac948e26b56ea3E7ADb25c49C3,2,True
664,0,1,0xa07f5Ffd166Ca3Ff7567e96a0430F1496cdb470a,2,True
664,0,2,0x6F5f5d2A7D9b6EA028b8eFCeab2Ff221A27ab6e3,2,True
663,0,0,0x0Dcf343179A4Ca87b03AeaCd31c50408c0AB0DcC,2,True
662,0,0,0x4a2c5a0Af8b29cD5Fd8Eb1d02a83150A3ee10488,2,True
662,0,1,0x9f1175193ABCc1060e3c7f940484d033A3bDCEF7,2,True
662,0,2,0x982f5698fEBb2b8d1B9a560228ABBCEAfBB11568,2,True
661,0,0,0x4A6E8D9Aacbe6c14b0e8fAebCE86fbf41f11bFB1,2,True
661,0,1,0xA867aaBd9F861d63EA451549FA429A48fb527362,2,True
661,0,2,0xA33d400E91342D6e4dcE8c5584F706b4Ea000bA6,2,True
660,0,0,0xa07f5Ffd166Ca3Ff7567e96a0430F1496cdb470a,2,True
660,0,1,0xC78EED7B6eF98fF11dd7f557C67AE0AbDd69227b,1,True
660,0,2,0x982f5698fEBb2b8d1B9a560228ABBCEAfBB11568,2,True
659,0,0,0xA8BaE0Ae470BF98B017c522C985ED1F7b2a1D0E1,2,True
659,0,1,0x6D9b4346C92ee07eCD1Cc3741f1b96929F10f7B8,2,True
659,0,2,0xe4230c0E536b704f82cb435876B4907cb1F66c13,2,True
658,0,0,0xA64A17a51482F96A794C08fa3E61bB6260EEB2Ca,2,True
658,0,1,0x982f5698fEBb2b8d1B9a560228ABBCEAfBB11568,2,True
658,0,2,0xf83f70E148bC6ff29bb627f97EB691F30268c7e3,2,True
657,0,0,0xf83f70E148bC6ff29bb627f97EB691F30268c7e3,1,True
657,0,1,0xA867aaBd9F861d63EA451549FA429A48fb527362,1,True
657,0,2,0x9dfaA6A4dC2EF1C023A7bd1fC7763d627c0B4017,1,True
656,0,0,0xbF17b03d80104338Db335847fdb0c251bA5f2eDe,2,True
656,0,1,0x2a47fb90Bd1AC3c6056D2C05C5c59A5F042310aA,2,True
656,0,2,0xA64A17a51482F96A794C08fa3E61bB6260EEB2Ca,2,True
655,0,0,0xA867aaBd9F861d63EA451549FA429A48fb527362,2,True
655,0,1,0x60DA07cFb273051AA9827dABFfcD298c305cd00D,2,True
655,0,2,0x2a47fb90Bd1AC3c6056D2C05C5c59A5F042310aA,2,True
654,0,0,0xbF17b03d80104338Db335847fdb0c251bA5f2eDe,2,True
654,0,1,0x982f5698fEBb2b8d1B9a560228ABBCEAfBB11568,2,True
654,0,2,0x982f5698fEBb2b8d1B9a560228ABBCEAfBB11568,2,True
653,0,0,0x162076Db70bdEda23994Bd1FD5fb4E916c6a88e9,2,True
653,0,1,0x6D9b4346C92ee07eCD1Cc3741f1b96929F10f7B8,2,True
653,0,2,0x06F65D5e97b796E47263110F305d005b2733CD1a,2,True
652,0,0,0x6D9b4346C92ee07eCD1Cc3741f1b96929F10f7B8,1,True
652,0,1,0xaeaD6593710Bf28bF4848b24F4ed1F130773d7E6,2,True
652,0,2,0xE86e325C60d1C69f6020BDf54cD17bd715Db3156,2,True
652,1,0,0xA867aaBd9F861d63EA451549FA429A48fb527362,2,True
652,1,1,0x0d0C51021A80C4002c14593d5c2fCCF22D2eb475,2,True
652,1,2,0x34Bec78b6d155e14060b3a38a8497D560F45D30e,2,True
652,1,3,0x4A6E8D9Aacbe6c14b0e8fAebCE86fbf41f11bFB1,2,True
652,1,4,0xA867aaBd9F861d63EA451549FA429A48fb527362,2,True
652,1,5,0x06F65D5e97b796E47263110F305d005b2733CD1a,2,True
652,1,6,0xbC192A222F215783b24EFeD1B63B5E7349ee0d81,2,True
651,0,0,0x1FcB32c860b9F4c0DF99d1fd54E7CE958E9e93cC,2,True
651,0,1,0xA867aaBd9F861d63EA451549FA429A48fb527362,2,True
651,0,2,0xA64A17a51482F96A794C08fa3E61bB6260EEB2Ca,2,True
650,0,0,0xa07f5Ffd166Ca3Ff7567e96a0430F1496cdb470a,2,True
650,0,1,0xA64A17a51482F96A794C08fa3E61bB6260EEB2Ca,2,True
650,0,2,0x162076Db70bdEda23994Bd1FD5fb4E916c6a88e9,2,True
649,0,0,0x982f5698fEBb2b8d1B9a560228ABBCEAfBB11568,0,False
649,0,1,0xA867aaBd9F861d63EA451549FA429A48fb527362,2,True
649,0,2,0xC7df1bCdd1d72c615e79f256F40c016A0ADB88a2,2,True
648,0,0,0xD3e27b56FfeBD6CE1C677937eB918Aa8dcaDedb1,2,True
648,0,1,0x1D9a3491E28c2E688d9C3C846391eeF345d68C6c,2,True
648,0,2,0x982f5698fEBb2b8d1B9a560228ABBCEAfBB11568,0,False
647,0,0,0x4A6E8D9Aacbe6c14b0e8fAebCE86fbf41f11bFB1,2,True
647,0,1,0xA867aaBd9F861d63EA451549FA429A48fb527362,2,True
647,0,2,0xfFcBDde40a743e39a3b41e1aC18B48EFCDc8d8A4,1,True
647,1,0,0xA64A17a51482F96A794C08fa3E61bB6260EEB2Ca,2,True
647,1,1,0xD59C8cAe4be5fE5324B76825D34FB329a909D3fD,2,True
647,1,2,0x6F5f5d2A7D9b6EA028b8eFCeab2Ff221A27ab6e3,2,True
647,1,3,0xA8BaE0Ae470BF98B017c522C985ED1F7b2a1D0E1,2,True
647,1,4,0x4A6E8D9Aacbe6c14b0e8fAebCE86fbf41f11bFB1,2,True
647,1,5,0x34Bec78b6d155e14060b3a38a8497D560F45D30e,1,True
647,1,6,0xA867aaBd9F861d63EA451549FA429A48fb527362,2,True
646,0,0,0xE86e325C60d1C69f6020BDf54cD17bd715Db3156,2,True
646,0,1,0x9f1175193ABCc1060e3c7f940484d033A3bDCEF7,2,True
646,0,2,0xfFcBDde40a743e39a3b41e1aC18B48EFCDc8d8A4,2,True
645,0,0,0xD59C8cAe4be5fE5324B76825D34FB329a909D3fD,2,True
645,0,1,0x1D9a3491E28c2E688d9C3C846391eeF345d68C6c,2,True
645,0,2,0xA8BaE0Ae470BF98B017c522C985ED1F7b2a1D0E1,2,True
644,0,0,0xA867aaBd9F861d63EA451549FA429A48fb527362,2,True
644,0,1,0x4A6E8D9Aacbe6c14b0e8fAebCE86fbf41f11bFB1,2,True
644,0,2,0x55ee554Ec351Bcf31cE430F662A535199c33aA6b,2,True
643,0,0,0x4A6E8D9Aacbe6c14b0e8fAebCE86fbf41f11bFB1,0,False
643,0,1,0xA867aaBd9F861d63EA451549FA429A48fb527362,2,True
643,0,2,0xA867aaBd9F861d63EA451549FA429A48fb527362,2,True
642,0,0,0xA867aaBd9F861d63EA451549FA429A48fb527362,2,True
642,0,1,0xa07f5Ffd166Ca3Ff7567e96a0430F1496cdb470a,2,True
642,0,2,0x12FA14C9F49CeE96c4F6ba8c7497F7Ef825cAe37,2,True
641,0,0,0x60DA07cFb273051AA9827dABFfcD298c305cd00D,1,True
641,0,1,0xD0061DeBa693BAbCC3755d5FBe1327e923cb458F,1,True
641,0,2,0x2e879c8F58A470ec71cfB8F49cf4513122E46964,1,True
641,0,3,0x930c54fD12Bc507DE14ce3967E715e6D9cD70ec4,1,True
641,0,4,0x4E8D0E46E40c9e28A335F987E2e8df2f15ddEf2A,0,False
641,0,5,0x12FA14C9F49CeE96c4F6ba8c7497F7Ef825cAe37,1,True
641,0,6,0xA8BaE0Ae470BF98B017c522C985ED1F7b2a1D0E1,1,True
640,0,0,0xA64A17a51482F96A794C08fa3E61bB6260EEB2Ca,2,True
640,0,1,0x34Bec78b6d155e14060b3a38a8497D560F45D30e,2,True
640,0,2,0xC2e02535829667715E089C7c4dec3BdCB5c484F5,2,True
640,0,3,0x600E347e295D83298b7d2b81F7B5DDDE65254888,2,True
640,0,4,0x34Bec78b6d155e14060b3a38a8497D560F45D30e,2,True
640,0,5,0xC2e02535829667715E089C7c4dec3BdCB5c484F5,2,True
640,0,6,0x2e879c8F58A470ec71cfB8F49cf4513122E46964,2,True
639,0,0,0x9f1175193ABCc1060e3c7f940484d033A3bDCEF7,2,True
639,0,1,0xA867aaBd9F861d63EA451549FA429A48fb527362,2,True
639,0,2,0x4A6E8D9Aacbe6c14b0e8fAebCE86fbf41f11bFB1,2,True
638,0,0,0xB7E69971897d02972DaCf002A0C22ff12E510fBc,2,True
638,0,1,0x9be0acd94D6772FbEbA3779Efb0Fc9f3BF02A22c,2,True
638,0,2,0xB7E69971897d02972DaCf002A0C22ff12E510fBc,2,True
637,0,0,0xE86e325C60d1C69f6020BDf54cD17bd715Db3156,1,True
637,0,1,0x001FE2CdBEeB0743679E958C0861Dd8788B28b19,1,True
637,0,2,0xB7E69971897d02972DaCf002A0C22ff12E510fBc,1,True
636,0,0,0x6EBeE13E3c9b240a0c0F02D057591005D9C17F16,2,True
636,0,1,0x4A6E8D9Aacbe6c14b0e8fAebCE86fbf41f11bFB1,2,True
636,0,2,0xfFcBDde40a743e39a3b41e1aC18B48EFCDc8d8A4,2,True
635,0,0,0x4A6E8D9Aacbe6c14b0e8fAebCE86fbf41f11bFB1,1,True
635,0,1,0x1D9a3491E28c2E688d9C3C846391eeF345d68C6c,1,True
635,0,2,0x4A6E8D9Aacbe6c14b0e8fAebCE86fbf41f11bFB1,1,True
634,0,0,0x1D9a3491E28c2E688d9C3C846391eeF345d68C6c,2,True
634,0,1,0xA8BaE0Ae470BF98B017c522C985ED1F7b2a1D0E1,0,False
634,0,2,0xA64A17a51482F96A794C08fa3E61bB6260EEB2Ca,2,True
633,0,0,0x9dfD533c41769A77143587f31B35B632bbF441be,1,True
633,0,1,0xfFcBDde40a743e39a3b41e1aC18B48EFCDc8d8A4,1,True
633,0,2,0x4A6E8D9Aacbe6c14b0e8fAebCE86fbf41f11bFB1,2,True
632,0,0,0x1E46d1a18A3eF9492090782F97345b46318AfF69,2,True
632,0,1,0xB7E69971897d02972DaCf002A0C22ff12E510fBc,2,True
632,0,2,0xC7df1bCdd1d72c615e79f256F40c016A0ADB88a2,2,True
631,0,0,0xF035561dcE033DeD865E15E69dB06cfFC88d9213,2,True
631,0,1,0xA8BaE0Ae470BF98B017c522C985ED1F7b2a1D0E1,2,True
631,0,2,0xA8BaE0Ae470BF98B017c522C985ED1F7b2a1D0E1,2,True
630,0,0,0x1D9a3491E28c2E688d9C3C846391eeF345d68C6c,2,True
630,0,1,0x26e9657F97C7f158c588C892Cba2700eaC60dFDc,2,True
630,0,2,0xA867aaBd9F861d63EA451549FA429A48fb527362,2,True
629,0,0,0xA8BaE0Ae470BF98B017c522C985ED1F7b2a1D0E1,1,True
629,0,1,0xE86e325C60d1C69f6020BDf54cD17bd715Db3156,1,True
629,0,2,0x1D9a3491E28c2E688d9C3C846391eeF345d68C6c,1,True
628,0,0,0xC5A835CDbfC26DcD072257851537A17b2900a2bD,2,True
628,0,1,0xf83f70E148bC6ff29bb627f97EB691F30268c7e3,2,True
628,0,2,0xA867aaBd9F861d63EA451549FA429A48fb527362,2,True
627,0,0,0xC7df1bCdd1d72c615e79f256F40c016A0ADB88a2,2,True
627,0,1,0x60DA07cFb273051AA9827dABFfcD298c305cd00D,2,True
627,0,2,0x60DA07cFb273051AA9827dABFfcD298c305cd00D,2,True
626,0,0,0x4A6E8D9Aacbe6c14b0e8fAebCE86fbf41f11bFB1,2,True
626,0,1,0x60DA07cFb273051AA9827dABFfcD298c305cd00D,2,True
626,0,2,0xA867aaBd9F861d63EA451549FA429A48fb527362,2,True
625,0,0,0x4A6E8D9Aacbe6c14b0e8fAebCE86fbf41f11bFB1,2,True
625,0,1,0xaeaD6593710Bf28bF4848b24F4ed1F130773d7E6,2,True
625,0,2,0x9f1175193ABCc1060e3c7f940484d033A3bDCEF7,2,True
624,0,0,0xC7df1bCdd1d72c615e79f256F40c016A0ADB88a2,2,True
624,0,1,0xF2c765d0B35BcfC64edb4dC9bd74f833e05Efac7,0,False
624,0,2,0x4A6E8D9Aacbe6c14b0e8fAebCE86fbf41f11bFB1,2,True
623,0,0,0x9f1175193ABCc1060e3c7f940484d033A3bDCEF7,1,True
623,0,1,0xfFcBDde40a743e39a3b41e1aC18B48EFCDc8d8A4,1,True
623,0,2,0x9224bbB4E0fBE2f2f8fab55DEbC41Eb21fDfB804,1,True
622,0,0,0xA867aaBd9F861d63EA451549FA429A48fb527362,2,True
622,0,1,0xA867aaBd9F861d63EA451549FA429A48fb527362,2,True
622,0,2,0x60DA07cFb273051AA9827dABFfcD298c305cd00D,2,True
621,0,0,0xC5A835CDbfC26DcD072257851537A17b2900a2bD,2,True
621,0,1,0xA64A17a51482F96A794C08fa3E61bB6260EEB2Ca,2,True
621,0,2,0xfFcBDde40a743e39a3b41e1aC18B48EFCDc8d8A4,2,True
620,0,0,0xA867aaBd9F861d63EA451549FA429A48fb527362,2,True
620,0,1,0xA8BaE0Ae470BF98B017c522C985ED1F7b2a1D0E1,2,True
620,0,2,0x9224bbB4E0fBE2f2f8fab55DEbC41Eb21fDfB804,2,True
619,0,0,0xfFcBDde40a743e39a3b41e1aC18B48EFCDc8d8A4,2,True
619,0,1,0x162076Db70bdEda23994Bd1FD5fb4E916c6a88e9,2,True
619,0,2,0x1FcB32c860b9F4c0DF99d1fd54E7CE958E9e93cC,2,True
618,0,0,0x162076Db70bdEda23994Bd1FD5fb4E916c6a88e9,2,True
618,0,1,0x162076Db70bdEda23994Bd1FD5fb4E916c6a88e9,2,True
618,0,2,0x4A6E8D9Aacbe6c14b0e8fAebCE86fbf41f11bFB1,2,True
617,0,0,0x91CcBaB90e454213c6E61FdA4662d47107C83E69,2,True
617,0,1,0xC78EED7B6eF98fF11dd7f557C67AE0AbDd69227b,2,True
617,0,2,0xfFcBDde40a743e39a3b41e1aC18B48EFCDc8d8A4,2,True
616,0,0,0xA64A17a51482F96A794C08fa3E61bB6260EEB2Ca,2,True
616,0,1,0x05A15B985aF30d664F731f1cF2bEE9C9Dc0A1D0f,2,True
616,0,2,0xA64A17a51482F96A794C08fa3E61bB6260EEB2Ca,2,True
615,0,0,0xfFcBDde40a743e39a3b41e1aC18B48EFCDc8d8A4,2,True
615,0,1,0x12FA14C9F49CeE96c4F6ba8c7497F7Ef825cAe37,2,True
615,0,2,0xf83f70E148bC6ff29bb627f97EB691F30268c7e3,2,True
614,0,0,0x945674691713d1E8d02832d20777B933036e49E1,2,True
614,0,1,0x162076Db70bdEda23994Bd1FD5fb4E916c6a88e9,2,True
614,0,2,0xA64A17a51482F96A794C08fa3E61bB6260EEB2Ca,2,True
613,0,0,0x8DcA414776Ae8478c5E2141ECdD21f716A9010d9,2,True
613,0,1,0x509F3f4247f28A89BFA59aFB8748c6FA41da48D0,2,True
613,0,2,0x162076Db70bdEda23994Bd1FD5fb4E916c6a88e9,2,True
612,0,0,0x001FE2CdBEeB0743679E958C0861Dd8788B28b19,2,True
612,0,1,0x4a9A2F31E2009045950DF5aAb36950609DE93c78,2,True
612,0,2,0x1D9a3491E28c2E688d9C3C846391eeF345d68C6c,2,True
611,0,0,0x26e9657F97C7f158c588C892Cba2700eaC60dFDc,2,True
611,0,1,0x4A6E8D9Aacbe6c14b0e8fAebCE86fbf41f11bFB1,2,True
611,0,2,0xda8C5db86aa21547d55625b695A0351FCd561fD2,2,True
610,0,0,0xE86e325C60d1C69f6020BDf54cD17bd715Db3156,2,True
610,0,1,0x4a557944f9b653ac948e26b56ea3E7ADb25c49C3,2,True
610,0,2,0xA64A17a51482F96A794C08fa3E61bB6260EEB2Ca,2,True
609,0,0,0xA64A17a51482F96A794C08fa3E61bB6260EEB2Ca,2,True
609,0,1,0xA8BaE0Ae470BF98B017c522C985ED1F7b2a1D0E1,2,True
609,0,2,0x1D9a3491E28c2E688d9C3C846391eeF345d68C6c,2,True
608,0,0,0xA8BaE0Ae470BF98B017c522C985ED1F7b2a1D0E1,2,True
608,0,1,0x579c39417284Df4FD42D393b0aC2d63a49cc402b,2,True
608,0,2,0x4A6E8D9Aacbe6c14b0e8fAebCE86fbf41f11bFB1,2,True
607,0,0,0xfFcBDde40a743e39a3b41e1aC18B48EFCDc8d8A4,2,True
607,0,1,0xE86e325C60d1C69f6020BDf54cD17bd715Db3156,2,True
607,0,2,0x945674691713d1E8d02832d20777B933036e49E1,2,True
606,0,0,0xE86e325C60d1C69f6020BDf54cD17bd715Db3156,2,True
606,0,1,0x60DA07cFb273051AA9827dABFfcD298c305cd00D,2,True
606,0,2,0xA33d400E91342D6e4dcE8c5584F706b4Ea000bA6,1,True
605,0,0,0xA8BaE0Ae470BF98B017c522C985ED1F7b2a1D0E1,2,True
605,0,1,0xA64A17a51482F96A794C08fa3E61bB6260EEB2Ca,2,True
605,0,2,0xC78EED7B6eF98fF11dd7f557C67AE0AbDd69227b,2,True
604,0,0,0x001FE2CdBEeB0743679E958C0861Dd8788B28b19,2,True
604,0,1,0x1E46d1a18A3eF9492090782F97345b46318AfF69,0,False
604,0,2,0xA8BaE0Ae470BF98B017c522C985ED1F7b2a1D0E1,2,True
603,0,0,0x9f1175193ABCc1060e3c7f940484d033A3bDCEF7,2,True
603,0,1,0x4A6E8D9Aacbe6c14b0e8fAebCE86fbf41f11bFB1,2,True
603,0,2,0x60DA07cFb273051AA9827dABFfcD298c305cd00D,2,True
602,0,0,0x1D9a3491E28c2E688d9C3C846391eeF345d68C6c,2,True
602,0,1,0x4A6E8D9Aacbe6c14b0e8fAebCE86fbf41f11bFB1,2,True
602,0,2,0x914F2A06439ccB62d51544E4e384E1c5AEE56Fc6,1,True
601,0,0,0x4A6E8D9Aacbe6c14b0e8fAebCE86fbf41f11bFB1,2,True
601,0,1,0xC78EED7B6eF98fF11dd7f557C67AE0AbDd69227b,2,True
601,0,2,0x162076Db70bdEda23994Bd1FD5fb4E916c6a88e9,2,True
600,0,0,0xf313e4f2f79081B7Dd5e702ca64e86aae3253322,0,False
600,0,1,0xA8BaE0Ae470BF98B017c522C985ED1F7b2a1D0E1,2,True
600,0,2,0x9224bbB4E0fBE2f2f8fab55DEbC41Eb21fDfB804,2,True
599,0,0,0x4A6E8D9Aacbe6c14b0e8fAebCE86fbf41f11bFB1,2,True
599,0,1,0x9f1175193ABCc1060e3c7f940484d033A3bDCEF7,2,True
599,0,2,0xfFcBDde40a743e39a3b41e1aC18B48EFCDc8d8A4,2,True
598,0,0,0x60DA07cFb273051AA9827dABFfcD298c305cd00D,2,True
598,0,1,0x9f1175193ABCc1060e3c7f940484d033A3bDCEF7,2,True
598,0,2,0x26e9657F97C7f158c588C892Cba2700eaC60dFDc,1,True
597,0,0,0x91CcBaB90e454213c6E61FdA4662d47107C83E69,1,True
597,0,1,0x4A6E8D9Aacbe6c14b0e8fAebCE86fbf41f11bFB1,1,True
597,0,2,0x4A6E8D9Aacbe6c14b0e8fAebCE86fbf41f11bFB1,1,True
596,0,0,0x579c39417284Df4FD42D393b0aC2d63a49cc402b,2,True
596,0,1,0xA8BaE0Ae470BF98B017c522C985ED1F7b2a1D0E1,2,True
596,0,2,0x162076Db70bdEda23994Bd1FD5fb4E916c6a88e9,2,True
595,0,0,0xE86e325C60d1C69f6020BDf54cD17bd715Db3156,2,True
595,0,1,0x9f1175193ABCc1060e3c7f940484d033A3bDCEF7,2,True
595,0,2,0xF035561dcE033DeD865E15E69dB06cfFC88d9213,2,True
594,0,0,0xA8BaE0Ae470BF98B017c522C985ED1F7b2a1D0E1,2,True
594,0,1,0x4A6E8D9Aacbe6c14b0e8fAebCE86fbf41f11bFB1,2,True
594,0,2,0xC78EED7B6eF98fF11dd7f557C67AE0AbDd69227b,1,True
593,0,0,0xF035561dcE033DeD865E15E69dB06cfFC88d9213,2,True
593,0,1,0x162076Db70bdEda23994Bd1FD5fb4E916c6a88e9,2,True
593,0,2,0x26e9657F97C7f158c588C892Cba2700eaC60dFDc,2,True
592,0,0,0x34Bec78b6d155e14060b3a38a8497D560F45D30e,2,True
592,0,1,0x6c4F296C8Ead64b83C20530669011BA321bFcaB2,0,False
592,0,2,0x731BbeF5d64Ce510CcdaB893396Ab495884a8aE4,0,False
592,0,3,0xc6d63A94B556239ccDe8905129032Dcd8627e079,2,True
592,0,4,0xA867aaBd9F861d63EA451549FA429A48fb527362,1,True
592,0,5,0xe4230c0E536b704f82cb435876B4907cb1F66c13,2,True
592,0,6,0xDdd5CE3Bdf841aC617f24E673745f5B1AcC9f291,2,True
591,0,0,0xf313e4f2f79081B7Dd5e702ca64e86aae3253322,2,True
591,0,1,0xA64A17a51482F96A794C08fa3E61bB6260EEB2Ca,2,True
591,0,2,0x1D9a3491E28c2E688d9C3C846391eeF345d68C6c,2,True
590,0,0,0xf313e4f2f79081B7Dd5e702ca64e86aae3253322,2,True
590,0,1,0x60DA07cFb273051AA9827dABFfcD298c305cd00D,2,True
590,0,2,0xC5A835CDbfC26DcD072257851537A17b2900a2bD,2,True
589,0,0,0xC5A835CDbfC26DcD072257851537A17b2900a2bD,2,True
589,0,1,0xA8BaE0Ae470BF98B017c522C985ED1F7b2a1D0E1,2,True
589,0,2,0x60DA07cFb273051AA9827dABFfcD298c305cd00D,2,True
588,0,0,0x4A6E8D9Aacbe6c14b0e8fAebCE86fbf41f11bFB1,2,True
588,0,1,0x1D9a3491E28c2E688d9C3C846391eeF345d68C6c,2,True
588,0,2,0xfFcBDde40a743e39a3b41e1aC18B48EFCDc8d8A4,2,True
587,0,0,0x162076Db70bdEda23994Bd1FD5fb4E916c6a88e9,2,True
587,0,1,0x162076Db70bdEda23994Bd1FD5fb4E916c6a88e9,2,True
587,0,2,0x162076Db70bdEda23994Bd1FD5fb4E916c6a88e9,2,True
586,0,0,0x60DA07cFb273051AA9827dABFfcD298c305cd00D,2,True
586,0,1,0xB7E69971897d02972DaCf002A0C22ff12E510fBc,2,True
586,0,2,0x914F2A06439ccB62d51544E4e384E1c5AEE56Fc6,0,False
585,0,0,0x4A6E8D9Aacbe6c14b0e8fAebCE86fbf41f11bFB1,2,True
585,0,1,0x1D9a3491E28c2E688d9C3C846391eeF345d68C6c,2,True
585,0,2,0xA64A17a51482F96A794C08fa3E61bB6260EEB2Ca,2,True
584,0,0,0x12FA14C9F49CeE96c4F6ba8c7497F7Ef825cAe37,2,True
584,0,1,0x1D9a3491E28c2E688d9C3C846391eeF345d68C6c,2,True
584,0,2,0xE86e325C60d1C69f6020BDf54cD17bd715Db3156,2,True
583,0,0,0x1D9a3491E28c2E688d9C3C846391eeF345d68C6c,2,True
583,0,1,0xC5A835CDbfC26DcD072257851537A17b2900a2bD,2,True
583,0,2,0xf83f70E148bC6ff29bb627f97EB691F30268c7e3,2,True
582,0,0,0x914F2A06439ccB62d51544E4e384E1c5AEE56Fc6,0,False
582,0,1,0x60DA07cFb273051AA9827dABFfcD298c305cd00D,2,True
582,0,2,0xB7E69971897d02972DaCf002A0C22ff12E510fBc,2,True
581,0,0,0xC5A835CDbfC26DcD072257851537A17b2900a2bD,1,True
581,0,1,0xcD69BD84f20eA1919CB842D4421Ba7e4Cb99a427,1,True
581,0,2,0x4A6E8D9Aacbe6c14b0e8fAebCE86fbf41f11bFB1,1,True
580,0,0,0xf313e4f2f79081B7Dd5e702ca64e86aae3253322,0,False
580,0,1,0x509F3f4247f28A89BFA59aFB8748c6FA41da48D0,2,True
580,0,2,0xF035561dcE033DeD865E15E69dB06cfFC88d9213,1,True
579,0,0,0x4A6E8D9Aacbe6c14b0e8fAebCE86fbf41f11bFB1,2,True
579,0,1,0x9f1175193ABCc1060e3c7f940484d033A3bDCEF7,2,True
579,0,2,0x4A6E8D9Aacbe6c14b0e8fAebCE86fbf41f11bFB1,2,True
578,0,0,0xE86e325C60d1C69f6020BDf54cD17bd715Db3156,2,True
578,0,1,0xA8BaE0Ae470BF98B017c522C985ED1F7b2a1D0E1,2,True
578,0,2,0xB7E69971897d02972DaCf002A0C22ff12E510fBc,2,True
577,0,0,0x1D9a3491E28c2E688d9C3C846391eeF345d68C6c,2,True
577,0,1,0xB7E69971897d02972DaCf002A0C22ff12E510fBc,2,True
577,0,2,0x4A6E8D9Aacbe6c14b0e8fAebCE86fbf41f11bFB1,2,True
576,0,0,0xf83f70E148bC6ff29bb627f97EB691F30268c7e3,2,True
576,0,1,0x162076Db70bdEda23994Bd1FD5fb4E916c6a88e9,2,True
576,0,2,0x914F2A06439ccB62d51544E4e384E1c5AEE56Fc6,0,False
575,0,0,0xA8BaE0Ae470BF98B017c522C985ED1F7b2a1D0E1,0,False
575,0,1,0xA8BaE0Ae470BF98B017c522C985ED1F7b2a1D0E1,0,False
575,0,2,0xB7E69971897d02972DaCf002A0C22ff12E510fBc,2,True
574,0,0,0xc6d63A94B556239ccDe8905129032Dcd8627e079,2,True
574,0,1,0x4A6E8D9Aacbe6c14b0e8fAebCE86fbf41f11bFB1,2,True
574,0,2,0x930c54fD12Bc507DE14ce3967E715e6D9cD70ec4,0,False
574,0,3,0x4cb5E653404E1CA4eF4CEE496f3f677483508d66,2,True
574,0,4,0x5e7B645d5Bf86750CB1913122ba8A8545e2A9FD1,0,False
574,0,5,0x930c54fD12Bc507DE14ce3967E715e6D9cD70ec4,0,False
574,0,6,0xD2A5317963Ce43ff5e8Ba6FAf0937AF69c0cC5D1,2,True
573,0,0,0xC5A835CDbfC26DcD072257851537A17b2900a2bD,2,True
573,0,1,0xA8BaE0Ae470BF98B017c522C985ED1F7b2a1D0E1,2,True
573,0,2,0x1E46d1a18A3eF9492090782F97345b46318AfF69,2,True
572,0,0,0xA64A17a51482F96A794C08fa3E61bB6260EEB2Ca,2,True
572,0,1,0xcD69BD84f20eA1919CB842D4421Ba7e4Cb99a427,0,False
572,0,2,0x91CcBaB90e454213c6E61FdA4662d47107C83E69,2,True
571,0,0,0x12FA14C9F49CeE96c4F6ba8c7497F7Ef825cAe37,2,True
571,0,1,0x12FA14C9F49CeE96c4F6ba8c7497F7Ef825cAe37,2,True
571,0,2,0x9f1175193ABCc1060e3c7f940484d033A3bDCEF7,2,True
570,0,0,0x8d93471Dfd2A9D9bDc56eDee93f3fc57B8078D68,2,True
570,0,1,0x91CcBaB90e454213c6E61FdA4662d47107C83E69,2,True
570,0,2,0x9f1175193ABCc1060e3c7f940484d033A3bDCEF7,2,True
569,0,0,0xfFcBDde40a743e39a3b41e1aC18B48EFCDc8d8A4,2,True
569,0,1,0x1E46d1a18A3eF9492090782F97345b46318AfF69,2,True
569,0,2,0x4A6E8D9Aacbe6c14b0e8fAebCE86fbf41f11bFB1,2,True
568,0,0,0x4A6E8D9Aacbe6c14b0e8fAebCE86fbf41f11bFB1,2,True
568,0,1,0xB7E69971897d02972DaCf002A0C22ff12E510fBc,2,True
568,0,2,0x60DA07cFb273051AA9827dABFfcD298c305cd00D,2,True
567,0,0,0x9f1175193ABCc1060e3c7f940484d033A3bDCEF7,2,True
567,0,1,0x4A6E8D9Aacbe6c14b0e8fAebCE86fbf41f11bFB1,2,True
567,0,2,0x4A6E8D9Aacbe6c14b0e8fAebCE86fbf41f11bFB1,2,True
566,0,0,0xfFcBDde40a743e39a3b41e1aC18B48EFCDc8d8A4,2,True
566,0,1,0x60DA07cFb273051AA9827dABFfcD298c305cd00D,2,True
566,0,2,0xA8BaE0Ae470BF98B017c522C985ED1F7b2a1D0E1,1,True
565,0,0,0xA64A17a51482F96A794C08fa3E61bB6260EEB2Ca,1,True
565,0,1,0x4A6E8D9Aacbe6c14b0e8fAebCE86fbf41f11bFB1,1,True
565,0,2,0x9f1175193ABCc1060e3c7f940484d033A3bDCEF7,1,True
564,0,0,0x4A6E8D9Aacbe6c14b0e8fAebCE86fbf41f11bFB1,2,True
564,0,1,0xfFcBDde40a743e39a3b41e1aC18B48EFCDc8d8A4,2,True
564,0,2,0x4A6E8D9Aacbe6c14b0e8fAebCE86fbf41f11bFB1,2,True
563,0,0,0x60DA07cFb273051AA9827dABFfcD298c305cd00D,2,True
563,0,1,0xA8BaE0Ae470BF98B017c522C985ED1F7b2a1D0E1,2,True
563,0,2,0xfFcBDde40a743e39a3b41e1aC18B48EFCDc8d8A4,2,True
562,0,0,0x4A6E8D9Aacbe6c14b0e8fAebCE86fbf41f11bFB1,2,True
562,0,1,0x4A6E8D9Aacbe6c14b0e8fAebCE86fbf41f11bFB1,2,True
562,0,2,0x60DA07cFb273051AA9827dABFfcD298c305cd00D,2,True
561,0,0,0x4a2c5a0Af8b29cD5Fd8Eb1d02a83150A3ee10488,2,True
561,0,1,0x6F5f5d2A7D9b6EA028b8eFCeab2Ff221A27ab6e3,2,True
561,0,2,0xB7E69971897d02972DaCf002A0C22ff12E510fBc,2,True
561,0,3,0x34Bec78b6d155e14060b3a38a8497D560F45D30e,2,True
561,0,4,0xdceFd7f01d32041CDC88D00296363BcC78658d10,2,True
561,0,5,0x4A6E8D9Aacbe6c14b0e8fAebCE86fbf41f11bFB1,1,True
561,0,6,0xC2e02535829667715E089C7c4dec3BdCB5c484F5,2,True
560,0,0,0x60DA07cFb273051AA9827dABFfcD298c305cd00D,2,True
560,0,1,0xfFcBDde40a743e39a3b41e1aC18B48EFCDc8d8A4,0,False
560,0,2,0xfFcBDde40a743e39a3b41e1aC18B48EFCDc8d8A4,0,False
559,0,0,0x1E0833f26b038ff022EcA9eBAeD90e83c606E41e,0,False
559,0,1,0xa4EfCeDEB8Dca527483e56B6D977f4E41A74F04f,1,True
559,0,2,0x930c54fD12Bc507DE14ce3967E715e6D9cD70ec4,1,True
559,0,3,0xc6d63A94B556239ccDe8905129032Dcd8627e079,1,True
559,0,4,0x930c54fD12Bc507DE14ce3967E715e6D9cD70ec4,1,True
559,0,5,0x21478A81Be650Ca1C03e04Fe615bfE6d5478fC5E,1,True
559,0,6,0x4eB7551bEE1375F4ecBc4D232001db213Ab945dC,2,True
558,0,0,0x6F5f5d2A7D9b6EA028b8eFCeab2Ff221A27ab6e3,1,True
558,0,1,0x59B2f9fCF70C128c02FF7825375abe1260BfC339,0,False
558,0,2,0xa07f5Ffd166Ca3Ff7567e96a0430F1496cdb470a,2,True
557,0,0,0xC0B53221A7dbcbcE68441C26ea4DA73266D6bc20,1,True
557,0,1,0xe4230c0E536b704f82cb435876B4907cb1F66c13,0,False
557,0,2,0x20862Da5CbDb46Aed6409F8987ffB828Aa981db8,1,True
556,0,0,0xF035561dcE033DeD865E15E69dB06cfFC88d9213,2,True
556,0,1,0xfFcBDde40a743e39a3b41e1aC18B48EFCDc8d8A4,2,True
556,0,2,0xfFcBDde40a743e39a3b41e1aC18B48EFCDc8d8A4,2,True
555,0,0,0xcD69BD84f20eA1919CB842D4421Ba7e4Cb99a427,2,True
555,0,1,0xfFcBDde40a743e39a3b41e1aC18B48EFCDc8d8A4,2,True
555,0,2,0x4A6E8D9Aacbe6c14b0e8fAebCE86fbf41f11bFB1,1,True
554,0,0,0xC0B53221A7dbcbcE68441C26ea4DA73266D6bc20,1,True
554,0,1,0x8DcA414776Ae8478c5E2141ECdD21f716A9010d9,1,True
554,0,2,0x91CcBaB90e454213c6E61FdA4662d47107C83E69,2,True
554,1,0,0x9f1175193ABCc1060e3c7f940484d033A3bDCEF7,1,True
554,1,1,0xfFcBDde40a743e39a3b41e1aC18B48EFCDc8d8A4,1,True
554,1,2,0x60DA07cFb273051AA9827dABFfcD298c305cd00D,1,True
554,1,3,0x4A6E8D9Aacbe6c14b0e8fAebCE86fbf41f11bFB1,1,True
554,1,4,0xA8BaE0Ae470BF98B017c522C985ED1F7b2a1D0E1,1,True
554,1,5,0x9f1175193ABCc1060e3c7f940484d033A3bDCEF7,1,True
554,1,6,0x12FA14C9F49CeE96c4F6ba8c7497F7Ef825cAe37,2,True
554,2,0,0xcD69BD84f20eA1919CB842D4421Ba7e4Cb99a427,2,True
554,2,1,0xC5A835CDbfC26DcD072257851537A17b2900a2bD,2,True
554,2,2,0x4A6E8D9Aacbe6c14b0e8fAebCE86fbf41f11bFB1,2,True
554,2,3,0xA8BaE0Ae470BF98B017c522C985ED1F7b2a1D0E1,2,True
554,2,4,0xE86e325C60d1C69f6020BDf54cD17bd715Db3156,2,True
554,2,5,0x91CcBaB90e454213c6E61FdA4662d47107C83E69,2,True
554,2,6,0xA8BaE0Ae470BF98B017c522C985ED1F7b2a1D0E1,2,True
554,2,7,0xE86e325C60d1C69f6020BDf54cD17bd715Db3156,2,True
554,2,8,0xE86e325C60d1C69f6020BDf54cD17bd715Db3156,2,True
554,2,9,0x4A6E8D9Aacbe6c14b0e8fAebCE86fbf41f11bFB1,2,True
554,2,10,0xfFcBDde40a743e39a3b41e1aC18B48EFCDc8d8A4,1,True
554,2,11,0xA64A17a51482F96A794C08fa3E61bB6260EEB2Ca,2,True
554,2,12,0xA64A17a51482F96A794C08fa3E61bB6260EEB2Ca,2,True
554,2,13,0x9f1175193ABCc1060e3c7f940484d033A3bDCEF7,1,True
554,2,14,0x60DA07cFb273051AA9827dABFfcD298c305cd00D,2,True
553,0,0,0xA8BaE0Ae470BF98B017c522C985ED1F7b2a1D0E1,2,True
553,0,1,0xfFcBDde40a743e39a3b41e1aC18B48EFCDc8d8A4,2,True
553,0,2,0x9f1175193ABCc1060e3c7f940484d033A3bDCEF7,2,True
552,0,0,0x9f1175193ABCc1060e3c7f940484d033A3bDCEF7,2,True
552,0,1,0x9f1175193ABCc1060e3c7f940484d033A3bDCEF7,2,True
552,0,2,0x4A6E8D9Aacbe6c14b0e8fAebCE86fbf41f11bFB1,1,True
551,0,0,0xA64A17a51482F96A794C08fa3E61bB6260EEB2Ca,2,True
551,0,1,0x4a2c5a0Af8b29cD5Fd8Eb1d02a83150A3ee10488,2,True
551,0,2,0x4a2c5a0Af8b29cD5Fd8Eb1d02a83150A3ee10488,2,True
550,0,0,0xB011122194C0487fE9214c9FC9a73eC770e94Eae,2,True
550,0,1,0x930c54fD12Bc507DE14ce3967E715e6D9cD70ec4,2,True
550,0,2,0x0F60f7C61664B17203CBDeb3D87444d4Ce02cAED,2,True
550,0,3,0x945674691713d1E8d02832d20777B933036e49E1,2,True
550,0,4,0xDdd5CE3Bdf841aC617f24E673745f5B1AcC9f291,1,True
550,0,5,0xC2e02535829667715E089C7c4dec3BdCB5c484F5,0,False
550,0,6,0x34Bec78b6d155e14060b3a38a8497D560F45D30e,1,True
549,0,0,0x930c54fD12Bc507DE14ce3967E715e6D9cD70ec4,1,True
549,0,1,0x0F60f7C61664B17203CBDeb3D87444d4Ce02cAED,1,True
549,0,2,0x930c54fD12Bc507DE14ce3967E715e6D9cD70ec4,1,True
548,0,0,0x0F60f7C61664B17203CBDeb3D87444d4Ce02cAED,1,True
548,0,1,0x930c54fD12Bc507DE14ce3967E715e6D9cD70ec4,1,True
548,0,2,0x930c54fD12Bc507DE14ce3967E715e6D9cD70ec4,1,True
547,0,0,0x6F5f5d2A7D9b6EA028b8eFCeab2Ff221A27ab6e3,1,True
547,0,1,0x001FE2CdBEeB0743679E958C0861Dd8788B28b19,1,True
547,0,2,0x4cb5E653404E1CA4eF4CEE496f3f677483508d66,1,True
546,0,0,0x48909739001FA130Ea554D45508714824C2467B5,1,True
546,1,0,0x9b70502efAaF3470F62ca3A27F7EaB37942f4E80,1,True
546,1,1,0x48909739001FA130Ea554D45508714824C2467B5,1,True
546,1,2,0x9b70502efAaF3470F62ca3A27F7EaB37942f4E80,1,True
545,0,0,0x982f5698fEBb2b8d1B9a560228ABBCEAfBB11568,2,True
544,0,0,0xa07f5Ffd166Ca3Ff7567e96a0430F1496cdb470a,2,True
544,0,1,0x9bfDA54A453F503d487f2F32554dE73f03E24853,2,True
544,0,2,0x8DcA414776Ae8478c5E2141ECdD21f716A9010d9,2,True
543,0,0,0xa07f5Ffd166Ca3Ff7567e96a0430F1496cdb470a,2,True
543,0,1,0xa07f5Ffd166Ca3Ff7567e96a0430F1496cdb470a,2,True
543,0,2,0xEc3ccfaf0a160D5A09Fcd7578989F5a6B8cdc489,2,True
542,0,0,0x9E7DE5cAf1d108e8bAF21db4327cB625D8b59a66,0,False
542,0,1,0xc8f7b747eefc216964E567C14Ec823d17D25C932,2,True
542,0,2,0x7807B4580d45d5884b359C5a537138a1bEB21e8F,2,True
541,0,0,0x930c54fD12Bc507DE14ce3967E715e6D9cD70ec4,1,True
541,0,1,0xA64A17a51482F96A794C08fa3E61bB6260EEB2Ca,0,True
541,0,2,0xe4230c0E536b704f82cb435876B4907cb1F66c13,2,True
541,1,0,0x55ee554Ec351Bcf31cE430F662A535199c33aA6b,1,True
541,1,1,0x2e879c8F58A470ec71cfB8F49cf4513122E46964,0,False
541,1,2,0xDdd5CE3Bdf841aC617f24E673745f5B1AcC9f291,1,True
541,1,3,0x4Cf25cc40610269E7c6Cf5C0a76EdA5513A1e13a,0,False
541,1,4,0xA64A17a51482F96A794C08fa3E61bB6260EEB2Ca,0,False
541,1,5,0xA7b12101Ac438206B87Dca404Af4456A7F141e17,0,False
541,1,6,0x34Bec78b6d155e14060b3a38a8497D560F45D30e,2,True
540,0,0,0x837c5F6d0E57bE3AF742570111852a96f2998394,2,True
540,0,1,0x50C3eAD85c299D7c2b78ee9646880D0FFED9d2a8,2,True
540,0,2,0x4a2c5a0Af8b29cD5Fd8Eb1d02a83150A3ee10488,2,True
539,0,0,0xe4230c0E536b704f82cb435876B4907cb1F66c13,2,True
539,0,1,0xD9d37AdE3131FD7aC02e80883fbC0C4570b65E47,1,True
539,0,2,0xe4230c0E536b704f82cb435876B4907cb1F66c13,2,True
539,1,0,0xa07f5Ffd166Ca3Ff7567e96a0430F1496cdb470a,2,True
539,1,1,0xF035561dcE033DeD865E15E69dB06cfFC88d9213,2,True
539,1,2,0xe4230c0E536b704f82cb435876B4907cb1F66c13,2,True
539,1,3,0x48909739001FA130Ea554D45508714824C2467B5,2,True
539,1,4,0xC261717ecfc14943595570Ed34D11Aa85C9D2364,2,True
539,1,5,0xda8C5db86aa21547d55625b695A0351FCd561fD2,2,True
539,1,6,0xA64A17a51482F96A794C08fa3E61bB6260EEB2Ca,2,True
539,2,0,0xe4230c0E536b704f82cb435876B4907cb1F66c13,2,True
539,2,1,0x4a2c5a0Af8b29cD5Fd8Eb1d02a83150A3ee10488,1,True
539,2,2,0xC261717ecfc14943595570Ed34D11Aa85C9D2364,2,True
539,2,3,0x982f5698fEBb2b8d1B9a560228ABBCEAfBB11568,1,True
539,2,4,0xe4230c0E536b704f82cb435876B4907cb1F66c13,2,True
539,2,5,0x0855f08E143E1db081cC3c571F40787dcFb69b9d,2,True
539,2,6,0x9bfDA54A453F503d487f2F32554dE73f03E24853,1,True
539,2,7,0xA64A17a51482F96A794C08fa3E61bB6260EEB2Ca,2,True
539,2,8,0xb841a0A64399e0c391629EDE0ad2cE6336351b33,2,True
539,2,9,0x4a2c5a0Af8b29cD5Fd8Eb1d02a83150A3ee10488,1,True
539,2,10,0xe4230c0E536b704f82cb435876B4907cb1F66c13,2,True
539,2,11,0xC261717ecfc14943595570Ed34D11Aa85C9D2364,2,True
539,2,12,0xB7E69971897d02972DaCf002A0C22ff12E510fBc,1,True
539,2,13,0xa07f5Ffd166Ca3Ff7567e96a0430F1496cdb470a,2,True
539,2,14,0xA64A17a51482F96A794C08fa3E61bB6260EEB2Ca,2,True
539,3,0,0x1bc9e52bAa93Dab1a47c3168f6d82ED08856Ec83,1,True
539,3,1,0xB7E69971897d02972DaCf002A0C22ff12E510fBc,1,True
539,3,2,0x9f1175193ABCc1060e3c7f940484d033A3bDCEF7,1,True
539,3,3,0xF035561dcE033DeD865E15E69dB06cfFC88d9213,1,True
539,3,4,0x6F5f5d2A7D9b6EA028b8eFCeab2Ff221A27ab6e3,1,True
539,3,5,0xa07f5Ffd166Ca3Ff7567e96a0430F1496cdb470a,1,True
539,3,6,0x48909739001FA130Ea554D45508714824C2467B5,1,True
539,3,7,0xa07f5Ffd166Ca3Ff7567e96a0430F1496cdb470a,1,True
539,3,8,0x6F5f5d2A7D9b6EA028b8eFCeab2Ff221A27ab6e3,1,True
539,3,9,0x6F5f5d2A7D9b6EA028b8eFCeab2Ff221A27ab6e3,1,True
539,3,10,0x982f5698fEBb2b8d1B9a560228ABBCEAfBB11568,1,True
539,3,11,0x982f5698fEBb2b8d1B9a560228ABBCEAfBB11568,1,True
539,3,12,0xe4230c0E536b704f82cb435876B4907cb1F66c13,1,True
539,3,13,0xC7df1bCdd1d72c615e79f256F40c016A0ADB88a2,1,True
539,3,14,0x982f5698fEBb2b8d1B9a560228ABBCEAfBB11568,1,True
539,3,15,0xF035561dcE033DeD865E15E69dB06cfFC88d9213,1,True
539,3,16,0x12FA14C9F49CeE96c4F6ba8c7497F7Ef825cAe37,1,True
539,3,17,0xF035561dcE033DeD865E15E69dB06cfFC88d9213,1,True
539,3,18,0x4a2c5a0Af8b29cD5Fd8Eb1d02a83150A3ee10488,1,True
539,3,19,0x9f1175193ABCc1060e3c7f940484d033A3bDCEF7,1,True
539,3,20,0x6dfcd13BB235f9a7aB6B7f337900177Ab7b894fc,1,True
539,3,21,0xe4230c0E536b704f82cb435876B4907cb1F66c13,1,True
539,3,22,0xe4230c0E536b704f82cb435876B4907cb1F66c13,1,True
539,3,23,0xB7E69971897d02972DaCf002A0C22ff12E510fBc,1,True
539,3,24,0x12FA14C9F49CeE96c4F6ba8c7497F7Ef825cAe37,1,True
539,3,25,0xe4230c0E536b704f82cb435876B4907cb1F66c13,1,True
539,3,26,0xC7df1bCdd1d72c615e79f256F40c016A0ADB88a2,1,True
539,3,27,0x982f5698fEBb2b8d1B9a560228ABBCEAfBB11568,1,True
539,3,28,0x3c9190Ec05FAA31C57F6145EA7092bcE4FC77A85,1,True
539,3,29,0x9bfDA54A453F503d487f2F32554dE73f03E24853,1,True
539,3,30,0xA64A17a51482F96A794C08fa3E61bB6260EEB2Ca,1,True
538,0,0,0x982f5698fEBb2b8d1B9a560228ABBCEAfBB11568,1,True
538,0,1,0x9f1175193ABCc1060e3c7f940484d033A3bDCEF7,1,True
538,0,2,0x6F5f5d2A7D9b6EA028b8eFCeab2Ff221A27ab6e3,1,True
538,1,0,0x982f5698fEBb2b8d1B9a560228ABBCEAfBB11568,1,True
538,1,1,0x8DcA414776Ae8478c5E2141ECdD21f716A9010d9,1,True
538,1,2,0x982f5698fEBb2b8d1B9a560228ABBCEAfBB11568,1,True
538,1,3,0xa07f5Ffd166Ca3Ff7567e96a0430F1496cdb470a,2,True
538,1,4,0xB7E69971897d02972DaCf002A0C22ff12E510fBc,1,True
538,1,5,0xe4230c0E536b704f82cb435876B4907cb1F66c13,2,True
538,1,6,0xF865067A5B9672f11AF8514440D9111AfD05d040,1,True
538,2,0,0x9bfDA54A453F503d487f2F32554dE73f03E24853,1,True
538,2,1,0x982f5698fEBb2b8d1B9a560228ABBCEAfBB11568,1,True
538,2,2,0x48909739001FA130Ea554D45508714824C2467B5,1,True
538,2,3,0xe4230c0E536b704f82cb435876B4907cb1F66c13,2,True
538,2,4,0xaeaD6593710Bf28bF4848b24F4ed1F130773d7E6,2,True
538,2,5,0x12FA14C9F49CeE96c4F6ba8c7497F7Ef825cAe37,1,True
538,2,6,0xAc6444DeDD4c87780A16477071D54c0e3a785570,1,True
538,2,7,0xa07f5Ffd166Ca3Ff7567e96a0430F1496cdb470a,2,True
538,2,8,0x9bfDA54A453F503d487f2F32554dE73f03E24853,1,True
538,2,9,0x982f5698fEBb2b8d1B9a560228ABBCEAfBB11568,1,True
538,2,10,0xC78EED7B6eF98fF11dd7f557C67AE0AbDd69227b,1,True
538,2,11,0x1bc9e52bAa93Dab1a47c3168f6d82ED08856Ec83,2,True
538,2,12,0x982f5698fEBb2b8d1B9a560228ABBCEAfBB11568,1,True
538,2,13,0x945674691713d1E8d02832d20777B933036e49E1,1,True
538,2,14,0x12FA14C9F49CeE96c4F6ba8c7497F7Ef825cAe37,1,True
537,0,0,0xA64A17a51482F96A794C08fa3E61bB6260EEB2Ca,2,True
537,0,1,0x6F5f5d2A7D9b6EA028b8eFCeab2Ff221A27ab6e3,1,True
537,0,2,0x982f5698fEBb2b8d1B9a560228ABBCEAfBB11568,1,True
537,1,0,0x982f5698fEBb2b8d1B9a560228ABBCEAfBB11568,1,True
537,1,1,0xD2A5317963Ce43ff5e8Ba6FAf0937AF69c0cC5D1,1,True
537,1,2,0xA64A17a51482F96A794C08fa3E61bB6260EEB2Ca,2,True
537,1,3,0xf5676420CCd2B51D51256ADa8A0141964863F617,0,False
537,1,4,0xF865067A5B9672f11AF8514440D9111AfD05d040,1,True
537,1,5,0xe4230c0E536b704f82cb435876B4907cb1F66c13,2,True
537,1,6,0x982f5698fEBb2b8d1B9a560228ABBCEAfBB11568,1,True
537,2,0,0x12FA14C9F49CeE96c4F6ba8c7497F7Ef825cAe37,1,True
537,2,1,0x12FA14C9F49CeE96c4F6ba8c7497F7Ef825cAe37,1,True
537,2,2,0xa07f5Ffd166Ca3Ff7567e96a0430F1496cdb470a,2,True
537,2,3,0xaeaD6593710Bf28bF4848b24F4ed1F130773d7E6,2,True
537,2,4,0xF035561dcE033DeD865E15E69dB06cfFC88d9213,1,True
537,2,5,0xF865067A5B9672f11AF8514440D9111AfD05d040,0,False
537,2,6,0x4a2c5a0Af8b29cD5Fd8Eb1d02a83150A3ee10488,1,True
537,2,7,0x6F5f5d2A7D9b6EA028b8eFCeab2Ff221A27ab6e3,1,True
537,2,8,0xAc6444DeDD4c87780A16477071D54c0e3a785570,1,True
537,2,9,0x9f1175193ABCc1060e3c7f940484d033A3bDCEF7,1,True
537,2,10,0x9DB3348768bd274f2b0da2094D7B67f90a2e0636,0,False
537,2,11,0x6F5f5d2A7D9b6EA028b8eFCeab2Ff221A27ab6e3,1,True
537,2,12,0xB7E69971897d02972DaCf002A0C22ff12E510fBc,1,True
537,2,13,0x6F5f5d2A7D9b6EA028b8eFCeab2Ff221A27ab6e3,1,True
537,2,14,0x9f1175193ABCc1060e3c7f940484d033A3bDCEF7,1,True
536,0,0,0xD9d37AdE3131FD7aC02e80883fbC0C4570b65E47,1,True
536,0,1,0x4a2c5a0Af8b29cD5Fd8Eb1d02a83150A3ee10488,1,True
536,0,2,0x982f5698fEBb2b8d1B9a560228ABBCEAfBB11568,1,True
536,1,0,0x982f5698fEBb2b8d1B9a560228ABBCEAfBB11568,1,True
536,1,1,0x945674691713d1E8d02832d20777B933036e49E1,1,True
536,1,2,0x6F5f5d2A7D9b6EA028b8eFCeab2Ff221A27ab6e3,1,True
536,1,3,0xa07f5Ffd166Ca3Ff7567e96a0430F1496cdb470a,2,True
536,1,4,0xf83f70E148bC6ff29bb627f97EB691F30268c7e3,2,True
536,1,5,0x982f5698fEBb2b8d1B9a560228ABBCEAfBB11568,1,True
536,1,6,0xF035561dcE033DeD865E15E69dB06cfFC88d9213,2,True
536,2,0,0x9f1175193ABCc1060e3c7f940484d033A3bDCEF7,1,True
536,2,1,0xe4230c0E536b704f82cb435876B4907cb1F66c13,2,True
536,2,2,0x8DcA414776Ae8478c5E2141ECdD21f716A9010d9,1,True
536,2,3,0xC261717ecfc14943595570Ed34D11Aa85C9D2364,2,True
536,2,4,0xe4230c0E536b704f82cb435876B4907cb1F66c13,2,True
536,2,5,0xa07f5Ffd166Ca3Ff7567e96a0430F1496cdb470a,2,True
536,2,6,0x982f5698fEBb2b8d1B9a560228ABBCEAfBB11568,1,True
536,2,7,0x9bfDA54A453F503d487f2F32554dE73f03E24853,1,True
536,2,8,0x982f5698fEBb2b8d1B9a560228ABBCEAfBB11568,1,True
536,2,9,0xa07f5Ffd166Ca3Ff7567e96a0430F1496cdb470a,2,True
536,2,10,0x50C3eAD85c299D7c2b78ee9646880D0FFED9d2a8,2,True
536,2,11,0x9f1175193ABCc1060e3c7f940484d033A3bDCEF7,1,True
536,2,12,0xA64A17a51482F96A794C08fa3E61bB6260EEB2Ca,2,True
536,2,13,0xa07f5Ffd166Ca3Ff7567e96a0430F1496cdb470a,2,True
536,2,14,0x9bfDA54A453F503d487f2F32554dE73f03E24853,1,True
536,3,0,0x4a9A2F31E2009045950DF5aAb36950609DE93c78,1,True
536,3,1,0xF035561dcE033DeD865E15E69dB06cfFC88d9213,1,True
536,3,2,0x982f5698fEBb2b8d1B9a560228ABBCEAfBB11568,1,True
536,3,3,0xE61cD5aa5FF1971f965865C4c57C77E15d258477,1,True
536,3,4,0x945674691713d1E8d02832d20777B933036e49E1,1,True
536,3,5,0x9bfDA54A453F503d487f2F32554dE73f03E24853,1,True
536,3,6,0xa07f5Ffd166Ca3Ff7567e96a0430F1496cdb470a,1,True
536,3,7,0x837c5F6d0E57bE3AF742570111852a96f2998394,1,True
536,3,8,0x6F5f5d2A7D9b6EA028b8eFCeab2Ff221A27ab6e3,1,True
536,3,9,0x12FA14C9F49CeE96c4F6ba8c7497F7Ef825cAe37,1,True
536,3,10,0xF035561dcE033DeD865E15E69dB06cfFC88d9213,1,True
536,3,11,0xC78EED7B6eF98fF11dd7f557C67AE0AbDd69227b,1,True
536,3,12,0x6F5f5d2A7D9b6EA028b8eFCeab2Ff221A27ab6e3,1,True
536,3,13,0xa07f5Ffd166Ca3Ff7567e96a0430F1496cdb470a,1,True
536,3,14,0xe4230c0E536b704f82cb435876B4907cb1F66c13,1,True
536,3,15,0x945674691713d1E8d02832d20777B933036e49E1,1,True
536,3,16,0xe4230c0E536b704f82cb435876B4907cb1F66c13,1,True
536,3,17,0xe4230c0E536b704f82cb435876B4907cb1F66c13,1,True
536,3,18,0xaeaD6593710Bf28bF4848b24F4ed1F130773d7E6,1,True
536,3,19,0x6F5f5d2A7D9b6EA028b8eFCeab2Ff221A27ab6e3,1,True
536,3,20,0xaeaD6593710Bf28bF4848b24F4ed1F130773d7E6,1,True
536,3,21,0x9bfDA54A453F503d487f2F32554dE73f03E24853,1,True
536,3,22,0xB7E69971897d02972DaCf002A0C22ff12E510fBc,1,True
536,3,23,0xe4230c0E536b704f82cb435876B4907cb1F66c13,1,True
536,3,24,0x982f5698fEBb2b8d1B9a560228ABBCEAfBB11568,1,True
536,3,25,0x982f5698fEBb2b8d1B9a560228ABBCEAfBB11568,1,True
536,3,26,0xA64A17a51482F96A794C08fa3E61bB6260EEB2Ca,1,True
536,3,27,0x6F5f5d2A7D9b6EA028b8eFCeab2Ff221A27ab6e3,1,True
536,3,28,0xF865067A5B9672f11AF8514440D9111AfD05d040,1,True
536,3,29,0xF035561dcE033DeD865E15E69dB06cfFC88d9213,1,True
536,3,30,0x837c5F6d0E57bE3AF742570111852a96f2998394,1,True
535,0,0,0xfFcBDde40a743e39a3b41e1aC18B48EFCDc8d8A4,2,True
535,0,1,0x0F60f7C61664B17203CBDeb3D87444d4Ce02cAED,2,True
535,0,2,0x5e7B645d5Bf86750CB1913122ba8A8545e2A9FD1,2,True
535,0,3,0x0F60f7C61664B17203CBDeb3D87444d4Ce02cAED,2,True
535,0,4,0x8d93471Dfd2A9D9bDc56eDee93f3fc57B8078D68,2,True
534,0,0,0x48909739001FA130Ea554D45508714824C2467B5,2,True
534,0,1,0xA64A17a51482F96A794C08fa3E61bB6260EEB2Ca,2,True
534,0,2,0x982f5698fEBb2b8d1B9a560228ABBCEAfBB11568,2,True
533,0,0,0x982f5698fEBb2b8d1B9a560228ABBCEAfBB11568,2,True
532,0,0,0xb92580BF7A308F8Aa6f08a6721f2eE289f8DB3A1,1,True
532,0,1,0xA7b12101Ac438206B87Dca404Af4456A7F141e17,1,True
532,0,2,0x9f26EE541d54B5431d04D6a1501AF621832e50Db,1,True
532,0,3,0x9f26EE541d54B5431d04D6a1501AF621832e50Db,1,True
532,0,4,0x6d9ABa400a2a487a5Fb76c6d56518835553CD284,1,True
532,0,5,0xA7b12101Ac438206B87Dca404Af4456A7F141e17,1,True
532,0,6,0x9f26EE541d54B5431d04D6a1501AF621832e50Db,1,True
532,0,7,0x4a2c5a0Af8b29cD5Fd8Eb1d02a83150A3ee10488,1,True
532,0,8,0x4a2c5a0Af8b29cD5Fd8Eb1d02a83150A3ee10488,1,True
532,0,9,0xA7b12101Ac438206B87Dca404Af4456A7F141e17,1,True
532,0,10,0xA7b12101Ac438206B87Dca404Af4456A7F141e17,1,True
532,0,11,0xA7b12101Ac438206B87Dca404Af4456A7F141e17,1,True
532,0,12,0xDdd5CE3Bdf841aC617f24E673745f5B1AcC9f291,1,True
532,0,13,0x930c54fD12Bc507DE14ce3967E715e6D9cD70ec4,1,True
532,0,14,0x9f26EE541d54B5431d04D6a1501AF621832e50Db,1,True
532,0,15,0xC2e02535829667715E089C7c4dec3BdCB5c484F5,1,True
532,0,16,0x5e7B645d5Bf86750CB1913122ba8A8545e2A9FD1,1,True
532,0,17,0x9f26EE541d54B5431d04D6a1501AF621832e50Db,1,True
532,0,18,0x9f26EE541d54B5431d04D6a1501AF621832e50Db,1,True
532,0,19,0xc26F827F1b8CF661a7bCA954bB21EB6138A27101,0,True
532,0,20,0x9f26EE541d54B5431d04D6a1501AF621832e50Db,1,True
532,0,21,0x34Bec78b6d155e14060b3a38a8497D560F45D30e,1,True
532,0,22,0x9f26EE541d54B5431d04D6a1501AF621832e50Db,1,True
532,0,23,0x34Bec78b6d155e14060b3a38a8497D560F45D30e,1,True
532,0,24,0x2e879c8F58A470ec71cfB8F49cf4513122E46964,1,True
532,0,25,0x9f26EE541d54B5431d04D6a1501AF621832e50Db,1,True
532,0,26,0x930c54fD12Bc507DE14ce3967E715e6D9cD70ec4,1,True
532,0,27,0x930c54fD12Bc507DE14ce3967E715e6D9cD70ec4,1,True
532,0,28,0x34Bec78b6d155e14060b3a38a8497D560F45D30e,1,True
532,0,29,0xC2e02535829667715E089C7c4dec3BdCB5c484F5,1,True
532,0,30,0x9f26EE541d54B5431d04D6a1501AF621832e50Db,1,True
532,0,31,0xB76C11242A7ffcD70cF07D1ED98d5F80e3321502,0,True
532,0,32,0xA7b12101Ac438206B87Dca404Af4456A7F141e17,1,True
532,0,33,0xfFcBDde40a743e39a3b41e1aC18B48EFCDc8d8A4,1,True
532,0,34,0xe4230c0E536b704f82cb435876B4907cb1F66c13,1,True
532,0,35,0x6d9ABa400a2a487a5Fb76c6d56518835553CD284,1,True
532,0,36,0xDdd5CE3Bdf841aC617f24E673745f5B1AcC9f291,1,True
532,0,37,0x9f26EE541d54B5431d04D6a1501AF621832e50Db,1,True
532,0,38,0x98eF00F6850855d9606cf1058EDfD4a1a8A4F08E,1,True
532,0,39,0x98eF00F6850855d9606cf1058EDfD4a1a8A4F08E,1,True
532,0,40,0x6d9ABa400a2a487a5Fb76c6d56518835553CD284,1,True
532,0,41,0x34Bec78b6d155e14060b3a38a8497D560F45D30e,1,True
532,0,42,0xe4230c0E536b704f82cb435876B4907cb1F66c13,1,True
532,0,43,0xe4230c0E536b704f82cb435876B4907cb1F66c13,1,True
532,0,44,0x9f26EE541d54B5431d04D6a1501AF621832e50Db,1,True
532,0,45,0x5e7B645d5Bf86750CB1913122ba8A8545e2A9FD1,1,True
532,0,46,0x930c54fD12Bc507DE14ce3967E715e6D9cD70ec4,1,True
532,0,47,0x5e7B645d5Bf86750CB1913122ba8A8545e2A9FD1,1,True
532,0,48,0x930c54fD12Bc507DE14ce3967E715e6D9cD70ec4,1,True
532,0,49,0xc9d486048A9B82172F6f2A2ce6D9024c9D1097dC,1,True
532,0,50,0xA7b12101Ac438206B87Dca404Af4456A7F141e17,1,True
532,0,51,0xA7b12101Ac438206B87Dca404Af4456A7F141e17,1,True
532,0,52,0x930c54fD12Bc507DE14ce3967E715e6D9cD70ec4,1,True
532,0,53,0x9f26EE541d54B5431d04D6a1501AF621832e50Db,1,True
532,0,54,0xa1552A4ba8655065fa9F0697653d4AFc7F2359Fc,1,True
532,0,55,0xA7b12101Ac438206B87Dca404Af4456A7F141e17,1,True
532,0,56,0xA7b12101Ac438206B87Dca404Af4456A7F141e17,1,True
532,0,57,0xC2e02535829667715E089C7c4dec3BdCB5c484F5,1,True
532,0,58,0x98eF00F6850855d9606cf1058EDfD4a1a8A4F08E,1,True
532,0,59,0xC2e02535829667715E089C7c4dec3BdCB5c484F5,1,True
532,0,60,0x230c40fF3dD28910a959FE135342ce9E8250ED12,0,True
532,0,61,0x2e879c8F58A470ec71cfB8F49cf4513122E46964,1,True
532,0,62,0x9f26EE541d54B5431d04D6a1501AF621832e50Db,1,True
532,0,63,0xe4230c0E536b704f82cb435876B4907cb1F66c13,1,True
532,0,64,0xe4230c0E536b704f82cb435876B4907cb1F66c13,1,True
532,0,65,0xA7b12101Ac438206B87Dca404Af4456A7F141e17,1,True
532,0,66,0xC2e02535829667715E089C7c4dec3BdCB5c484F5,1,True
532,0,67,0xC2e02535829667715E089C7c4dec3BdCB5c484F5,1,True
532,0,68,0x5e7B645d5Bf86750CB1913122ba8A8545e2A9FD1,1,True
532,0,69,0xfB63808C6B6FEbc4f341073211127Aa383E175cd,1,True
532,0,70,0x0D256C49E5DF2B9bAE2A04b6C2622AC459396dc2,1,True
532,0,71,0xA7b12101Ac438206B87Dca404Af4456A7F141e17,1,True
532,0,72,0x4E8D0E46E40c9e28A335F987E2e8df2f15ddEf2A,1,True
532,0,73,0xA7b12101Ac438206B87Dca404Af4456A7F141e17,1,True
532,0,74,0x930c54fD12Bc507DE14ce3967E715e6D9cD70ec4,1,True
532,0,75,0x50C3eAD85c299D7c2b78ee9646880D0FFED9d2a8,1,True
532,0,76,0x50C3eAD85c299D7c2b78ee9646880D0FFED9d2a8,1,True
532,0,77,0xA64A17a51482F96A794C08fa3E61bB6260EEB2Ca,1,True
532,0,78,0x9f26EE541d54B5431d04D6a1501AF621832e50Db,1,True
532,0,79,0x930c54fD12Bc507DE14ce3967E715e6D9cD70ec4,1,True
532,0,80,0x5e7B645d5Bf86750CB1913122ba8A8545e2A9FD1,1,True
532,0,81,0x930c54fD12Bc507DE14ce3967E715e6D9cD70ec4,1,True
532,0,82,0x930c54fD12Bc507DE14ce3967E715e6D9cD70ec4,1,True
532,0,83,0x9f26EE541d54B5431d04D6a1501AF621832e50Db,1,True
532,0,84,0x9f26EE541d54B5431d04D6a1501AF621832e50Db,1,True
532,0,85,0xA7b12101Ac438206B87Dca404Af4456A7F141e17,1,True
532,0,86,0x0F60f7C61664B17203CBDeb3D87444d4Ce02cAED,1,True
532,0,87,0xA64A17a51482F96A794C08fa3E61bB6260EEB2Ca,1,True
532,0,88,0x6d9ABa400a2a487a5Fb76c6d56518835553CD284,1,True
532,0,89,0xA7b12101Ac438206B87Dca404Af4456A7F141e17,1,True
532,0,90,0x9f26EE541d54B5431d04D6a1501AF621832e50Db,1,True
532,0,91,0x9f26EE541d54B5431d04D6a1501AF621832e50Db,1,True
532,0,92,0xA7b12101Ac438206B87Dca404Af4456A7F141e17,1,True
532,0,93,0x930c54fD12Bc507DE14ce3967E715e6D9cD70ec4,1,True
532,0,94,0x930c54fD12Bc507DE14ce3967E715e6D9cD70ec4,1,True
532,0,95,0xFAe184739fBAa9c796fd0a28e96AEE2A295567e4,1,True
532,0,96,0xa07f5Ffd166Ca3Ff7567e96a0430F1496cdb470a,1,True
532,0,97,0xec1428f3D76E73d570618541B17543058093E64D,1,True
532,0,98,0xC2e02535829667715E089C7c4dec3BdCB5c484F5,1,True
532,0,99,0xC2e02535829667715E089C7c4dec3BdCB5c484F5,1,True
532,0,100,0xB76C11242A7ffcD70cF07D1ED98d5F80e3321502,0,True
532,0,101,0xC7df1bCdd1d72c615e79f256F40c016A0ADB88a2,1,True
532,0,102,0x9f26EE541d54B5431d04D6a1501AF621832e50Db,1,True
532,0,103,0x930c54fD12Bc507DE14ce3967E715e6D9cD70ec4,1,True
532,0,104,0x0F60f7C61664B17203CBDeb3D87444d4Ce02cAED,1,True
532,0,105,0x7C5BD19Fed8325fD060eA2A61DD7cE6Fe3E13C80,1,True
532,0,106,0x34Bec78b6d155e14060b3a38a8497D560F45D30e,1,True
532,0,107,0x001FE2CdBEeB0743679E958C0861Dd8788B28b19,1,True
532,0,108,0x930c54fD12Bc507DE14ce3967E715e6D9cD70ec4,1,True
532,0,109,0x5e7B645d5Bf86750CB1913122ba8A8545e2A9FD1,1,True
532,0,110,0xA7b12101Ac438206B87Dca404Af4456A7F141e17,1,True
532,0,111,0x9f26EE541d54B5431d04D6a1501AF621832e50Db,1,True
532,0,112,0x29df91960f940c6224346aD9268854a4376a6578,1,True
532,0,113,0xc9d486048A9B82172F6f2A2ce6D9024c9D1097dC,1,True
532,0,114,0x9f26EE541d54B5431d04D6a1501AF621832e50Db,1,True
532,0,115,0xA4867d6ae55974270005E543791C51cb0B2A07dE,1,True
532,0,116,0xFAe184739fBAa9c796fd0a28e96AEE2A295567e4,1,True
532,0,117,0xC2e02535829667715E089C7c4dec3BdCB5c484F5,1,True
532,0,118,0xDdd5CE3Bdf841aC617f24E673745f5B1AcC9f291,1,True
532,0,119,0x2e879c8F58A470ec71cfB8F49cf4513122E46964,1,True
532,0,120,0xA7b12101Ac438206B87Dca404Af4456A7F141e17,1,True
532,0,121,0x34Bec78b6d155e14060b3a38a8497D560F45D30e,1,True
532,0,122,0x930c54fD12Bc507DE14ce3967E715e6D9cD70ec4,1,True
532,0,123,0xA7b12101Ac438206B87Dca404Af4456A7F141e17,1,True
532,0,124,0x9f26EE541d54B5431d04D6a1501AF621832e50Db,1,True
532,0,125,0xC2e02535829667715E089C7c4dec3BdCB5c484F5,1,True
532,0,126,0x34Bec78b6d155e14060b3a38a8497D560F45D30e,1,True
532,0,127,0xA7b12101Ac438206B87Dca404Af4456A7F141e17,1,True
532,0,128,0x34Bec78b6d155e14060b3a38a8497D560F45D30e,1,True
532,0,129,0x4E8D0E46E40c9e28A335F987E2e8df2f15ddEf2A,1,True
532,0,130,0x9f26EE541d54B5431d04D6a1501AF621832e50Db,1,True
532,0,131,0x982f5698fEBb2b8d1B9a560228ABBCEAfBB11568,1,True
532,0,132,0x930c54fD12Bc507DE14ce3967E715e6D9cD70ec4,1,True
532,0,133,0x34Bec78b6d155e14060b3a38a8497D560F45D30e,1,True
532,0,134,0x4E8D0E46E40c9e28A335F987E2e8df2f15ddEf2A,1,True
532,0,135,0x930c54fD12Bc507DE14ce3967E715e6D9cD70ec4,1,True
532,0,136,0x930c54fD12Bc507DE14ce3967E715e6D9cD70ec4,1,True
532,0,137,0xA7b12101Ac438206B87Dca404Af4456A7F141e17,1,True
532,0,138,0x930c54fD12Bc507DE14ce3967E715e6D9cD70ec4,1,True
532,0,139,0x34Bec78b6d155e14060b3a38a8497D560F45D30e,1,True
532,0,140,0xA7b12101Ac438206B87Dca404Af4456A7F141e17,1,True
532,0,141,0xe4230c0E536b704f82cb435876B4907cb1F66c13,1,True
532,0,142,0xC2e02535829667715E089C7c4dec3BdCB5c484F5,1,True
532,0,143,0x930c54fD12Bc507DE14ce3967E715e6D9cD70ec4,1,True
532,0,144,0xA7b12101Ac438206B87Dca404Af4456A7F141e17,1,True
532,0,145,0x5e7B645d5Bf86750CB1913122ba8A8545e2A9FD1,1,True
532,0,146,0x9f26EE541d54B5431d04D6a1501AF621832e50Db,1,True
532,0,147,0x5e7B645d5Bf86750CB1913122ba8A8545e2A9FD1,1,True
532,0,148,0xC2e02535829667715E089C7c4dec3BdCB5c484F5,1,True
532,0,149,0x19BA26834B8263ba087443e1bdF903b2e228E35b,1,True
532,0,150,0xC2e02535829667715E089C7c4dec3BdCB5c484F5,1,True
532,0,151,0x4E8D0E46E40c9e28A335F987E2e8df2f15ddEf2A,1,True
532,0,152,0x98eF00F6850855d9606cf1058EDfD4a1a8A4F08E,1,True
532,0,153,0xA7b12101Ac438206B87Dca404Af4456A7F141e17,1,True
532,0,154,0xA7b12101Ac438206B87Dca404Af4456A7F141e17,1,True
532,0,155,0xfFcBDde40a743e39a3b41e1aC18B48EFCDc8d8A4,1,True
532,0,156,0x9f26EE541d54B5431d04D6a1501AF621832e50Db,1,True
532,0,157,0x9f26EE541d54B5431d04D6a1501AF621832e50Db,1,True
532,0,158,0x48909739001FA130Ea554D45508714824C2467B5,1,True
532,0,159,0x930c54fD12Bc507DE14ce3967E715e6D9cD70ec4,1,True
532,0,160,0xC2e02535829667715E089C7c4dec3BdCB5c484F5,1,True
532,0,161,0x9f26EE541d54B5431d04D6a1501AF621832e50Db,1,True
532,0,162,0x930c54fD12Bc507DE14ce3967E715e6D9cD70ec4,1,True
532,0,163,0xC2e02535829667715E089C7c4dec3BdCB5c484F5,1,True
532,0,164,0x9f26EE541d54B5431d04D6a1501AF621832e50Db,1,True
532,0,165,0xC2e02535829667715E089C7c4dec3BdCB5c484F5,1,True
532,0,166,0xc9d486048A9B82172F6f2A2ce6D9024c9D1097dC,1,True
532,0,167,0xc9d486048A9B82172F6f2A2ce6D9024c9D1097dC,1,True
532,0,168,0x7C5BD19Fed8325fD060eA2A61DD7cE6Fe3E13C80,1,True
532,0,169,0xA7b12101Ac438206B87Dca404Af4456A7F141e17,1,True
532,0,170,0xFecd90B388f0f1dA91421b1A848013a0fe0c10ab,1,True
532,0,171,0x9f26EE541d54B5431d04D6a1501AF621832e50Db,1,True
532,0,172,0x34Bec78b6d155e14060b3a38a8497D560F45D30e,1,True
532,0,173,0x0F60f7C61664B17203CBDeb3D87444d4Ce02cAED,1,True
532,0,174,0x930c54fD12Bc507DE14ce3967E715e6D9cD70ec4,1,True
532,0,175,0x930c54fD12Bc507DE14ce3967E715e6D9cD70ec4,1,True
532,0,176,0x930c54fD12Bc507DE14ce3967E715e6D9cD70ec4,1,True
532,0,177,0x930c54fD12Bc507DE14ce3967E715e6D9cD70ec4,1,True
532,0,178,0xF035561dcE033DeD865E15E69dB06cfFC88d9213,1,True
532,0,179,0x9f26EE541d54B5431d04D6a1501AF621832e50Db,1,True
532,0,180,0xA7b12101Ac438206B87Dca404Af4456A7F141e17,1,True
532,0,181,0x9f26EE541d54B5431d04D6a1501AF621832e50Db,1,True
532,0,182,0xDdd5CE3Bdf841aC617f24E673745f5B1AcC9f291,1,True
532,0,183,0x001FE2CdBEeB0743679E958C0861Dd8788B28b19,1,True
532,0,184,0xA7b12101Ac438206B87Dca404Af4456A7F141e17,1,True
532,0,185,0x5e7B645d5Bf86750CB1913122ba8A8545e2A9FD1,1,True
532,0,186,0x2e879c8F58A470ec71cfB8F49cf4513122E46964,1,True
532,0,187,0x9f26EE541d54B5431d04D6a1501AF621832e50Db,1,True
532,0,188,0x34Bec78b6d155e14060b3a38a8497D560F45D30e,1,True
532,0,189,0xB76C11242A7ffcD70cF07D1ED98d5F80e3321502,0,True
532,0,190,0x982f5698fEBb2b8d1B9a560228ABBCEAfBB11568,1,True
532,0,191,0x930c54fD12Bc507DE14ce3967E715e6D9cD70ec4,1,True
532,0,192,0xA7b12101Ac438206B87Dca404Af4456A7F141e17,1,True
532,0,193,0xc26F827F1b8CF661a7bCA954bB21EB6138A27101,0,True
532,0,194,0xA7b12101Ac438206B87Dca404Af4456A7F141e17,1,True
532,0,195,0xA7b12101Ac438206B87Dca404Af4456A7F141e17,1,True
532,0,196,0x982f5698fEBb2b8d1B9a560228ABBCEAfBB11568,1,True
532,0,197,0x930c54fD12Bc507DE14ce3967E715e6D9cD70ec4,1,True
532,0,198,0x4a2c5a0Af8b29cD5Fd8Eb1d02a83150A3ee10488,1,True
532,0,199,0x34Bec78b6d155e14060b3a38a8497D560F45D30e,1,True
532,0,200,0xA7b12101Ac438206B87Dca404Af4456A7F141e17,1,True
532,0,201,0xA7b12101Ac438206B87Dca404Af4456A7F141e17,1,True
532,0,202,0x9bfDA54A453F503d487f2F32554dE73f03E24853,0,True
532,0,203,0xA7b12101Ac438206B87Dca404Af4456A7F141e17,1,True
532,0,204,0x930c54fD12Bc507DE14ce3967E715e6D9cD70ec4,1,True
532,0,205,0xC7df1bCdd1d72c615e79f256F40c016A0ADB88a2,1,True
532,0,206,0x5FDAb11E7D3ae700AF9e8c50e976CD0A85b12438,1,True
532,0,207,0x0F60f7C61664B17203CBDeb3D87444d4Ce02cAED,1,True
532,0,208,0x982f5698fEBb2b8d1B9a560228ABBCEAfBB11568,1,True
532,0,209,0xDdd5CE3Bdf841aC617f24E673745f5B1AcC9f291,1,True
532,0,210,0xDdd5CE3Bdf841aC617f24E673745f5B1AcC9f291,1,True
532,0,211,0x5e7B645d5Bf86750CB1913122ba8A8545e2A9FD1,1,True
532,0,212,0x9f26EE541d54B5431d04D6a1501AF621832e50Db,1,True
532,0,213,0xFAe184739fBAa9c796fd0a28e96AEE2A295567e4,1,True
532,0,214,0xfFcBDde40a743e39a3b41e1aC18B48EFCDc8d8A4,1,True
532,0,215,0x98eF00F6850855d9606cf1058EDfD4a1a8A4F08E,1,True
532,0,216,0xc26F827F1b8CF661a7bCA954bB21EB6138A27101,0,True
532,0,217,0x930c54fD12Bc507DE14ce3967E715e6D9cD70ec4,1,True
532,0,218,0xA7b12101Ac438206B87Dca404Af4456A7F141e17,1,True
532,0,219,0xDdd5CE3Bdf841aC617f24E673745f5B1AcC9f291,1,True
532,0,220,0xA7b12101Ac438206B87Dca404Af4456A7F141e17,1,True
532,0,221,0xA7b12101Ac438206B87Dca404Af4456A7F141e17,1,True
532,0,222,0x930c54fD12Bc507DE14ce3967E715e6D9cD70ec4,1,True
532,0,223,0x930c54fD12Bc507DE14ce3967E715e6D9cD70ec4,1,True
532,0,224,0x930c54fD12Bc507DE14ce3967E715e6D9cD70ec4,1,True
532,0,225,0x6d9ABa400a2a487a5Fb76c6d56518835553CD284,1,True
532,0,226,0x930c54fD12Bc507DE14ce3967E715e6D9cD70ec4,1,True
532,0,227,0x98eF00F6850855d9606cf1058EDfD4a1a8A4F08E,1,True
532,0,228,0xC0B53221A7dbcbcE68441C26ea4DA73266D6bc20,1,True
532,0,229,0x98eF00F6850855d9606cf1058EDfD4a1a8A4F08E,1,True
532,0,230,0x930c54fD12Bc507DE14ce3967E715e6D9cD70ec4,1,True
532,0,231,0xc26F827F1b8CF661a7bCA954bB21EB6138A27101,0,True
532,0,232,0xC2e02535829667715E089C7c4dec3BdCB5c484F5,1,True
532,0,233,0x930c54fD12Bc507DE14ce3967E715e6D9cD70ec4,1,True
532,0,234,0xA7b12101Ac438206B87Dca404Af4456A7F141e17,1,True
532,0,235,0x98eF00F6850855d9606cf1058EDfD4a1a8A4F08E,1,True
532,0,236,0x930c54fD12Bc507DE14ce3967E715e6D9cD70ec4,1,True
532,0,237,0x98eF00F6850855d9606cf1058EDfD4a1a8A4F08E,1,True
532,0,238,0x12FA14C9F49CeE96c4F6ba8c7497F7Ef825cAe37,1,True
532,0,239,0x98eF00F6850855d9606cf1058EDfD4a1a8A4F08E,1,True
532,0,240,0x98eF00F6850855d9606cf1058EDfD4a1a8A4F08E,1,True
532,0,241,0x4E8D0E46E40c9e28A335F987E2e8df2f15ddEf2A,1,True
532,0,242,0x930c54fD12Bc507DE14ce3967E715e6D9cD70ec4,1,True
532,0,243,0xC2e02535829667715E089C7c4dec3BdCB5c484F5,1,True
532,0,244,0xC2e02535829667715E089C7c4dec3BdCB5c484F5,1,True
532,0,245,0x9f26EE541d54B5431d04D6a1501AF621832e50Db,1,True
532,0,246,0xA7b12101Ac438206B87Dca404Af4456A7F141e17,1,True
532,0,247,0x930c54fD12Bc507DE14ce3967E715e6D9cD70ec4,1,True
532,0,248,0xA7b12101Ac438206B87Dca404Af4456A7F141e17,1,True
532,0,249,0x2be87ce2a957859dacf460C507fa76aE80260b58,0,True
532,0,250,0x9f26EE541d54B5431d04D6a1501AF621832e50Db,1,True
532,0,251,0xA7b12101Ac438206B87Dca404Af4456A7F141e17,1,True
532,0,252,0x0F60f7C61664B17203CBDeb3D87444d4Ce02cAED,1,True
532,0,253,0x2e879c8F58A470ec71cfB8F49cf4513122E46964,1,True
532,0,254,0xA7b12101Ac438206B87Dca404Af4456A7F141e17,1,True
532,0,255,0xFAe184739fBAa9c796fd0a28e96AEE2A295567e4,1,True
532,0,256,0x9f26EE541d54B5431d04D6a1501AF621832e50Db,1,True
532,0,257,0xA7b12101Ac438206B87Dca404Af4456A7F141e17,1,True
532,0,258,0x129d7B969e56339bB417B58A4f8CAaEC8f438aCE,1,True
532,0,259,0xfFcBDde40a743e39a3b41e1aC18B48EFCDc8d8A4,1,True
532,0,260,0x34Bec78b6d155e14060b3a38a8497D560F45D30e,1,True
532,0,261,0x9f26EE541d54B5431d04D6a1501AF621832e50Db,1,True
532,0,262,0x001FE2CdBEeB0743679E958C0861Dd8788B28b19,1,True
532,0,263,0xFAe184739fBAa9c796fd0a28e96AEE2A295567e4,1,True
532,0,264,0x34Bec78b6d155e14060b3a38a8497D560F45D30e,1,True
532,0,265,0xA7b12101Ac438206B87Dca404Af4456A7F141e17,1,True
532,0,266,0x2e879c8F58A470ec71cfB8F49cf4513122E46964,1,True
532,0,267,0xc9d486048A9B82172F6f2A2ce6D9024c9D1097dC,1,True
532,0,268,0x9f26EE541d54B5431d04D6a1501AF621832e50Db,1,True
532,0,269,0xA7b12101Ac438206B87Dca404Af4456A7F141e17,1,True
532,0,270,0x4E8D0E46E40c9e28A335F987E2e8df2f15ddEf2A,1,True
532,0,271,0x129d7B969e56339bB417B58A4f8CAaEC8f438aCE,1,True
532,0,272,0xE489605b17ccf0647325Fb92a63Df59d86e8612F,0,False
532,0,273,0x982f5698fEBb2b8d1B9a560228ABBCEAfBB11568,1,True
532,0,274,0x5e7B645d5Bf86750CB1913122ba8A8545e2A9FD1,1,True
532,0,275,0xF035561dcE033DeD865E15E69dB06cfFC88d9213,1,True
532,0,276,0x4E8D0E46E40c9e28A335F987E2e8df2f15ddEf2A,1,True
532,0,277,0x930c54fD12Bc507DE14ce3967E715e6D9cD70ec4,1,True
532,0,278,0xA7b12101Ac438206B87Dca404Af4456A7F141e17,1,True
532,0,279,0xA7b12101Ac438206B87Dca404Af4456A7F141e17,1,True
532,0,280,0x9f26EE541d54B5431d04D6a1501AF621832e50Db,1,True
532,0,281,0xa07f5Ffd166Ca3Ff7567e96a0430F1496cdb470a,1,True
532,0,282,0x5e7B645d5Bf86750CB1913122ba8A8545e2A9FD1,1,True
532,0,283,0xA7b12101Ac438206B87Dca404Af4456A7F141e17,1,True
532,0,284,0x9f26EE541d54B5431d04D6a1501AF621832e50Db,1,True
532,0,285,0xC2e02535829667715E089C7c4dec3BdCB5c484F5,1,True
532,0,286,0xc9d486048A9B82172F6f2A2ce6D9024c9D1097dC,1,True
532,0,287,0x4E8D0E46E40c9e28A335F987E2e8df2f15ddEf2A,1,True
532,0,288,0x98eF00F6850855d9606cf1058EDfD4a1a8A4F08E,1,True
532,0,289,0x9f26EE541d54B5431d04D6a1501AF621832e50Db,1,True
532,0,290,0x4E8D0E46E40c9e28A335F987E2e8df2f15ddEf2A,1,True
532,0,291,0xA7b12101Ac438206B87Dca404Af4456A7F141e17,1,True
532,0,292,0x930c54fD12Bc507DE14ce3967E715e6D9cD70ec4,1,True
532,0,293,0xA7b12101Ac438206B87Dca404Af4456A7F141e17,1,True
532,0,294,0x5e7B645d5Bf86750CB1913122ba8A8545e2A9FD1,1,True
532,0,295,0xB011122194C0487fE9214c9FC9a73eC770e94Eae,1,True
532,0,296,0x98eF00F6850855d9606cf1058EDfD4a1a8A4F08E,1,True
532,0,297,0xA7b12101Ac438206B87Dca404Af4456A7F141e17,1,True
532,0,298,0x4E8D0E46E40c9e28A335F987E2e8df2f15ddEf2A,1,True
532,0,299,0x930c54fD12Bc507DE14ce3967E715e6D9cD70ec4,1,True
532,0,300,0xA7b12101Ac438206B87Dca404Af4456A7F141e17,1,True
532,0,301,0x9f26EE541d54B5431d04D6a1501AF621832e50Db,1,True
532,0,302,0x6d9ABa400a2a487a5Fb76c6d56518835553CD284,1,True
532,0,303,0xA7b12101Ac438206B87Dca404Af4456A7F141e17,1,True
532,0,304,0x9f26EE541d54B5431d04D6a1501AF621832e50Db,1,True
532,0,305,0x930c54fD12Bc507DE14ce3967E715e6D9cD70ec4,1,True
532,0,306,0xDdd5CE3Bdf841aC617f24E673745f5B1AcC9f291,1,True
532,0,307,0xA7b12101Ac438206B87Dca404Af4456A7F141e17,1,True
532,0,308,0xA7b12101Ac438206B87Dca404Af4456A7F141e17,1,True
532,0,309,0x930c54fD12Bc507DE14ce3967E715e6D9cD70ec4,1,True
532,0,310,0xA64A17a51482F96A794C08fa3E61bB6260EEB2Ca,1,True
532,0,311,0x9f26EE541d54B5431d04D6a1501AF621832e50Db,1,True
532,0,312,0x9f26EE541d54B5431d04D6a1501AF621832e50Db,1,True
532,0,313,0xA7b12101Ac438206B87Dca404Af4456A7F141e17,1,True
532,0,314,0x9f26EE541d54B5431d04D6a1501AF621832e50Db,1,True
532,0,315,0x6d9ABa400a2a487a5Fb76c6d56518835553CD284,1,True
532,0,316,0x9f26EE541d54B5431d04D6a1501AF621832e50Db,1,True
532,0,317,0x9f26EE541d54B5431d04D6a1501AF621832e50Db,1,True
532,0,318,0xfFcBDde40a743e39a3b41e1aC18B48EFCDc8d8A4,1,True
532,0,319,0x5e7B645d5Bf86750CB1913122ba8A8545e2A9FD1,1,True
532,0,320,0x8DcA414776Ae8478c5E2141ECdD21f716A9010d9,1,True
532,0,321,0x930c54fD12Bc507DE14ce3967E715e6D9cD70ec4,1,True
532,0,322,0x9f26EE541d54B5431d04D6a1501AF621832e50Db,1,True
532,0,323,0x9f26EE541d54B5431d04D6a1501AF621832e50Db,1,True
532,0,324,0xa07f5Ffd166Ca3Ff7567e96a0430F1496cdb470a,1,True
532,0,325,0x34Bec78b6d155e14060b3a38a8497D560F45D30e,1,True
532,0,326,0x930c54fD12Bc507DE14ce3967E715e6D9cD70ec4,1,True
532,0,327,0xA7b12101Ac438206B87Dca404Af4456A7F141e17,1,True
532,0,328,0xDdd5CE3Bdf841aC617f24E673745f5B1AcC9f291,1,True
532,0,329,0xA7b12101Ac438206B87Dca404Af4456A7F141e17,1,True
532,0,330,0x5e7B645d5Bf86750CB1913122ba8A8545e2A9FD1,1,True
532,0,331,0xB76C11242A7ffcD70cF07D1ED98d5F80e3321502,0,True
532,0,332,0x49721D502266Fb9772Be25be1542a97b95fee721,1,True
532,0,333,0x930c54fD12Bc507DE14ce3967E715e6D9cD70ec4,1,True
532,0,334,0xC78EED7B6eF98fF11dd7f557C67AE0AbDd69227b,1,True
532,0,335,0xA7b12101Ac438206B87Dca404Af4456A7F141e17,1,True
532,0,336,0x9f26EE541d54B5431d04D6a1501AF621832e50Db,1,True
532,0,337,0x930c54fD12Bc507DE14ce3967E715e6D9cD70ec4,1,True
532,0,338,0x5e7B645d5Bf86750CB1913122ba8A8545e2A9FD1,1,True
532,0,339,0x9f26EE541d54B5431d04D6a1501AF621832e50Db,1,True
532,0,340,0xDdd5CE3Bdf841aC617f24E673745f5B1AcC9f291,1,True
532,0,341,0x930c54fD12Bc507DE14ce3967E715e6D9cD70ec4,1,True
532,0,342,0x930c54fD12Bc507DE14ce3967E715e6D9cD70ec4,1,True
532,0,343,0xA7b12101Ac438206B87Dca404Af4456A7F141e17,1,True
532,0,344,0xA7b12101Ac438206B87Dca404Af4456A7F141e17,1,True
532,0,345,0x930c54fD12Bc507DE14ce3967E715e6D9cD70ec4,1,True
532,0,346,0xc26F827F1b8CF661a7bCA954bB21EB6138A27101,0,True
532,0,347,0x930c54fD12Bc507DE14ce3967E715e6D9cD70ec4,1,True
532,0,348,0x930c54fD12Bc507DE14ce3967E715e6D9cD70ec4,1,True
532,0,349,0x5e7B645d5Bf86750CB1913122ba8A8545e2A9FD1,1,True
532,0,350,0x9f26EE541d54B5431d04D6a1501AF621832e50Db,1,True
532,0,351,0x98eF00F6850855d9606cf1058EDfD4a1a8A4F08E,1,True
532,0,352,0x4E8D0E46E40c9e28A335F987E2e8df2f15ddEf2A,1,True
532,0,353,0x9f26EE541d54B5431d04D6a1501AF621832e50Db,1,True
532,0,354,0xC2e02535829667715E089C7c4dec3BdCB5c484F5,1,True
532,0,355,0x930c54fD12Bc507DE14ce3967E715e6D9cD70ec4,1,True
532,0,356,0x4E8D0E46E40c9e28A335F987E2e8df2f15ddEf2A,1,True
532,0,357,0x4E8D0E46E40c9e28A335F987E2e8df2f15ddEf2A,1,True
532,0,358,0x9f26EE541d54B5431d04D6a1501AF621832e50Db,1,True
532,0,359,0xA7b12101Ac438206B87Dca404Af4456A7F141e17,1,True
532,0,360,0xc9d486048A9B82172F6f2A2ce6D9024c9D1097dC,1,True
532,0,361,0x930c54fD12Bc507DE14ce3967E715e6D9cD70ec4,1,True
532,0,362,0xEc3ccfaf0a160D5A09Fcd7578989F5a6B8cdc489,1,True
532,0,363,0x4E8D0E46E40c9e28A335F987E2e8df2f15ddEf2A,1,True
532,0,364,0x930c54fD12Bc507DE14ce3967E715e6D9cD70ec4,1,True
532,0,365,0xA7b12101Ac438206B87Dca404Af4456A7F141e17,1,True
532,0,366,0x9f26EE541d54B5431d04D6a1501AF621832e50Db,1,True
532,0,367,0x930c54fD12Bc507DE14ce3967E715e6D9cD70ec4,1,True
532,0,368,0xc9d486048A9B82172F6f2A2ce6D9024c9D1097dC,1,True
532,0,369,0x982f5698fEBb2b8d1B9a560228ABBCEAfBB11568,1,True
532,0,370,0xC2e02535829667715E089C7c4dec3BdCB5c484F5,1,True
532,0,371,0x0F60f7C61664B17203CBDeb3D87444d4Ce02cAED,1,True
532,0,372,0x930c54fD12Bc507DE14ce3967E715e6D9cD70ec4,1,True
532,0,373,0x34Bec78b6d155e14060b3a38a8497D560F45D30e,1,True
532,0,374,0xe4230c0E536b704f82cb435876B4907cb1F66c13,1,True
532,0,375,0x34Bec78b6d155e14060b3a38a8497D560F45D30e,1,True
532,0,376,0x8DcA414776Ae8478c5E2141ECdD21f716A9010d9,1,True
532,0,377,0x930c54fD12Bc507DE14ce3967E715e6D9cD70ec4,1,True
532,0,378,0xC2e02535829667715E089C7c4dec3BdCB5c484F5,1,True
532,0,379,0x5e7B645d5Bf86750CB1913122ba8A8545e2A9FD1,1,True
532,0,380,0x6d9ABa400a2a487a5Fb76c6d56518835553CD284,1,True
532,0,381,0x9f26EE541d54B5431d04D6a1501AF621832e50Db,1,True
532,0,382,0xC2e02535829667715E089C7c4dec3BdCB5c484F5,1,True
532,0,383,0xe4230c0E536b704f82cb435876B4907cb1F66c13,1,True
532,0,384,0xf83f70E148bC6ff29bb627f97EB691F30268c7e3,1,True
532,0,385,0xF865067A5B9672f11AF8514440D9111AfD05d040,1,True
532,0,386,0xA7b12101Ac438206B87Dca404Af4456A7F141e17,1,True
532,0,387,0xA7b12101Ac438206B87Dca404Af4456A7F141e17,1,True
532,0,388,0x930c54fD12Bc507DE14ce3967E715e6D9cD70ec4,1,True
532,0,389,0x930c54fD12Bc507DE14ce3967E715e6D9cD70ec4,1,True
532,0,390,0xA7b12101Ac438206B87Dca404Af4456A7F141e17,1,True
532,0,391,0xB011122194C0487fE9214c9FC9a73eC770e94Eae,1,True
532,0,392,0x9f26EE541d54B5431d04D6a1501AF621832e50Db,1,True
532,0,393,0x9f26EE541d54B5431d04D6a1501AF621832e50Db,1,True
532,0,394,0x930c54fD12Bc507DE14ce3967E715e6D9cD70ec4,1,True
532,0,395,0xB011122194C0487fE9214c9FC9a73eC770e94Eae,1,True
532,0,396,0x98eF00F6850855d9606cf1058EDfD4a1a8A4F08E,1,True
532,0,397,0x982f5698fEBb2b8d1B9a560228ABBCEAfBB11568,1,True
532,0,398,0xd583122180fFB695b6FB0ECB500819B187C87362,1,True
532,0,399,0xA64A17a51482F96A794C08fa3E61bB6260EEB2Ca,1,True
532,0,400,0x6d9ABa400a2a487a5Fb76c6d56518835553CD284,1,True
532,0,401,0x34Bec78b6d155e14060b3a38a8497D560F45D30e,1,True
532,0,402,0x930c54fD12Bc507DE14ce3967E715e6D9cD70ec4,1,True
532,0,403,0xC2e02535829667715E089C7c4dec3BdCB5c484F5,1,True
532,0,404,0x9f26EE541d54B5431d04D6a1501AF621832e50Db,1,True
532,0,405,0x9f26EE541d54B5431d04D6a1501AF621832e50Db,1,True
532,0,406,0x930c54fD12Bc507DE14ce3967E715e6D9cD70ec4,1,True
532,0,407,0x930c54fD12Bc507DE14ce3967E715e6D9cD70ec4,1,True
532,0,408,0x930c54fD12Bc507DE14ce3967E715e6D9cD70ec4,1,True
532,0,409,0x930c54fD12Bc507DE14ce3967E715e6D9cD70ec4,1,True
532,0,410,0x930c54fD12Bc507DE14ce3967E715e6D9cD70ec4,1,True
532,0,411,0xc26F827F1b8CF661a7bCA954bB21EB6138A27101,0,True
532,0,412,0x98eF00F6850855d9606cf1058EDfD4a1a8A4F08E,1,True
532,0,413,0x930c54fD12Bc507DE14ce3967E715e6D9cD70ec4,1,True
532,0,414,0x930c54fD12Bc507DE14ce3967E715e6D9cD70ec4,1,True
532,0,415,0x6F5f5d2A7D9b6EA028b8eFCeab2Ff221A27ab6e3,1,True
532,0,416,0x930c54fD12Bc507DE14ce3967E715e6D9cD70ec4,1,True
532,0,417,0x930c54fD12Bc507DE14ce3967E715e6D9cD70ec4,1,True
532,0,418,0x9f26EE541d54B5431d04D6a1501AF621832e50Db,1,True
532,0,419,0x930c54fD12Bc507DE14ce3967E715e6D9cD70ec4,1,True
532,0,420,0xA7b12101Ac438206B87Dca404Af4456A7F141e17,1,True
532,0,421,0xf83f70E148bC6ff29bb627f97EB691F30268c7e3,1,True
532,0,422,0x34Bec78b6d155e14060b3a38a8497D560F45D30e,1,True
532,0,423,0x5e7B645d5Bf86750CB1913122ba8A8545e2A9FD1,1,True
532,0,424,0x7C5BD19Fed8325fD060eA2A61DD7cE6Fe3E13C80,1,True
532,0,425,0xA7b12101Ac438206B87Dca404Af4456A7F141e17,1,True
532,0,426,0xa1552A4ba8655065fa9F0697653d4AFc7F2359Fc,1,True
532,0,427,0x9f26EE541d54B5431d04D6a1501AF621832e50Db,1,True
532,0,428,0x5e7B645d5Bf86750CB1913122ba8A8545e2A9FD1,1,True
532,0,429,0xA7b12101Ac438206B87Dca404Af4456A7F141e17,1,True
532,0,430,0x5e7B645d5Bf86750CB1913122ba8A8545e2A9FD1,1,True
532,0,431,0xA7b12101Ac438206B87Dca404Af4456A7F141e17,1,True
532,0,432,0x9f26EE541d54B5431d04D6a1501AF621832e50Db,1,True
532,0,433,0xc9d486048A9B82172F6f2A2ce6D9024c9D1097dC,1,True
532,0,434,0x9f26EE541d54B5431d04D6a1501AF621832e50Db,1,True
532,0,435,0xA7b12101Ac438206B87Dca404Af4456A7F141e17,1,True
532,0,436,0x9f26EE541d54B5431d04D6a1501AF621832e50Db,1,True
532,0,437,0xA7b12101Ac438206B87Dca404Af4456A7F141e17,1,True
532,0,438,0xC2e02535829667715E089C7c4dec3BdCB5c484F5,1,True
532,0,439,0x9f26EE541d54B5431d04D6a1501AF621832e50Db,1,True
532,0,440,0xfFcBDde40a743e39a3b41e1aC18B48EFCDc8d8A4,1,True
532,0,441,0x34Bec78b6d155e14060b3a38a8497D560F45D30e,1,True
532,0,442,0x4a2c5a0Af8b29cD5Fd8Eb1d02a83150A3ee10488,1,True
532,0,443,0xa07f5Ffd166Ca3Ff7567e96a0430F1496cdb470a,1,True
532,0,444,0x982f5698fEBb2b8d1B9a560228ABBCEAfBB11568,1,True
532,0,445,0xDdd5CE3Bdf841aC617f24E673745f5B1AcC9f291,1,True
532,0,446,0x9f1175193ABCc1060e3c7f940484d033A3bDCEF7,1,True
532,0,447,0x5e7B645d5Bf86750CB1913122ba8A8545e2A9FD1,1,True
532,0,448,0x5e7B645d5Bf86750CB1913122ba8A8545e2A9FD1,1,True
532,0,449,0xA7b12101Ac438206B87Dca404Af4456A7F141e17,1,True
532,0,450,0x4E8D0E46E40c9e28A335F987E2e8df2f15ddEf2A,1,True
532,0,451,0x930c54fD12Bc507DE14ce3967E715e6D9cD70ec4,1,True
532,0,452,0x930c54fD12Bc507DE14ce3967E715e6D9cD70ec4,1,True
532,0,453,0x930c54fD12Bc507DE14ce3967E715e6D9cD70ec4,1,True
532,0,454,0x6a59b37bdE2D80878a019e824026E462192B7b66,0,True
532,0,455,0xA7b12101Ac438206B87Dca404Af4456A7F141e17,1,True
532,0,456,0x0F60f7C61664B17203CBDeb3D87444d4Ce02cAED,1,True
532,0,457,0x930c54fD12Bc507DE14ce3967E715e6D9cD70ec4,1,True
532,0,458,0xFAe184739fBAa9c796fd0a28e96AEE2A295567e4,1,True
532,0,459,0x9f26EE541d54B5431d04D6a1501AF621832e50Db,1,True
532,0,460,0x9f26EE541d54B5431d04D6a1501AF621832e50Db,1,True
532,0,461,0x98eF00F6850855d9606cf1058EDfD4a1a8A4F08E,1,True
532,0,462,0xa38526Fa20E5550B806aEB70491404506A6CB096,0,False
532,0,463,0x9f26EE541d54B5431d04D6a1501AF621832e50Db,1,True
532,0,464,0xB88B58b5473Ab14E6ce9d2279797A71C13250ACC,1,True
532,0,465,0xDdd5CE3Bdf841aC617f24E673745f5B1AcC9f291,1,True
532,0,466,0xC0B53221A7dbcbcE68441C26ea4DA73266D6bc20,1,True
532,0,467,0x98eF00F6850855d9606cf1058EDfD4a1a8A4F08E,1,True
532,0,468,0xfFcBDde40a743e39a3b41e1aC18B48EFCDc8d8A4,1,True
532,0,469,0xC2e02535829667715E089C7c4dec3BdCB5c484F5,1,True
532,0,470,0x930c54fD12Bc507DE14ce3967E715e6D9cD70ec4,1,True
532,0,471,0xB011122194C0487fE9214c9FC9a73eC770e94Eae,1,True
532,0,472,0x9bfDA54A453F503d487f2F32554dE73f03E24853,0,True
532,0,473,0xfFcBDde40a743e39a3b41e1aC18B48EFCDc8d8A4,1,True
532,0,474,0x4E8D0E46E40c9e28A335F987E2e8df2f15ddEf2A,1,True
532,0,475,0x930c54fD12Bc507DE14ce3967E715e6D9cD70ec4,1,True
532,0,476,0x0F60f7C61664B17203CBDeb3D87444d4Ce02cAED,1,True
532,0,477,0xfFcBDde40a743e39a3b41e1aC18B48EFCDc8d8A4,1,True
532,0,478,0x930c54fD12Bc507DE14ce3967E715e6D9cD70ec4,1,True
532,0,479,0xDdd5CE3Bdf841aC617f24E673745f5B1AcC9f291,1,True
532,0,480,0x98eF00F6850855d9606cf1058EDfD4a1a8A4F08E,1,True
532,0,481,0x5e7B645d5Bf86750CB1913122ba8A8545e2A9FD1,1,True
532,0,482,0xDdd5CE3Bdf841aC617f24E673745f5B1AcC9f291,1,True
532,0,483,0xA64A17a51482F96A794C08fa3E61bB6260EEB2Ca,1,True
532,0,484,0x34Bec78b6d155e14060b3a38a8497D560F45D30e,1,True
532,0,485,0x930c54fD12Bc507DE14ce3967E715e6D9cD70ec4,1,True
532,0,486,0x930c54fD12Bc507DE14ce3967E715e6D9cD70ec4,1,True
532,0,487,0x9f26EE541d54B5431d04D6a1501AF621832e50Db,1,True
532,0,488,0x2e879c8F58A470ec71cfB8F49cf4513122E46964,1,True
532,0,489,0xFAe184739fBAa9c796fd0a28e96AEE2A295567e4,1,True
532,0,490,0x6d9ABa400a2a487a5Fb76c6d56518835553CD284,1,True
532,0,491,0x930c54fD12Bc507DE14ce3967E715e6D9cD70ec4,1,True
532,0,492,0x9f26EE541d54B5431d04D6a1501AF621832e50Db,1,True
532,0,493,0x930c54fD12Bc507DE14ce3967E715e6D9cD70ec4,1,True
532,0,494,0xfFcBDde40a743e39a3b41e1aC18B48EFCDc8d8A4,1,True
532,0,495,0x6d9ABa400a2a487a5Fb76c6d56518835553CD284,1,True
532,0,496,0x9f26EE541d54B5431d04D6a1501AF621832e50Db,1,True
532,0,497,0x930c54fD12Bc507DE14ce3967E715e6D9cD70ec4,1,True
532,0,498,0x930c54fD12Bc507DE14ce3967E715e6D9cD70ec4,1,True
532,0,499,0xa07f5Ffd166Ca3Ff7567e96a0430F1496cdb470a,1,True
531,0,0,0xe4230c0E536b704f82cb435876B4907cb1F66c13,1,True
531,0,1,0xec1428f3D76E73d570618541B17543058093E64D,1,True
531,0,2,0xF035561dcE033DeD865E15E69dB06cfFC88d9213,1,True
530,0,0,0x739A8F2FdF4351592b702af11fa7A492B0f69FF8,1,True
530,0,1,0x3c9190Ec05FAA31C57F6145EA7092bcE4FC77A85,1,True
530,0,2,0xE489605b17ccf0647325Fb92a63Df59d86e8612F,1,True
530,0,3,0xE489605b17ccf0647325Fb92a63Df59d86e8612F,1,True
530,0,4,0xA2c2152f38A914f5c52dc256b35C0F30Aa1B0720,0,False
530,0,5,0xb841a0A64399e0c391629EDE0ad2cE6336351b33,1,True
530,0,6,0xb841a0A64399e0c391629EDE0ad2cE6336351b33,1,True
530,0,7,0x11B1785D9Ac81480c03210e89F1508c8c115888E,1,True
530,0,8,0xd583122180fFB695b6FB0ECB500819B187C87362,1,True
530,0,9,0x139Ac796dA6BD4C889bfc88F0BB4d34a852604B5,1,True
530,0,10,0xE8d46923689E35a647C24d1E51313Fc45FC94610,1,True
530,0,11,0xE8d46923689E35a647C24d1E51313Fc45FC94610,1,True
530,0,12,0xd583122180fFB695b6FB0ECB500819B187C87362,1,True
530,0,13,0xd583122180fFB695b6FB0ECB500819B187C87362,1,True
530,0,14,0xAC33D4635f526337A67C055010D1dC68141a5BED,1,True
530,0,15,0x3c9190Ec05FAA31C57F6145EA7092bcE4FC77A85,1,True
530,0,16,0x23652aB0B373ea18dC62bCa25673a874Fd2585D6,1,True
530,0,17,0xa38526Fa20E5550B806aEB70491404506A6CB096,1,True
530,0,18,0xa38526Fa20E5550B806aEB70491404506A6CB096,1,True
530,0,19,0xB61bcAde0A7bF36B560A3F73154F317872609017,1,True
530,0,20,0xd583122180fFB695b6FB0ECB500819B187C87362,1,True
530,0,21,0x4D2e661113913190aDB7198A852864923Fe2c823,0,False
530,0,22,0x90334Dbb7Abe874cb4c3f985AAF0370686181502,1,True
530,0,23,0x41D0fb81f19F67B15cf71F4A3997F08321A614F6,1,True
530,0,24,0xb841a0A64399e0c391629EDE0ad2cE6336351b33,1,True
530,0,25,0xb841a0A64399e0c391629EDE0ad2cE6336351b33,1,True
530,0,26,0x4D2e661113913190aDB7198A852864923Fe2c823,0,False
530,0,27,0xB61bcAde0A7bF36B560A3F73154F317872609017,1,True
530,0,28,0xd583122180fFB695b6FB0ECB500819B187C87362,1,True
530,0,29,0xb841a0A64399e0c391629EDE0ad2cE6336351b33,1,True
530,0,30,0x26f580E930D7982f82138621F074A01a75adc920,0,False
529,0,0,0xd583122180fFB695b6FB0ECB500819B187C87362,1,True
529,0,1,0x2a15D5F624659284dCAd57b3aa47A0360957e369,0,False
529,0,2,0x11B1785D9Ac81480c03210e89F1508c8c115888E,1,True
529,0,3,0xd583122180fFB695b6FB0ECB500819B187C87362,1,True
529,0,4,0x9b28fe460618b860e575f286Fb742A936Db99bA3,1,True
529,0,5,0xE8d46923689E35a647C24d1E51313Fc45FC94610,1,True
529,0,6,0xE8d46923689E35a647C24d1E51313Fc45FC94610,1,True
529,0,7,0x3c9190Ec05FAA31C57F6145EA7092bcE4FC77A85,1,True
529,0,8,0x6f0A3Cff9514Bae0B86Ac300E72a1B9986074B35,1,True
529,0,9,0xd583122180fFB695b6FB0ECB500819B187C87362,1,True
529,0,10,0x11B1785D9Ac81480c03210e89F1508c8c115888E,1,True
529,0,11,0xE8d46923689E35a647C24d1E51313Fc45FC94610,1,True
529,0,12,0xFa0D94498C117E6A470E46D87b6B47684C56b81F,1,True
529,0,13,0xE489605b17ccf0647325Fb92a63Df59d86e8612F,1,True
529,0,14,0xA22e567b57aF7bD580d74e3fa3066D2bA738d192,1,True
529,0,15,0xd583122180fFB695b6FB0ECB500819B187C87362,1,True
529,0,16,0xa81fa36C51C95b52431038352D3D452C5De5E6e8,1,True
529,0,17,0x18e14280695AFDd3655B7999D63Cf51F56052e35,0,False
529,0,18,0xE489605b17ccf0647325Fb92a63Df59d86e8612F,1,True
529,0,19,0x79206B9EE1b48Ad2eE925aC0f119A4DE93509F97,1,True
529,0,20,0xb841a0A64399e0c391629EDE0ad2cE6336351b33,1,True
529,0,21,0xd583122180fFB695b6FB0ECB500819B187C87362,1,True
529,0,22,0xA2c2152f38A914f5c52dc256b35C0F30Aa1B0720,0,False
529,0,23,0xd583122180fFB695b6FB0ECB500819B187C87362,1,True
529,0,24,0xFe35c4Dfb8C8F85b4eF023f1C8D8af10859efe6D,1,True
529,0,25,0xFa0D94498C117E6A470E46D87b6B47684C56b81F,1,True
529,0,26,0x3c9190Ec05FAA31C57F6145EA7092bcE4FC77A85,1,True
529,0,27,0xb841a0A64399e0c391629EDE0ad2cE6336351b33,1,True
529,0,28,0xb841a0A64399e0c391629EDE0ad2cE6336351b33,1,True
529,0,29,0xd583122180fFB695b6FB0ECB500819B187C87362,1,True
529,0,30,0xA2c2152f38A914f5c52dc256b35C0F30Aa1B0720,0,False
528,0,0,0xa07f5Ffd166Ca3Ff7567e96a0430F1496cdb470a,2,True
528,0,1,0x29df91960f940c6224346aD9268854a4376a6578,2,True
528,0,2,0xF035561dcE033DeD865E15E69dB06cfFC88d9213,2,True
528,0,3,0xA64A17a51482F96A794C08fa3E61bB6260EEB2Ca,2,True
528,0,4,0x8b26c150F0e4870511d142a5636d7E529a2CBbbf,2,True
527,0,0,0xF035561dcE033DeD865E15E69dB06cfFC88d9213,2,True
527,0,1,0x8DcA414776Ae8478c5E2141ECdD21f716A9010d9,1,True
527,0,2,0x982f5698fEBb2b8d1B9a560228ABBCEAfBB11568,1,True
527,1,0,0xa07f5Ffd166Ca3Ff7567e96a0430F1496cdb470a,2,True
527,1,1,0xda8C5db86aa21547d55625b695A0351FCd561fD2,2,True
527,1,2,0xC7df1bCdd1d72c615e79f256F40c016A0ADB88a2,1,True
527,1,3,0xda8C5db86aa21547d55625b695A0351FCd561fD2,2,True
527,1,4,0x6a59b37bdE2D80878a019e824026E462192B7b66,1,True
527,1,5,0x9bfDA54A453F503d487f2F32554dE73f03E24853,1,True
527,1,6,0x4a2c5a0Af8b29cD5Fd8Eb1d02a83150A3ee10488,1,True
526,0,0,0xf86B7AFeF4190c6bB8E58EF31a0B21299A791a88,2,True
525,0,0,0xe4230c0E536b704f82cb435876B4907cb1F66c13,2,True
525,0,1,0xF035561dcE033DeD865E15E69dB06cfFC88d9213,2,True
525,0,2,0xF865067A5B9672f11AF8514440D9111AfD05d040,2,True
524,0,0,0xa07f5Ffd166Ca3Ff7567e96a0430F1496cdb470a,2,True
524,0,1,0xe4230c0E536b704f82cb435876B4907cb1F66c13,2,True
524,0,2,0xA64A17a51482F96A794C08fa3E61bB6260EEB2Ca,2,True
523,0,0,0x982f5698fEBb2b8d1B9a560228ABBCEAfBB11568,1,True
523,0,1,0x6a59b37bdE2D80878a019e824026E462192B7b66,2,True
523,0,2,0xa07f5Ffd166Ca3Ff7567e96a0430F1496cdb470a,2,True
522,0,0,0xC261717ecfc14943595570Ed34D11Aa85C9D2364,2,True
522,0,1,0x982f5698fEBb2b8d1B9a560228ABBCEAfBB11568,1,True
522,0,2,0xf83f70E148bC6ff29bb627f97EB691F30268c7e3,2,True
521,0,0,0x6F5f5d2A7D9b6EA028b8eFCeab2Ff221A27ab6e3,2,True
521,0,1,0x6F5f5d2A7D9b6EA028b8eFCeab2Ff221A27ab6e3,2,True
521,0,2,0x9bfDA54A453F503d487f2F32554dE73f03E24853,2,True
520,0,0,0x81Dc87e080351b15589F77Eb344B92E662A8c426,2,True
520,0,1,0x6F5f5d2A7D9b6EA028b8eFCeab2Ff221A27ab6e3,2,True
520,0,2,0xa07f5Ffd166Ca3Ff7567e96a0430F1496cdb470a,2,True
519,0,0,0x837c5F6d0E57bE3AF742570111852a96f2998394,1,True
519,0,1,0x982f5698fEBb2b8d1B9a560228ABBCEAfBB11568,1,True
519,0,2,0x982f5698fEBb2b8d1B9a560228ABBCEAfBB11568,1,True
518,0,0,0xB7E69971897d02972DaCf002A0C22ff12E510fBc,2,True
518,0,1,0x8DcA414776Ae8478c5E2141ECdD21f716A9010d9,2,True
518,0,2,0xa07f5Ffd166Ca3Ff7567e96a0430F1496cdb470a,2,True
517,0,0,0x4a2c5a0Af8b29cD5Fd8Eb1d02a83150A3ee10488,2,True
517,0,1,0xe4230c0E536b704f82cb435876B4907cb1F66c13,2,True
517,0,2,0x982f5698fEBb2b8d1B9a560228ABBCEAfBB11568,2,True
516,0,0,0x9f1175193ABCc1060e3c7f940484d033A3bDCEF7,2,True
516,0,1,0x982f5698fEBb2b8d1B9a560228ABBCEAfBB11568,2,True
516,0,2,0xa07f5Ffd166Ca3Ff7567e96a0430F1496cdb470a,2,True
515,0,0,0xA64A17a51482F96A794C08fa3E61bB6260EEB2Ca,2,True
515,0,1,0x982f5698fEBb2b8d1B9a560228ABBCEAfBB11568,2,True
515,0,2,0x9f1175193ABCc1060e3c7f940484d033A3bDCEF7,2,True
514,0,0,0xaeaD6593710Bf28bF4848b24F4ed1F130773d7E6,2,True
514,0,1,0xF035561dcE033DeD865E15E69dB06cfFC88d9213,2,True
514,0,2,0xF865067A5B9672f11AF8514440D9111AfD05d040,2,True
513,0,0,0x12FA14C9F49CeE96c4F6ba8c7497F7Ef825cAe37,2,True
513,0,1,0x6F5f5d2A7D9b6EA028b8eFCeab2Ff221A27ab6e3,2,True
513,0,2,0x6F5f5d2A7D9b6EA028b8eFCeab2Ff221A27ab6e3,2,True
512,0,0,0x945674691713d1E8d02832d20777B933036e49E1,2,True
512,0,1,0xda8C5db86aa21547d55625b695A0351FCd561fD2,2,True
512,0,2,0xe4230c0E536b704f82cb435876B4907cb1F66c13,2,True
511,0,0,0x0F60f7C61664B17203CBDeb3D87444d4Ce02cAED,2,True
510,0,0,0xe4230c0E536b704f82cb435876B4907cb1F66c13,2,True
510,0,1,0xC78EED7B6eF98fF11dd7f557C67AE0AbDd69227b,2,True
510,0,2,0xF035561dcE033DeD865E15E69dB06cfFC88d9213,2,True
510,1,0,0xB7E69971897d02972DaCf002A0C22ff12E510fBc,0,False
510,1,1,0xda8C5db86aa21547d55625b695A0351FCd561fD2,2,True
510,1,2,0xa07f5Ffd166Ca3Ff7567e96a0430F1496cdb470a,2,True
510,1,3,0xa07f5Ffd166Ca3Ff7567e96a0430F1496cdb470a,2,True
510,1,4,0x9f1175193ABCc1060e3c7f940484d033A3bDCEF7,2,True
510,1,5,0x1bc9e52bAa93Dab1a47c3168f6d82ED08856Ec83,1,True
510,1,6,0xF035561dcE033DeD865E15E69dB06cfFC88d9213,2,True
509,0,0,0x982f5698fEBb2b8d1B9a560228ABBCEAfBB11568,2,True
509,0,1,0x9f1175193ABCc1060e3c7f940484d033A3bDCEF7,2,True
509,0,2,0xa07f5Ffd166Ca3Ff7567e96a0430F1496cdb470a,2,True
508,0,0,0xF035561dcE033DeD865E15E69dB06cfFC88d9213,2,True
508,0,1,0x982f5698fEBb2b8d1B9a560228ABBCEAfBB11568,2,True
508,0,2,0xF865067A5B9672f11AF8514440D9111AfD05d040,2,True
507,0,0,0x6a59b37bdE2D80878a019e824026E462192B7b66,2,True
507,0,1,0xC7df1bCdd1d72c615e79f256F40c016A0ADB88a2,2,True
507,0,2,0xF865067A5B9672f11AF8514440D9111AfD05d040,2,True
506,0,0,0xFecd90B388f0f1dA91421b1A848013a0fe0c10ab,2,True
506,0,1,0xC261717ecfc14943595570Ed34D11Aa85C9D2364,2,True
506,0,2,0x1bc9e52bAa93Dab1a47c3168f6d82ED08856Ec83,2,True
505,0,0,0x162076Db70bdEda23994Bd1FD5fb4E916c6a88e9,0,False
505,0,1,0xb841a0A64399e0c391629EDE0ad2cE6336351b33,1,True
505,0,2,0xF86E2F89DAaA7cBAb4160c2245038CE21A993FDe,1,True
505,0,3,0x79206B9EE1b48Ad2eE925aC0f119A4DE93509F97,1,True
505,0,4,0xE8d46923689E35a647C24d1E51313Fc45FC94610,1,True
505,0,5,0xc639fAC53E86834C764b6D16304c33f850A91f1B,1,True
505,0,6,0x0Da8b71D69aA0692a0a7F8fD345575E9A5AAB282,1,True
505,0,7,0x3c9190Ec05FAA31C57F6145EA7092bcE4FC77A85,1,True
505,0,8,0xd583122180fFB695b6FB0ECB500819B187C87362,1,True
505,0,9,0x739A8F2FdF4351592b702af11fa7A492B0f69FF8,1,True
505,0,10,0xf46844C2406B446c2d12E735c698d6a93DE60516,0,False
505,0,11,0xd583122180fFB695b6FB0ECB500819B187C87362,1,True
505,0,12,0xd583122180fFB695b6FB0ECB500819B187C87362,1,True
505,0,13,0xCe148fe5e6F1B3B6a2F5E3d3c43D12dc6555779A,1,True
505,0,14,0x3c9190Ec05FAA31C57F6145EA7092bcE4FC77A85,1,True
505,0,15,0x0AE72609b7b6269bb1a289761120d490150B04a3,1,True
505,0,16,0x8da02D597a2616e9eC0c82B2b8366B00d69da29A,1,True
505,0,17,0xE489605b17ccf0647325Fb92a63Df59d86e8612F,1,True
505,0,18,0xb841a0A64399e0c391629EDE0ad2cE6336351b33,1,True
505,0,19,0x3c9190Ec05FAA31C57F6145EA7092bcE4FC77A85,1,True
505,0,20,0xb841a0A64399e0c391629EDE0ad2cE6336351b33,1,True
505,0,21,0xE8d46923689E35a647C24d1E51313Fc45FC94610,1,True
505,0,22,0xE489605b17ccf0647325Fb92a63Df59d86e8612F,1,True
505,0,23,0x6f0A3Cff9514Bae0B86Ac300E72a1B9986074B35,1,True
505,0,24,0xE8d46923689E35a647C24d1E51313Fc45FC94610,1,True
505,0,25,0xD5429F831374674A7D878c560C169F833F6144D2,1,True
505,0,26,0xb841a0A64399e0c391629EDE0ad2cE6336351b33,1,True
505,0,27,0xE8d46923689E35a647C24d1E51313Fc45FC94610,1,True
505,0,28,0xb841a0A64399e0c391629EDE0ad2cE6336351b33,1,True
505,0,29,0xb841a0A64399e0c391629EDE0ad2cE6336351b33,1,True
505,0,30,0x645512B5728Fa77494055c9fB685DFC67162aDDB,0,False
504,0,0,0x9DB3348768bd274f2b0da2094D7B67f90a2e0636,1,True
504,0,1,0x3c9190Ec05FAA31C57F6145EA7092bcE4FC77A85,1,True
504,0,2,0xE8d46923689E35a647C24d1E51313Fc45FC94610,1,True
504,0,3,0x4D2e661113913190aDB7198A852864923Fe2c823,1,True
504,0,4,0xF8f3c0CB0645345F8b8bffD7b34e6935A47F762f,1,True
504,0,5,0xE489605b17ccf0647325Fb92a63Df59d86e8612F,1,True
504,0,6,0x3c9190Ec05FAA31C57F6145EA7092bcE4FC77A85,1,True
504,0,7,0x0053546e2034c25805eba84055cc6CFF7FaD1307,0,False
504,0,8,0xeA7686aCA004eCDFd0dCB20004fa6B9BA6C80eD2,0,False
504,0,9,0x8d93471Dfd2A9D9bDc56eDee93f3fc57B8078D68,0,False
504,0,10,0x739A8F2FdF4351592b702af11fa7A492B0f69FF8,1,True
504,0,11,0xd583122180fFB695b6FB0ECB500819B187C87362,1,True
504,0,12,0x79206B9EE1b48Ad2eE925aC0f119A4DE93509F97,1,True
504,0,13,0xE8d46923689E35a647C24d1E51313Fc45FC94610,1,True
504,0,14,0x3c9190Ec05FAA31C57F6145EA7092bcE4FC77A85,1,True
504,0,15,0x3c9190Ec05FAA31C57F6145EA7092bcE4FC77A85,1,True
504,0,16,0x739A8F2FdF4351592b702af11fa7A492B0f69FF8,1,True
504,0,17,0xE8d46923689E35a647C24d1E51313Fc45FC94610,1,True
504,0,18,0x3c9190Ec05FAA31C57F6145EA7092bcE4FC77A85,1,True
504,0,19,0xE8d46923689E35a647C24d1E51313Fc45FC94610,1,True
504,0,20,0xb841a0A64399e0c391629EDE0ad2cE6336351b33,1,True
504,0,21,0xb792580EEd6b9C8210bd7263d7889Eca8e77cd21,1,True
504,0,22,0x6f0A3Cff9514Bae0B86Ac300E72a1B9986074B35,1,True
504,0,23,0x10Ae0e6A818a268F359F7c3e04c32425F0dc1D10,1,True
504,0,24,0xE8d46923689E35a647C24d1E51313Fc45FC94610,1,True
504,0,25,0x3c9190Ec05FAA31C57F6145EA7092bcE4FC77A85,1,True
504,0,26,0xE489605b17ccf0647325Fb92a63Df59d86e8612F,1,True
504,0,27,0xe4230c0E536b704f82cb435876B4907cb1F66c13,1,True
504,0,28,0x41D0fb81f19F67B15cf71F4A3997F08321A614F6,1,True
504,0,29,0x4D2e661113913190aDB7198A852864923Fe2c823,1,True
504,0,30,0xb841a0A64399e0c391629EDE0ad2cE6336351b33,1,True
503,0,0,0x9f1175193ABCc1060e3c7f940484d033A3bDCEF7,2,True
503,0,1,0x8dFB82324C7c1c31a74a2bF332B4D233FC9cb703,2,True
503,0,2,0x4a2c5a0Af8b29cD5Fd8Eb1d02a83150A3ee10488,2,True
502,0,0,0xF035561dcE033DeD865E15E69dB06cfFC88d9213,2,True
502,0,1,0x6A78F926fC753955B75de9101789d22592B9edEf,2,True
502,0,2,0xa07f5Ffd166Ca3Ff7567e96a0430F1496cdb470a,2,True
501,0,0,0xa07f5Ffd166Ca3Ff7567e96a0430F1496cdb470a,2,True
501,0,1,0xe4230c0E536b704f82cb435876B4907cb1F66c13,2,True
501,0,2,0x6F5f5d2A7D9b6EA028b8eFCeab2Ff221A27ab6e3,2,True
500,0,0,0x982f5698fEBb2b8d1B9a560228ABBCEAfBB11568,2,True
500,0,1,0x945674691713d1E8d02832d20777B933036e49E1,0,False
500,0,2,0xA64A17a51482F96A794C08fa3E61bB6260EEB2Ca,2,True
499,0,0,0xA64A17a51482F96A794C08fa3E61bB6260EEB2Ca,1,True
499,0,1,0xEc3ccfaf0a160D5A09Fcd7578989F5a6B8cdc489,1,True
499,0,2,0xEc3ccfaf0a160D5A09Fcd7578989F5a6B8cdc489,1,True
499,0,3,0xa07f5Ffd166Ca3Ff7567e96a0430F1496cdb470a,1,True
499,0,4,0xa07f5Ffd166Ca3Ff7567e96a0430F1496cdb470a,1,True
498,0,0,0xa07f5Ffd166Ca3Ff7567e96a0430F1496cdb470a,2,True
498,0,1,0x982f5698fEBb2b8d1B9a560228ABBCEAfBB11568,2,True
498,0,2,0x9f1175193ABCc1060e3c7f940484d033A3bDCEF7,2,True
497,0,0,0x6F5f5d2A7D9b6EA028b8eFCeab2Ff221A27ab6e3,1,True
497,0,1,0xC261717ecfc14943595570Ed34D11Aa85C9D2364,1,True
497,0,2,0x42570FC66122cDC5951B843E741EfA99cbDaD21B,1,True
496,0,0,0x9f1175193ABCc1060e3c7f940484d033A3bDCEF7,2,True
496,0,1,0x982f5698fEBb2b8d1B9a560228ABBCEAfBB11568,0,False
496,0,2,0xa07f5Ffd166Ca3Ff7567e96a0430F1496cdb470a,2,True
495,0,0,0xf83f70E148bC6ff29bb627f97EB691F30268c7e3,2,True
495,0,1,0x4a2c5a0Af8b29cD5Fd8Eb1d02a83150A3ee10488,2,True
495,0,2,0xe5DD78C224F26E306c84A9B1aa2DEF30bdf15835,2,True
495,1,0,0x9f1175193ABCc1060e3c7f940484d033A3bDCEF7,2,True
495,1,1,0xE834760858366715a714E8c2Ec06faa740F9E6B4,2,True
495,1,2,0xda8C5db86aa21547d55625b695A0351FCd561fD2,2,True
495,1,3,0xaeaD6593710Bf28bF4848b24F4ed1F130773d7E6,2,True
495,1,4,0xe4230c0E536b704f82cb435876B4907cb1F66c13,2,True
495,1,5,0x9bfDA54A453F503d487f2F32554dE73f03E24853,2,True
495,1,6,0x982f5698fEBb2b8d1B9a560228ABBCEAfBB11568,2,True
494,0,0,0x48909739001FA130Ea554D45508714824C2467B5,2,True
494,0,1,0xD9d37AdE3131FD7aC02e80883fbC0C4570b65E47,2,True
494,0,2,0x8DcA414776Ae8478c5E2141ECdD21f716A9010d9,2,True
494,1,0,0x8DcA414776Ae8478c5E2141ECdD21f716A9010d9,2,True
494,1,1,0x81Dc87e080351b15589F77Eb344B92E662A8c426,2,True
494,1,2,0xa07f5Ffd166Ca3Ff7567e96a0430F1496cdb470a,2,True
494,1,3,0xe5DD78C224F26E306c84A9B1aa2DEF30bdf15835,2,True
494,1,4,0x6F5f5d2A7D9b6EA028b8eFCeab2Ff221A27ab6e3,2,True
494,1,5,0xC261717ecfc14943595570Ed34D11Aa85C9D2364,2,True
494,1,6,0xe4230c0E536b704f82cb435876B4907cb1F66c13,2,True
493,0,0,0xa07f5Ffd166Ca3Ff7567e96a0430F1496cdb470a,1,True
493,0,1,0xa07f5Ffd166Ca3Ff7567e96a0430F1496cdb470a,1,True
493,0,2,0x982f5698fEBb2b8d1B9a560228ABBCEAfBB11568,1,True
492,0,0,0xe4230c0E536b704f82cb435876B4907cb1F66c13,2,True
492,0,1,0xA64A17a51482F96A794C08fa3E61bB6260EEB2Ca,2,True
492,0,2,0x8DcA414776Ae8478c5E2141ECdD21f716A9010d9,2,True
491,0,0,0xa07f5Ffd166Ca3Ff7567e96a0430F1496cdb470a,1,True
491,0,1,0x6F5f5d2A7D9b6EA028b8eFCeab2Ff221A27ab6e3,1,True
491,0,2,0x48909739001FA130Ea554D45508714824C2467B5,2,True
491,1,0,0xF035561dcE033DeD865E15E69dB06cfFC88d9213,1,True
491,1,1,0x10beFF1B93cB379C2D4C1848E7cAdf7df5b7d19a,1,True
491,1,2,0xa07f5Ffd166Ca3Ff7567e96a0430F1496cdb470a,1,True
491,1,3,0x982f5698fEBb2b8d1B9a560228ABBCEAfBB11568,1,True
491,1,4,0xe5DD78C224F26E306c84A9B1aa2DEF30bdf15835,1,True
491,1,5,0xC0B53221A7dbcbcE68441C26ea4DA73266D6bc20,2,True
491,1,6,0x6F5f5d2A7D9b6EA028b8eFCeab2Ff221A27ab6e3,1,True
490,0,0,0x982f5698fEBb2b8d1B9a560228ABBCEAfBB11568,2,True
490,0,1,0xbC192A222F215783b24EFeD1B63B5E7349ee0d81,2,True
490,0,2,0xF035561dcE033DeD865E15E69dB06cfFC88d9213,2,True
489,0,0,0x6a59b37bdE2D80878a019e824026E462192B7b66,1,True
489,0,1,0xA64A17a51482F96A794C08fa3E61bB6260EEB2Ca,1,True
489,0,2,0x9bfDA54A453F503d487f2F32554dE73f03E24853,1,True
488,0,0,0x001FE2CdBEeB0743679E958C0861Dd8788B28b19,2,True
488,1,0,0x001FE2CdBEeB0743679E958C0861Dd8788B28b19,2,True
488,1,1,0x001FE2CdBEeB0743679E958C0861Dd8788B28b19,2,True
488,1,2,0xa1552A4ba8655065fa9F0697653d4AFc7F2359Fc,2,True
487,0,0,0xF035561dcE033DeD865E15E69dB06cfFC88d9213,2,True
487,0,1,0xF035561dcE033DeD865E15E69dB06cfFC88d9213,2,True
487,0,2,0xa07f5Ffd166Ca3Ff7567e96a0430F1496cdb470a,2,True
487,0,3,0x0Fe7781720a5f20CB6968505A1b24092702A1553,0,False
487,0,4,0xEc3ccfaf0a160D5A09Fcd7578989F5a6B8cdc489,2,True
486,0,0,0xD371fdEEB82f77cb5EfC0e433485c1669Bd0Ca74,2,True
486,0,1,0xF035561dcE033DeD865E15E69dB06cfFC88d9213,2,True
486,0,2,0x49721D502266Fb9772Be25be1542a97b95fee721,1,True
486,0,3,0x6A78F926fC753955B75de9101789d22592B9edEf,2,True
486,0,4,0xEc3ccfaf0a160D5A09Fcd7578989F5a6B8cdc489,2,True
485,0,0,0x982f5698fEBb2b8d1B9a560228ABBCEAfBB11568,2,True
485,0,1,0x982f5698fEBb2b8d1B9a560228ABBCEAfBB11568,2,True
485,0,2,0xF035561dcE033DeD865E15E69dB06cfFC88d9213,2,True
484,0,0,0xf83f70E148bC6ff29bb627f97EB691F30268c7e3,2,True
484,0,1,0x6F5f5d2A7D9b6EA028b8eFCeab2Ff221A27ab6e3,2,True
484,0,2,0x9f1175193ABCc1060e3c7f940484d033A3bDCEF7,2,True
483,0,0,0x45AB2a3cE2e2bB780396De68351e1497DD66E1e8,2,True
483,0,1,0xA22e567b57aF7bD580d74e3fa3066D2bA738d192,2,True
483,0,2,0x44F096E9190314Bc851eE8c75A9024F42b1E0043,0,False
482,0,0,0xA64A17a51482F96A794C08fa3E61bB6260EEB2Ca,2,True
482,0,1,0xF035561dcE033DeD865E15E69dB06cfFC88d9213,1,True
482,0,2,0xe4230c0E536b704f82cb435876B4907cb1F66c13,2,True
481,0,0,0x9f1175193ABCc1060e3c7f940484d033A3bDCEF7,1,True
481,0,1,0x9bfDA54A453F503d487f2F32554dE73f03E24853,2,True
481,0,2,0x9f1175193ABCc1060e3c7f940484d033A3bDCEF7,1,True
480,0,0,0xe5DD78C224F26E306c84A9B1aa2DEF30bdf15835,1,True
480,0,1,0x9bfDA54A453F503d487f2F32554dE73f03E24853,1,True
480,0,2,0x42570FC66122cDC5951B843E741EfA99cbDaD21B,1,True
479,0,0,0x8dFB82324C7c1c31a74a2bF332B4D233FC9cb703,2,True
479,0,1,0xa1552A4ba8655065fa9F0697653d4AFc7F2359Fc,2,True
479,0,2,0x8dFB82324C7c1c31a74a2bF332B4D233FC9cb703,2,True
479,0,3,0xa1552A4ba8655065fa9F0697653d4AFc7F2359Fc,2,True
479,0,4,0x001FE2CdBEeB0743679E958C0861Dd8788B28b19,2,True
478,0,0,0xe4230c0E536b704f82cb435876B4907cb1F66c13,2,True
478,0,1,0xa07f5Ffd166Ca3Ff7567e96a0430F1496cdb470a,2,True
478,0,2,0xF035561dcE033DeD865E15E69dB06cfFC88d9213,2,True
477,0,0,0x75537656bf5a4a5bb21369403621daC8f46206AB,1,True
477,0,1,0x6F5f5d2A7D9b6EA028b8eFCeab2Ff221A27ab6e3,1,True
477,0,2,0xA64A17a51482F96A794C08fa3E61bB6260EEB2Ca,1,True
476,0,0,0x4a2c5a0Af8b29cD5Fd8Eb1d02a83150A3ee10488,2,True
476,0,1,0x8DcA414776Ae8478c5E2141ECdD21f716A9010d9,2,True
476,0,2,0xF035561dcE033DeD865E15E69dB06cfFC88d9213,2,True
475,0,0,0xF035561dcE033DeD865E15E69dB06cfFC88d9213,1,True
475,0,1,0xe5DD78C224F26E306c84A9B1aa2DEF30bdf15835,1,True
475,0,2,0x48909739001FA130Ea554D45508714824C2467B5,1,True
474,0,0,0xe5DD78C224F26E306c84A9B1aa2DEF30bdf15835,1,True
474,0,1,0x6F5f5d2A7D9b6EA028b8eFCeab2Ff221A27ab6e3,2,True
474,0,2,0xA311Ab5780aA036B71aAc2b71163fD03ec0DF59E,0,False
473,0,0,0xe4230c0E536b704f82cb435876B4907cb1F66c13,1,True
473,0,1,0xf83f70E148bC6ff29bb627f97EB691F30268c7e3,1,True
473,0,2,0x6F5f5d2A7D9b6EA028b8eFCeab2Ff221A27ab6e3,2,True
472,0,0,0xF035561dcE033DeD865E15E69dB06cfFC88d9213,2,True
472,0,1,0xE8349f1DB09778a47fda6A89598a8dd24615Bb4b,0,False
472,0,2,0x6F5f5d2A7D9b6EA028b8eFCeab2Ff221A27ab6e3,2,True
471,0,0,0xFecd90B388f0f1dA91421b1A848013a0fe0c10ab,2,True
471,0,1,0x4a2c5a0Af8b29cD5Fd8Eb1d02a83150A3ee10488,2,True
471,0,2,0x982f5698fEBb2b8d1B9a560228ABBCEAfBB11568,2,True
470,0,0,0x50C3eAD85c299D7c2b78ee9646880D0FFED9d2a8,2,True
470,0,1,0xa07f5Ffd166Ca3Ff7567e96a0430F1496cdb470a,1,True
470,0,2,0xA311Ab5780aA036B71aAc2b71163fD03ec0DF59E,1,True
469,0,0,0xa07f5Ffd166Ca3Ff7567e96a0430F1496cdb470a,2,True
469,0,1,0xE834760858366715a714E8c2Ec06faa740F9E6B4,2,True
469,0,2,0x8DcA414776Ae8478c5E2141ECdD21f716A9010d9,2,True
469,1,0,0x982f5698fEBb2b8d1B9a560228ABBCEAfBB11568,1,True
469,1,1,0xe4230c0E536b704f82cb435876B4907cb1F66c13,2,True
469,1,2,0x33235Db0D76c26E6238EEb2cFd8B127A94202e5C,0,False
469,1,3,0x982f5698fEBb2b8d1B9a560228ABBCEAfBB11568,1,True
469,1,4,0x33235Db0D76c26E6238EEb2cFd8B127A94202e5C,0,False
469,1,5,0x9bfDA54A453F503d487f2F32554dE73f03E24853,1,True
469,1,6,0xa07f5Ffd166Ca3Ff7567e96a0430F1496cdb470a,2,True
469,2,0,0xA64A17a51482F96A794C08fa3E61bB6260EEB2Ca,2,True
469,2,1,0x27283140E9Eb6a98Bd1bAbE7e0cDa82eC6374088,0,False
469,2,2,0x4a2c5a0Af8b29cD5Fd8Eb1d02a83150A3ee10488,1,True
469,2,3,0xa07f5Ffd166Ca3Ff7567e96a0430F1496cdb470a,2,True
469,2,4,0xF035561dcE033DeD865E15E69dB06cfFC88d9213,1,True
469,2,5,0x982f5698fEBb2b8d1B9a560228ABBCEAfBB11568,1,True
469,2,6,0x6a59b37bdE2D80878a019e824026E462192B7b66,1,True
469,2,7,0x6F5f5d2A7D9b6EA028b8eFCeab2Ff221A27ab6e3,1,True
469,2,8,0xda8C5db86aa21547d55625b695A0351FCd561fD2,1,True
469,2,9,0xF865067A5B9672f11AF8514440D9111AfD05d040,1,True
469,2,10,0x27283140E9Eb6a98Bd1bAbE7e0cDa82eC6374088,0,False
469,2,11,0xA64A17a51482F96A794C08fa3E61bB6260EEB2Ca,2,True
469,2,12,0xC0B53221A7dbcbcE68441C26ea4DA73266D6bc20,1,True
469,2,13,0x982f5698fEBb2b8d1B9a560228ABBCEAfBB11568,1,True
469,2,14,0xf83f70E148bC6ff29bb627f97EB691F30268c7e3,2,True
468,0,0,0xa07f5Ffd166Ca3Ff7567e96a0430F1496cdb470a,1,True
468,0,1,0xa07f5Ffd166Ca3Ff7567e96a0430F1496cdb470a,1,True
468,0,2,0x6F5f5d2A7D9b6EA028b8eFCeab2Ff221A27ab6e3,1,True
467,0,0,0x8DcA414776Ae8478c5E2141ECdD21f716A9010d9,1,True
467,0,1,0x6a59b37bdE2D80878a019e824026E462192B7b66,0,False
467,0,2,0xa07f5Ffd166Ca3Ff7567e96a0430F1496cdb470a,2,True
467,1,0,0x6F5f5d2A7D9b6EA028b8eFCeab2Ff221A27ab6e3,1,True
467,1,1,0xF035561dcE033DeD865E15E69dB06cfFC88d9213,1,True
467,1,2,0xC0B53221A7dbcbcE68441C26ea4DA73266D6bc20,1,True
467,1,3,0xf83f70E148bC6ff29bb627f97EB691F30268c7e3,1,True
467,1,4,0x1bc9e52bAa93Dab1a47c3168f6d82ED08856Ec83,1,True
467,1,5,0xF035561dcE033DeD865E15E69dB06cfFC88d9213,1,True
467,1,6,0x982f5698fEBb2b8d1B9a560228ABBCEAfBB11568,1,True
466,0,0,0xA64A17a51482F96A794C08fa3E61bB6260EEB2Ca,2,True
466,0,1,0xF035561dcE033DeD865E15E69dB06cfFC88d9213,2,True
466,0,2,0x4a2c5a0Af8b29cD5Fd8Eb1d02a83150A3ee10488,2,True
465,0,0,0xf83f70E148bC6ff29bb627f97EB691F30268c7e3,1,True
465,0,1,0xA311Ab5780aA036B71aAc2b71163fD03ec0DF59E,1,True
465,0,2,0x6a59b37bdE2D80878a019e824026E462192B7b66,1,True
464,0,0,0x9b70502efAaF3470F62ca3A27F7EaB37942f4E80,2,True
464,0,1,0xa07f5Ffd166Ca3Ff7567e96a0430F1496cdb470a,2,True
464,0,2,0xF035561dcE033DeD865E15E69dB06cfFC88d9213,2,True
463,0,0,0x6F5f5d2A7D9b6EA028b8eFCeab2Ff221A27ab6e3,2,True
463,0,1,0xA64A17a51482F96A794C08fa3E61bB6260EEB2Ca,2,True
463,0,2,0xF035561dcE033DeD865E15E69dB06cfFC88d9213,2,True
462,0,0,0xa07f5Ffd166Ca3Ff7567e96a0430F1496cdb470a,2,True
462,0,1,0xF035561dcE033DeD865E15E69dB06cfFC88d9213,2,True
462,0,2,0xe4230c0E536b704f82cb435876B4907cb1F66c13,2,True
461,0,0,0x982f5698fEBb2b8d1B9a560228ABBCEAfBB11568,2,True
461,0,1,0x8DcA414776Ae8478c5E2141ECdD21f716A9010d9,2,True
461,0,2,0x8DcA414776Ae8478c5E2141ECdD21f716A9010d9,2,True
460,0,0,0xf83f70E148bC6ff29bb627f97EB691F30268c7e3,1,True
460,0,1,0xe4230c0E536b704f82cb435876B4907cb1F66c13,1,True
460,0,2,0xF035561dcE033DeD865E15E69dB06cfFC88d9213,1,True
459,0,0,0xA311Ab5780aA036B71aAc2b71163fD03ec0DF59E,0,False
459,0,1,0x982f5698fEBb2b8d1B9a560228ABBCEAfBB11568,2,True
459,0,2,0x48909739001FA130Ea554D45508714824C2467B5,2,True
459,1,0,0xaeaD6593710Bf28bF4848b24F4ed1F130773d7E6,1,True
459,1,1,0x6a59b37bdE2D80878a019e824026E462192B7b66,1,True
459,1,2,0x6a59b37bdE2D80878a019e824026E462192B7b66,1,True
459,1,3,0xf83f70E148bC6ff29bb627f97EB691F30268c7e3,1,True
459,1,4,0x8DcA414776Ae8478c5E2141ECdD21f716A9010d9,1,True
459,1,5,0x6F5f5d2A7D9b6EA028b8eFCeab2Ff221A27ab6e3,1,True
459,1,6,0x9bfDA54A453F503d487f2F32554dE73f03E24853,2,True
458,0,0,0xe4230c0E536b704f82cb435876B4907cb1F66c13,2,True
458,0,1,0xaeaD6593710Bf28bF4848b24F4ed1F130773d7E6,2,True
458,0,2,0x1bc9e52bAa93Dab1a47c3168f6d82ED08856Ec83,2,True
457,0,0,0xF035561dcE033DeD865E15E69dB06cfFC88d9213,2,True
457,0,1,0xFecd90B388f0f1dA91421b1A848013a0fe0c10ab,1,True
457,0,2,0x6F5f5d2A7D9b6EA028b8eFCeab2Ff221A27ab6e3,2,True
456,0,0,0xA64A17a51482F96A794C08fa3E61bB6260EEB2Ca,2,True
456,0,1,0x9b70502efAaF3470F62ca3A27F7EaB37942f4E80,1,True
456,0,2,0xF865067A5B9672f11AF8514440D9111AfD05d040,2,True
456,1,0,0xe4230c0E536b704f82cb435876B4907cb1F66c13,1,True
456,1,1,0x48909739001FA130Ea554D45508714824C2467B5,1,True
456,1,2,0x982f5698fEBb2b8d1B9a560228ABBCEAfBB11568,1,True
456,1,3,0x6F5f5d2A7D9b6EA028b8eFCeab2Ff221A27ab6e3,2,True
456,1,4,0x982f5698fEBb2b8d1B9a560228ABBCEAfBB11568,1,True
456,1,5,0x6F5f5d2A7D9b6EA028b8eFCeab2Ff221A27ab6e3,2,True
456,1,6,0xA64A17a51482F96A794C08fa3E61bB6260EEB2Ca,1,True
456,2,0,0x9bfDA54A453F503d487f2F32554dE73f03E24853,2,True
456,2,1,0xF035561dcE033DeD865E15E69dB06cfFC88d9213,1,True
456,2,2,0x4a2c5a0Af8b29cD5Fd8Eb1d02a83150A3ee10488,2,True
456,2,3,0x48909739001FA130Ea554D45508714824C2467B5,2,True
456,2,4,0xF035561dcE033DeD865E15E69dB06cfFC88d9213,1,True
456,2,5,0xe4230c0E536b704f82cb435876B4907cb1F66c13,2,True
456,2,6,0x6F5f5d2A7D9b6EA028b8eFCeab2Ff221A27ab6e3,2,True
456,2,7,0xe4230c0E536b704f82cb435876B4907cb1F66c13,2,True
456,2,8,0x4a2c5a0Af8b29cD5Fd8Eb1d02a83150A3ee10488,2,True
456,2,9,0xf83f70E148bC6ff29bb627f97EB691F30268c7e3,2,True
456,2,10,0x8DcA414776Ae8478c5E2141ECdD21f716A9010d9,2,True
456,2,11,0x9b70502efAaF3470F62ca3A27F7EaB37942f4E80,2,True
456,2,12,0x4a2c5a0Af8b29cD5Fd8Eb1d02a83150A3ee10488,2,True
456,2,13,0xF035561dcE033DeD865E15E69dB06cfFC88d9213,1,True
456,2,14,0xA64A17a51482F96A794C08fa3E61bB6260EEB2Ca,1,True
456,3,0,0x9f1175193ABCc1060e3c7f940484d033A3bDCEF7,2,True
456,3,1,0xa07f5Ffd166Ca3Ff7567e96a0430F1496cdb470a,2,True
456,3,2,0x12FA14C9F49CeE96c4F6ba8c7497F7Ef825cAe37,2,True
456,3,3,0xF035561dcE033DeD865E15E69dB06cfFC88d9213,2,True
456,3,4,0x982f5698fEBb2b8d1B9a560228ABBCEAfBB11568,2,True
456,3,5,0xA64A17a51482F96A794C08fa3E61bB6260EEB2Ca,2,True
456,3,6,0xe4230c0E536b704f82cb435876B4907cb1F66c13,2,True
456,3,7,0x05C990bDD5798243377470085aa274906e70C466,2,True
456,3,8,0xF035561dcE033DeD865E15E69dB06cfFC88d9213,2,True
456,3,9,0xa07f5Ffd166Ca3Ff7567e96a0430F1496cdb470a,2,True
456,3,10,0xa07f5Ffd166Ca3Ff7567e96a0430F1496cdb470a,2,True
456,3,11,0xE8349f1DB09778a47fda6A89598a8dd24615Bb4b,2,True
456,3,12,0xF035561dcE033DeD865E15E69dB06cfFC88d9213,2,True
456,3,13,0xa07f5Ffd166Ca3Ff7567e96a0430F1496cdb470a,2,True
456,3,14,0x4a2c5a0Af8b29cD5Fd8Eb1d02a83150A3ee10488,2,True
456,3,15,0xF865067A5B9672f11AF8514440D9111AfD05d040,2,True
456,3,16,0xe4230c0E536b704f82cb435876B4907cb1F66c13,2,True
456,3,17,0xe4230c0E536b704f82cb435876B4907cb1F66c13,2,True
456,3,18,0xf83f70E148bC6ff29bb627f97EB691F30268c7e3,2,True
456,3,19,0xA64A17a51482F96A794C08fa3E61bB6260EEB2Ca,2,True
456,3,20,0x982f5698fEBb2b8d1B9a560228ABBCEAfBB11568,2,True
456,3,21,0xA64A17a51482F96A794C08fa3E61bB6260EEB2Ca,2,True
456,3,22,0x6F5f5d2A7D9b6EA028b8eFCeab2Ff221A27ab6e3,2,True
456,3,23,0xe4230c0E536b704f82cb435876B4907cb1F66c13,2,True
456,3,24,0x945674691713d1E8d02832d20777B933036e49E1,2,True
456,3,25,0x9f1175193ABCc1060e3c7f940484d033A3bDCEF7,2,True
456,3,26,0xa07f5Ffd166Ca3Ff7567e96a0430F1496cdb470a,2,True
456,3,27,0x9f1175193ABCc1060e3c7f940484d033A3bDCEF7,2,True
456,3,28,0xe4230c0E536b704f82cb435876B4907cb1F66c13,2,True
456,3,29,0x6F5f5d2A7D9b6EA028b8eFCeab2Ff221A27ab6e3,2,True
456,3,30,0x982f5698fEBb2b8d1B9a560228ABBCEAfBB11568,2,True
455,0,0,0xe4230c0E536b704f82cb435876B4907cb1F66c13,2,True
455,0,1,0xe5DD78C224F26E306c84A9B1aa2DEF30bdf15835,2,True
455,0,2,0x05C990bDD5798243377470085aa274906e70C466,2,True
454,0,0,0x4a2c5a0Af8b29cD5Fd8Eb1d02a83150A3ee10488,2,True
454,0,1,0xA64A17a51482F96A794C08fa3E61bB6260EEB2Ca,2,True
454,0,2,0x982f5698fEBb2b8d1B9a560228ABBCEAfBB11568,2,True
453,0,0,0x6F5f5d2A7D9b6EA028b8eFCeab2Ff221A27ab6e3,2,True
453,0,1,0x27283140E9Eb6a98Bd1bAbE7e0cDa82eC6374088,0,False
453,0,2,0x982f5698fEBb2b8d1B9a560228ABBCEAfBB11568,0,False
452,0,0,0xa07f5Ffd166Ca3Ff7567e96a0430F1496cdb470a,1,True
452,0,1,0x8DcA414776Ae8478c5E2141ECdD21f716A9010d9,1,True
452,0,2,0x4a2c5a0Af8b29cD5Fd8Eb1d02a83150A3ee10488,1,True
451,0,0,0x8dFB82324C7c1c31a74a2bF332B4D233FC9cb703,1,True
451,0,1,0xe5DD78C224F26E306c84A9B1aa2DEF30bdf15835,1,True
451,0,2,0xa07f5Ffd166Ca3Ff7567e96a0430F1496cdb470a,2,True
450,0,0,0xA64A17a51482F96A794C08fa3E61bB6260EEB2Ca,1,True
450,0,1,0xa07f5Ffd166Ca3Ff7567e96a0430F1496cdb470a,1,True
450,0,2,0xf83f70E148bC6ff29bb627f97EB691F30268c7e3,1,True
449,0,0,0x982f5698fEBb2b8d1B9a560228ABBCEAfBB11568,2,True
449,0,1,0x0C434B29b5D31d5E660B22FAAef885c740a9E581,0,False
449,0,2,0x6F5f5d2A7D9b6EA028b8eFCeab2Ff221A27ab6e3,2,True
448,0,0,0xe4230c0E536b704f82cb435876B4907cb1F66c13,2,True
448,0,1,0x0C434B29b5D31d5E660B22FAAef885c740a9E581,0,False
448,0,2,0x6F5f5d2A7D9b6EA028b8eFCeab2Ff221A27ab6e3,2,True
447,0,0,0x982f5698fEBb2b8d1B9a560228ABBCEAfBB11568,2,True
447,0,1,0x982f5698fEBb2b8d1B9a560228ABBCEAfBB11568,2,True
447,0,2,0xa07f5Ffd166Ca3Ff7567e96a0430F1496cdb470a,2,True
446,0,0,0xA28258957A40AE479D8B1C620ec6E3E09334ec4b,2,True
446,0,1,0xA28258957A40AE479D8B1C620ec6E3E09334ec4b,2,True
446,0,2,0xA28258957A40AE479D8B1C620ec6E3E09334ec4b,2,True
445,0,0,0xA28258957A40AE479D8B1C620ec6E3E09334ec4b,2,True
445,0,1,0x0C434B29b5D31d5E660B22FAAef885c740a9E581,2,True
445,0,2,0x6F5f5d2A7D9b6EA028b8eFCeab2Ff221A27ab6e3,2,True
445,1,0,0xA64A17a51482F96A794C08fa3E61bB6260EEB2Ca,2,True
445,1,1,0x9bfDA54A453F503d487f2F32554dE73f03E24853,2,True
445,1,2,0x9f1175193ABCc1060e3c7f940484d033A3bDCEF7,2,True
445,1,3,0x9f1175193ABCc1060e3c7f940484d033A3bDCEF7,2,True
445,1,4,0x9bfDA54A453F503d487f2F32554dE73f03E24853,2,True
445,1,5,0x9f1175193ABCc1060e3c7f940484d033A3bDCEF7,2,True
445,1,6,0x9bfDA54A453F503d487f2F32554dE73f03E24853,2,True
444,0,0,0xF865067A5B9672f11AF8514440D9111AfD05d040,2,True
444,0,1,0x4a2c5a0Af8b29cD5Fd8Eb1d02a83150A3ee10488,2,True
444,0,2,0xa07f5Ffd166Ca3Ff7567e96a0430F1496cdb470a,2,True
443,0,0,0x8DcA414776Ae8478c5E2141ECdD21f716A9010d9,0,False
443,0,1,0x8DcA414776Ae8478c5E2141ECdD21f716A9010d9,0,False
443,0,2,0xe4230c0E536b704f82cb435876B4907cb1F66c13,1,True
443,1,0,0xA64A17a51482F96A794C08fa3E61bB6260EEB2Ca,1,True
443,1,1,0x6dfcd13BB235f9a7aB6B7f337900177Ab7b894fc,1,True
443,1,2,0x48909739001FA130Ea554D45508714824C2467B5,1,True
443,1,3,0xe4230c0E536b704f82cb435876B4907cb1F66c13,1,True
443,1,4,0xF865067A5B9672f11AF8514440D9111AfD05d040,1,True
443,1,5,0xC261717ecfc14943595570Ed34D11Aa85C9D2364,1,True
443,1,6,0xA64A17a51482F96A794C08fa3E61bB6260EEB2Ca,1,True
442,0,0,0xaeaD6593710Bf28bF4848b24F4ed1F130773d7E6,2,True
442,0,1,0xe4230c0E536b704f82cb435876B4907cb1F66c13,2,True
442,0,2,0x50C3eAD85c299D7c2b78ee9646880D0FFED9d2a8,2,True
441,0,0,0xF035561dcE033DeD865E15E69dB06cfFC88d9213,1,True
441,0,1,0x11B1785D9Ac81480c03210e89F1508c8c115888E,1,True
441,0,2,0xA28258957A40AE479D8B1C620ec6E3E09334ec4b,2,True
440,0,0,0xA64A17a51482F96A794C08fa3E61bB6260EEB2Ca,2,True
440,0,1,0x982f5698fEBb2b8d1B9a560228ABBCEAfBB11568,2,True
440,0,2,0xda8C5db86aa21547d55625b695A0351FCd561fD2,2,True
439,0,0,0x9b70502efAaF3470F62ca3A27F7EaB37942f4E80,1,True
439,0,1,0xf83f70E148bC6ff29bb627f97EB691F30268c7e3,2,True
439,0,2,0xe4230c0E536b704f82cb435876B4907cb1F66c13,2,True
438,0,0,0xe4230c0E536b704f82cb435876B4907cb1F66c13,2,True
438,0,1,0xa07f5Ffd166Ca3Ff7567e96a0430F1496cdb470a,2,True
438,0,2,0x0C434B29b5D31d5E660B22FAAef885c740a9E581,2,True
437,0,0,0xB7E69971897d02972DaCf002A0C22ff12E510fBc,2,True
437,0,1,0xc8f7b747eefc216964E567C14Ec823d17D25C932,2,True
437,0,2,0xF035561dcE033DeD865E15E69dB06cfFC88d9213,2,True
437,0,3,0x45AB2a3cE2e2bB780396De68351e1497DD66E1e8,2,True
437,0,4,0x29df91960f940c6224346aD9268854a4376a6578,2,True
436,0,0,0x982f5698fEBb2b8d1B9a560228ABBCEAfBB11568,1,True
436,0,1,0xa07f5Ffd166Ca3Ff7567e96a0430F1496cdb470a,2,True
436,0,2,0xA64A17a51482F96A794C08fa3E61bB6260EEB2Ca,2,True
436,1,0,0xa07f5Ffd166Ca3Ff7567e96a0430F1496cdb470a,2,True
436,1,1,0x8DcA414776Ae8478c5E2141ECdD21f716A9010d9,1,True
436,1,2,0xA28258957A40AE479D8B1C620ec6E3E09334ec4b,1,True
436,1,3,0xA28258957A40AE479D8B1C620ec6E3E09334ec4b,1,True
436,1,4,0xa07f5Ffd166Ca3Ff7567e96a0430F1496cdb470a,2,True
436,1,5,0xA28258957A40AE479D8B1C620ec6E3E09334ec4b,1,True
436,1,6,0x33235Db0D76c26E6238EEb2cFd8B127A94202e5C,1,True
436,2,0,0xF865067A5B9672f11AF8514440D9111AfD05d040,2,True
436,2,1,0x33235Db0D76c26E6238EEb2cFd8B127A94202e5C,2,True
436,2,2,0xF865067A5B9672f11AF8514440D9111AfD05d040,2,True
436,2,3,0xA64A17a51482F96A794C08fa3E61bB6260EEB2Ca,2,True
436,2,4,0x48909739001FA130Ea554D45508714824C2467B5,2,True
436,2,5,0xe5DD78C224F26E306c84A9B1aa2DEF30bdf15835,2,True
436,2,6,0xF865067A5B9672f11AF8514440D9111AfD05d040,2,True
436,2,7,0x9bfDA54A453F503d487f2F32554dE73f03E24853,2,True
436,2,8,0xF035561dcE033DeD865E15E69dB06cfFC88d9213,2,True
436,2,9,0x982f5698fEBb2b8d1B9a560228ABBCEAfBB11568,1,True
436,2,10,0xa07f5Ffd166Ca3Ff7567e96a0430F1496cdb470a,2,True
436,2,11,0xA64A17a51482F96A794C08fa3E61bB6260EEB2Ca,2,True
436,2,12,0x4a2c5a0Af8b29cD5Fd8Eb1d02a83150A3ee10488,2,True
436,2,13,0x9bfDA54A453F503d487f2F32554dE73f03E24853,2,True
436,2,14,0xA64A17a51482F96A794C08fa3E61bB6260EEB2Ca,2,True
435,0,0,0x982f5698fEBb2b8d1B9a560228ABBCEAfBB11568,2,True
435,0,1,0xF035561dcE033DeD865E15E69dB06cfFC88d9213,2,True
435,0,2,0xa07f5Ffd166Ca3Ff7567e96a0430F1496cdb470a,2,True
434,0,0,0xa07f5Ffd166Ca3Ff7567e96a0430F1496cdb470a,2,True
434,0,1,0xa07f5Ffd166Ca3Ff7567e96a0430F1496cdb470a,2,True
434,0,2,0x33235Db0D76c26E6238EEb2cFd8B127A94202e5C,2,True
433,0,0,0x6F5f5d2A7D9b6EA028b8eFCeab2Ff221A27ab6e3,2,True
433,0,1,0xA64A17a51482F96A794C08fa3E61bB6260EEB2Ca,2,True
433,0,2,0x8DcA414776Ae8478c5E2141ECdD21f716A9010d9,2,True
432,0,0,0xC261717ecfc14943595570Ed34D11Aa85C9D2364,1,True
432,0,1,0xe4230c0E536b704f82cb435876B4907cb1F66c13,1,True
432,0,2,0xF035561dcE033DeD865E15E69dB06cfFC88d9213,1,True
431,0,0,0xa07f5Ffd166Ca3Ff7567e96a0430F1496cdb470a,2,True
431,0,1,0xA64A17a51482F96A794C08fa3E61bB6260EEB2Ca,2,True
431,0,2,0xf83f70E148bC6ff29bb627f97EB691F30268c7e3,2,True
430,0,0,0xF035561dcE033DeD865E15E69dB06cfFC88d9213,2,True
430,0,1,0x44F096E9190314Bc851eE8c75A9024F42b1E0043,2,True
430,0,2,0x982f5698fEBb2b8d1B9a560228ABBCEAfBB11568,1,True
429,0,0,0xf83f70E148bC6ff29bb627f97EB691F30268c7e3,2,True
429,0,1,0x982f5698fEBb2b8d1B9a560228ABBCEAfBB11568,2,True
429,0,2,0xA64A17a51482F96A794C08fa3E61bB6260EEB2Ca,2,True
428,0,0,0x9bfDA54A453F503d487f2F32554dE73f03E24853,2,True
428,0,1,0xe4230c0E536b704f82cb435876B4907cb1F66c13,2,True
428,0,2,0xA64A17a51482F96A794C08fa3E61bB6260EEB2Ca,2,True
427,0,0,0x9f1175193ABCc1060e3c7f940484d033A3bDCEF7,2,True
427,0,1,0xA64A17a51482F96A794C08fa3E61bB6260EEB2Ca,2,True
427,0,2,0xA64A17a51482F96A794C08fa3E61bB6260EEB2Ca,2,True
426,0,0,0x20862Da5CbDb46Aed6409F8987ffB828Aa981db8,2,True
426,0,1,0x0032dd3EcfF7B672A8E2C28FCAb1Aa1cC50F81f1,0,False
426,0,2,0xF035561dcE033DeD865E15E69dB06cfFC88d9213,2,True
425,0,0,0xa07f5Ffd166Ca3Ff7567e96a0430F1496cdb470a,2,True
425,0,1,0xEc3ccfaf0a160D5A09Fcd7578989F5a6B8cdc489,2,True
425,0,2,0xF035561dcE033DeD865E15E69dB06cfFC88d9213,2,True
424,0,0,0xC261717ecfc14943595570Ed34D11Aa85C9D2364,1,True
424,0,1,0xF035561dcE033DeD865E15E69dB06cfFC88d9213,1,True
424,0,2,0x0032dd3EcfF7B672A8E2C28FCAb1Aa1cC50F81f1,0,False
423,0,0,0x20862Da5CbDb46Aed6409F8987ffB828Aa981db8,2,True
423,0,1,0x9f1175193ABCc1060e3c7f940484d033A3bDCEF7,2,True
423,0,2,0xF865067A5B9672f11AF8514440D9111AfD05d040,2,True
422,0,0,0xa07f5Ffd166Ca3Ff7567e96a0430F1496cdb470a,2,True
422,0,1,0xa07f5Ffd166Ca3Ff7567e96a0430F1496cdb470a,2,True
422,0,2,0x4cb5E653404E1CA4eF4CEE496f3f677483508d66,0,False
421,0,0,0x29df91960f940c6224346aD9268854a4376a6578,2,True
421,0,1,0xF035561dcE033DeD865E15E69dB06cfFC88d9213,1,True
421,0,2,0x6F5f5d2A7D9b6EA028b8eFCeab2Ff221A27ab6e3,2,True
420,0,0,0xa07f5Ffd166Ca3Ff7567e96a0430F1496cdb470a,1,True
420,0,1,0x4cb5E653404E1CA4eF4CEE496f3f677483508d66,1,True
420,0,2,0x48909739001FA130Ea554D45508714824C2467B5,1,True
419,0,0,0x4cb5E653404E1CA4eF4CEE496f3f677483508d66,0,False
419,0,1,0xF865067A5B9672f11AF8514440D9111AfD05d040,0,False
419,0,2,0xe4230c0E536b704f82cb435876B4907cb1F66c13,2,True
418,0,0,0x6F5f5d2A7D9b6EA028b8eFCeab2Ff221A27ab6e3,2,True
418,0,1,0x6F5f5d2A7D9b6EA028b8eFCeab2Ff221A27ab6e3,2,True
418,0,2,0x6F5f5d2A7D9b6EA028b8eFCeab2Ff221A27ab6e3,2,True
417,0,0,0xC261717ecfc14943595570Ed34D11Aa85C9D2364,2,True
417,0,1,0x982f5698fEBb2b8d1B9a560228ABBCEAfBB11568,2,True
417,0,2,0x982f5698fEBb2b8d1B9a560228ABBCEAfBB11568,2,True
416,0,0,0x6F5f5d2A7D9b6EA028b8eFCeab2Ff221A27ab6e3,2,True
416,0,1,0x6F5f5d2A7D9b6EA028b8eFCeab2Ff221A27ab6e3,2,True
416,0,2,0xF035561dcE033DeD865E15E69dB06cfFC88d9213,2,True
415,0,0,0x6F5f5d2A7D9b6EA028b8eFCeab2Ff221A27ab6e3,1,True
415,0,1,0x0De8947c2ABd59C201e5EcE142bFCd22253BFC0d,1,True
415,0,2,0x49721D502266Fb9772Be25be1542a97b95fee721,2,True
414,0,0,0xC261717ecfc14943595570Ed34D11Aa85C9D2364,2,True
414,0,1,0xF035561dcE033DeD865E15E69dB06cfFC88d9213,2,True
414,0,2,0x6F5f5d2A7D9b6EA028b8eFCeab2Ff221A27ab6e3,2,True
413,0,0,0x4cb5E653404E1CA4eF4CEE496f3f677483508d66,2,True
413,0,1,0x4cb5E653404E1CA4eF4CEE496f3f677483508d66,2,True
413,0,2,0x982f5698fEBb2b8d1B9a560228ABBCEAfBB11568,2,True
412,0,0,0x3085F25455B821EeDCFf10433fee6723d34c2426,0,False
412,0,1,0xF865067A5B9672f11AF8514440D9111AfD05d040,2,True
412,0,2,0x4cb5E653404E1CA4eF4CEE496f3f677483508d66,2,True
411,0,0,0xA2c2152f38A914f5c52dc256b35C0F30Aa1B0720,1,True
411,0,1,0x3c9190Ec05FAA31C57F6145EA7092bcE4FC77A85,1,True
411,0,2,0x9aDDBAab4cEb0Dd829C6d8EA5aDe0962e1dE1A4b,1,True
411,0,3,0xE489605b17ccf0647325Fb92a63Df59d86e8612F,1,True
411,0,4,0xFa0D94498C117E6A470E46D87b6B47684C56b81F,1,True
411,0,5,0x0BBF9f25c863FdF19E645C96280004d24f43Cb38,1,True
411,0,6,0xC78EED7B6eF98fF11dd7f557C67AE0AbDd69227b,1,True
411,0,7,0xb841a0A64399e0c391629EDE0ad2cE6336351b33,1,True
411,0,8,0x6f0A3Cff9514Bae0B86Ac300E72a1B9986074B35,1,True
411,0,9,0xb841a0A64399e0c391629EDE0ad2cE6336351b33,1,True
411,0,10,0xb841a0A64399e0c391629EDE0ad2cE6336351b33,1,True
411,0,11,0xb841a0A64399e0c391629EDE0ad2cE6336351b33,1,True
411,0,12,0x3c9190Ec05FAA31C57F6145EA7092bcE4FC77A85,1,True
411,0,13,0xc639fAC53E86834C764b6D16304c33f850A91f1B,1,True
411,0,14,0x9aDDBAab4cEb0Dd829C6d8EA5aDe0962e1dE1A4b,1,True
411,0,15,0xb841a0A64399e0c391629EDE0ad2cE6336351b33,1,True
411,0,16,0x84D96968235A6A60d4F7BFAA77112bCF02e739ca,1,True
411,0,17,0x90334Dbb7Abe874cb4c3f985AAF0370686181502,1,True
411,0,18,0xE489605b17ccf0647325Fb92a63Df59d86e8612F,1,True
411,0,19,0xb841a0A64399e0c391629EDE0ad2cE6336351b33,1,True
411,0,20,0x17a85F0430705Bd4D8734E99CEB6d0D5A1B21e82,0,False
411,0,21,0xb841a0A64399e0c391629EDE0ad2cE6336351b33,1,True
411,0,22,0x4D2e661113913190aDB7198A852864923Fe2c823,1,True
411,0,23,0x9Fe686D6fAcBC5AE4433308B26e7c810ac43F3D4,1,True
411,0,24,0x8e471e644c71635471933f16E925326c68A30327,0,False
411,0,25,0x9c4bd591ef895D6c5Fd63e162e66E2419bA080f8,0,False
411,0,26,0x4D2e661113913190aDB7198A852864923Fe2c823,1,True
411,0,27,0xE489605b17ccf0647325Fb92a63Df59d86e8612F,1,True
411,0,28,0x4D2e661113913190aDB7198A852864923Fe2c823,1,True
411,0,29,0x3c9190Ec05FAA31C57F6145EA7092bcE4FC77A85,1,True
411,0,30,0x20862Da5CbDb46Aed6409F8987ffB828Aa981db8,1,True
410,0,0,0x3c9190Ec05FAA31C57F6145EA7092bcE4FC77A85,1,True
410,0,1,0x3c9190Ec05FAA31C57F6145EA7092bcE4FC77A85,1,True
410,0,2,0xb841a0A64399e0c391629EDE0ad2cE6336351b33,1,True
410,0,3,0xb841a0A64399e0c391629EDE0ad2cE6336351b33,1,True
410,0,4,0x8E49F971fE5B7EB3C05767f272f1b331ddF7459F,1,True
410,0,5,0x8e471e644c71635471933f16E925326c68A30327,0,False
410,0,6,0x89Eecf1A4c76d2ce8bDD0413d85989AbBEC46a5C,1,True
410,0,7,0xE76eB554a28e6cAB64E8abC749593A0620b5823b,0,False
410,0,8,0x739A8F2FdF4351592b702af11fa7A492B0f69FF8,0,False
410,0,9,0x3c9190Ec05FAA31C57F6145EA7092bcE4FC77A85,1,True
410,0,10,0xE489605b17ccf0647325Fb92a63Df59d86e8612F,1,True
410,0,11,0xb841a0A64399e0c391629EDE0ad2cE6336351b33,1,True
410,0,12,0x3c9190Ec05FAA31C57F6145EA7092bcE4FC77A85,1,True
410,0,13,0x739A8F2FdF4351592b702af11fa7A492B0f69FF8,0,False
410,0,14,0x3c9190Ec05FAA31C57F6145EA7092bcE4FC77A85,1,True
410,0,15,0xbDC5BD830a8ee51459b14f102C2A7C49628ADC88,1,True
410,0,16,0xb841a0A64399e0c391629EDE0ad2cE6336351b33,1,True
410,0,17,0x23652aB0B373ea18dC62bCa25673a874Fd2585D6,1,True
410,0,18,0x2E2Ea30Ba045Df4bC38e80cF11E119E12e06C1C2,2,True
410,0,19,0x84D96968235A6A60d4F7BFAA77112bCF02e739ca,1,True
410,0,20,0xE489605b17ccf0647325Fb92a63Df59d86e8612F,1,True
410,0,21,0xC78EED7B6eF98fF11dd7f557C67AE0AbDd69227b,1,True
410,0,22,0xb841a0A64399e0c391629EDE0ad2cE6336351b33,1,True
410,0,23,0xb841a0A64399e0c391629EDE0ad2cE6336351b33,1,True
410,0,24,0x739A8F2FdF4351592b702af11fa7A492B0f69FF8,0,False
410,0,25,0x3c9190Ec05FAA31C57F6145EA7092bcE4FC77A85,1,True
410,0,26,0x2E2Ea30Ba045Df4bC38e80cF11E119E12e06C1C2,2,True
410,0,27,0x8D6Ab8fc513E43d3829a44DCb82b1c33fd4Aca24,1,True
410,0,28,0x26406BD6C6B86EB5589107c9951ff4708Dbd0fFE,0,False
410,0,29,0x89Eecf1A4c76d2ce8bDD0413d85989AbBEC46a5C,1,True
410,0,30,0x2E2Ea30Ba045Df4bC38e80cF11E119E12e06C1C2,2,True
409,0,0,0xF035561dcE033DeD865E15E69dB06cfFC88d9213,2,True
409,0,1,0xF035561dcE033DeD865E15E69dB06cfFC88d9213,2,True
409,0,2,0xfA9E221a7aF006531a816E98792a3E4B22A01461,2,True
408,0,0,0x3085F25455B821EeDCFf10433fee6723d34c2426,2,True
408,0,1,0xa07f5Ffd166Ca3Ff7567e96a0430F1496cdb470a,2,True
408,0,2,0xA64A17a51482F96A794C08fa3E61bB6260EEB2Ca,2,True
408,1,0,0x4cb5E653404E1CA4eF4CEE496f3f677483508d66,2,True
408,1,1,0x4cb5E653404E1CA4eF4CEE496f3f677483508d66,2,True
408,1,2,0xBce3Bd1E1Cc867d6BE17924E4D53ae1cc147Dc7b,1,True
408,1,3,0xe4230c0E536b704f82cb435876B4907cb1F66c13,2,True
408,1,4,0x4cb5E653404E1CA4eF4CEE496f3f677483508d66,2,True
408,1,5,0x982f5698fEBb2b8d1B9a560228ABBCEAfBB11568,1,True
408,1,6,0xE8349f1DB09778a47fda6A89598a8dd24615Bb4b,2,True
407,0,0,0x4cb5E653404E1CA4eF4CEE496f3f677483508d66,2,True
407,0,1,0xE8349f1DB09778a47fda6A89598a8dd24615Bb4b,2,True
407,0,2,0xA311Ab5780aA036B71aAc2b71163fD03ec0DF59E,2,True
406,0,0,0x1D2F8a45fF6244f43079d116fe70c304B1D51D3f,1,True
406,0,1,0xb841a0A64399e0c391629EDE0ad2cE6336351b33,1,True
406,0,2,0xE489605b17ccf0647325Fb92a63Df59d86e8612F,1,True
406,0,3,0x17ca1a1e468b3458Fac04DEa3Ceca672424eE85F,0,False
406,0,4,0x3A10e4702A43663Ec7C77E40f8Ef08027b50906b,0,False
406,0,5,0x739A8F2FdF4351592b702af11fa7A492B0f69FF8,0,False
406,0,6,0xA2c2152f38A914f5c52dc256b35C0F30Aa1B0720,1,True
406,0,7,0x11B1785D9Ac81480c03210e89F1508c8c115888E,1,True
406,0,8,0x230c40fF3dD28910a959FE135342ce9E8250ED12,1,True
406,0,9,0xb841a0A64399e0c391629EDE0ad2cE6336351b33,1,True
406,0,10,0xE489605b17ccf0647325Fb92a63Df59d86e8612F,1,True
406,0,11,0xb841a0A64399e0c391629EDE0ad2cE6336351b33,1,True
406,0,12,0xf20CCBCf99e77b0b795d84792a3a080eC9CF0a59,0,False
406,0,13,0x20862Da5CbDb46Aed6409F8987ffB828Aa981db8,1,True
406,0,14,0xeBDCFbe61fC46014E61C9BCd2Cb643341aABb4De,0,False
406,0,15,0xC78EED7B6eF98fF11dd7f557C67AE0AbDd69227b,1,True
406,0,16,0x4D2e661113913190aDB7198A852864923Fe2c823,1,True
406,0,17,0x3c9190Ec05FAA31C57F6145EA7092bcE4FC77A85,1,True
406,0,18,0xF936179FB3341cF2A7B272cf6632482e42cc5386,1,True
406,0,19,0xeBDCFbe61fC46014E61C9BCd2Cb643341aABb4De,0,False
406,0,20,0x131975CA3E75259e60AFeb1cd34051A6804dA505,1,True
406,0,21,0xeBDCFbe61fC46014E61C9BCd2Cb643341aABb4De,0,False
406,0,22,0x3c9190Ec05FAA31C57F6145EA7092bcE4FC77A85,1,True
406,0,23,0x20862Da5CbDb46Aed6409F8987ffB828Aa981db8,1,True
406,0,24,0xb841a0A64399e0c391629EDE0ad2cE6336351b33,1,True
406,0,25,0xe4CDe93c6C614E896EEc9b327e785c041731A9b0,1,True
406,0,26,0x689A8B91C3C72e16034f4C45D9c936F25041Aa3b,1,True
406,0,27,0xb841a0A64399e0c391629EDE0ad2cE6336351b33,1,True
406,0,28,0xC78EED7B6eF98fF11dd7f557C67AE0AbDd69227b,1,True
406,0,29,0xE489605b17ccf0647325Fb92a63Df59d86e8612F,1,True
406,0,30,0xb841a0A64399e0c391629EDE0ad2cE6336351b33,1,True
405,0,0,0x48909739001FA130Ea554D45508714824C2467B5,2,True
405,0,1,0x48c49024E2885679D0c9Eb3d4d6e73f2542B5839,0,False
405,0,2,0x4cb5E653404E1CA4eF4CEE496f3f677483508d66,0,False
404,0,0,0x982f5698fEBb2b8d1B9a560228ABBCEAfBB11568,1,True
404,0,1,0xFAe184739fBAa9c796fd0a28e96AEE2A295567e4,2,True
404,0,2,0xA311Ab5780aA036B71aAc2b71163fD03ec0DF59E,2,True
403,0,0,0xF865067A5B9672f11AF8514440D9111AfD05d040,2,True
403,0,1,0x53446d0123f9D18CB1E96b6c2bdFecc38248CdB8,0,False
403,0,2,0x53446d0123f9D18CB1E96b6c2bdFecc38248CdB8,0,False
402,0,0,0x9f1175193ABCc1060e3c7f940484d033A3bDCEF7,2,True
402,0,1,0xfA9E221a7aF006531a816E98792a3E4B22A01461,2,True
402,0,2,0x4cb5E653404E1CA4eF4CEE496f3f677483508d66,2,True
401,0,0,0x4a2c5a0Af8b29cD5Fd8Eb1d02a83150A3ee10488,2,True
401,0,1,0x8DcA414776Ae8478c5E2141ECdD21f716A9010d9,1,True
401,0,2,0xF035561dcE033DeD865E15E69dB06cfFC88d9213,2,True
401,1,0,0xA64A17a51482F96A794C08fa3E61bB6260EEB2Ca,1,True
401,1,1,0x4cb5E653404E1CA4eF4CEE496f3f677483508d66,1,True
401,1,2,0x6a59b37bdE2D80878a019e824026E462192B7b66,0,False
401,1,3,0x9f1175193ABCc1060e3c7f940484d033A3bDCEF7,1,True
401,1,4,0x4cb5E653404E1CA4eF4CEE496f3f677483508d66,1,True
401,1,5,0x4cb5E653404E1CA4eF4CEE496f3f677483508d66,1,True
401,1,6,0x982f5698fEBb2b8d1B9a560228ABBCEAfBB11568,0,False
400,0,0,0xA64A17a51482F96A794C08fa3E61bB6260EEB2Ca,2,True
400,0,1,0x4cb5E653404E1CA4eF4CEE496f3f677483508d66,1,True
400,0,2,0x9bfDA54A453F503d487f2F32554dE73f03E24853,1,True
399,0,0,0xa1552A4ba8655065fa9F0697653d4AFc7F2359Fc,2,True
399,0,1,0x6F5f5d2A7D9b6EA028b8eFCeab2Ff221A27ab6e3,2,True
399,0,2,0xa1552A4ba8655065fa9F0697653d4AFc7F2359Fc,2,True
398,0,0,0x4cb5E653404E1CA4eF4CEE496f3f677483508d66,1,True
398,0,1,0xA311Ab5780aA036B71aAc2b71163fD03ec0DF59E,1,True
398,0,2,0xfA9E221a7aF006531a816E98792a3E4B22A01461,0,False
397,0,0,0xFAe184739fBAa9c796fd0a28e96AEE2A295567e4,0,False
397,0,1,0xA311Ab5780aA036B71aAc2b71163fD03ec0DF59E,2,True
397,0,2,0xa07f5Ffd166Ca3Ff7567e96a0430F1496cdb470a,2,True
396,0,0,0xA28258957A40AE479D8B1C620ec6E3E09334ec4b,2,True
396,0,1,0xA28258957A40AE479D8B1C620ec6E3E09334ec4b,2,True
396,0,2,0xe599435b865ceF666F304031f54DfA3fB2E1bAdF,2,True
396,0,3,0xe599435b865ceF666F304031f54DfA3fB2E1bAdF,2,True
396,0,4,0xA28258957A40AE479D8B1C620ec6E3E09334ec4b,2,True
395,0,0,0x4cb5E653404E1CA4eF4CEE496f3f677483508d66,2,True
395,0,1,0xa07f5Ffd166Ca3Ff7567e96a0430F1496cdb470a,2,True
395,0,2,0xFAe184739fBAa9c796fd0a28e96AEE2A295567e4,0,False
394,0,0,0xfA9E221a7aF006531a816E98792a3E4B22A01461,0,False
394,0,1,0x4cb5E653404E1CA4eF4CEE496f3f677483508d66,1,True
394,0,2,0xe4230c0E536b704f82cb435876B4907cb1F66c13,1,True
393,0,0,0xFAe184739fBAa9c796fd0a28e96AEE2A295567e4,0,False
393,0,1,0x4cb5E653404E1CA4eF4CEE496f3f677483508d66,2,True
393,0,2,0x8DcA414776Ae8478c5E2141ECdD21f716A9010d9,2,True
392,0,0,0x837c5F6d0E57bE3AF742570111852a96f2998394,2,True
392,0,1,0xF035561dcE033DeD865E15E69dB06cfFC88d9213,2,True
392,0,2,0xe4230c0E536b704f82cb435876B4907cb1F66c13,2,True
392,1,0,0x9bfDA54A453F503d487f2F32554dE73f03E24853,1,True
392,1,1,0x4a2c5a0Af8b29cD5Fd8Eb1d02a83150A3ee10488,2,True
392,1,2,0xf83f70E148bC6ff29bb627f97EB691F30268c7e3,2,True
392,1,3,0xa07f5Ffd166Ca3Ff7567e96a0430F1496cdb470a,2,True
392,1,4,0xFAe184739fBAa9c796fd0a28e96AEE2A295567e4,0,False
392,1,5,0xfA9E221a7aF006531a816E98792a3E4B22A01461,2,True
392,1,6,0x4cb5E653404E1CA4eF4CEE496f3f677483508d66,2,True
392,2,0,0x9bfDA54A453F503d487f2F32554dE73f03E24853,1,True
392,2,1,0x982f5698fEBb2b8d1B9a560228ABBCEAfBB11568,1,True
392,2,2,0xe4230c0E536b704f82cb435876B4907cb1F66c13,2,True
392,2,3,0x982f5698fEBb2b8d1B9a560228ABBCEAfBB11568,1,True
392,2,4,0xa07f5Ffd166Ca3Ff7567e96a0430F1496cdb470a,2,True
392,2,5,0xF865067A5B9672f11AF8514440D9111AfD05d040,2,True
392,2,6,0xA311Ab5780aA036B71aAc2b71163fD03ec0DF59E,1,True
392,2,7,0x982f5698fEBb2b8d1B9a560228ABBCEAfBB11568,1,True
392,2,8,0xF035561dcE033DeD865E15E69dB06cfFC88d9213,2,True
392,2,9,0x9bfDA54A453F503d487f2F32554dE73f03E24853,1,True
392,2,10,0xa07f5Ffd166Ca3Ff7567e96a0430F1496cdb470a,2,True
392,2,11,0xA311Ab5780aA036B71aAc2b71163fD03ec0DF59E,1,True
392,2,12,0xA64A17a51482F96A794C08fa3E61bB6260EEB2Ca,2,True
392,2,13,0x4cb5E653404E1CA4eF4CEE496f3f677483508d66,2,True
392,2,14,0xe5DD78C224F26E306c84A9B1aa2DEF30bdf15835,2,True
391,0,0,0xBce3Bd1E1Cc867d6BE17924E4D53ae1cc147Dc7b,2,True
391,0,1,0xfA9E221a7aF006531a816E98792a3E4B22A01461,2,True
391,0,2,0xFAe184739fBAa9c796fd0a28e96AEE2A295567e4,0,False
390,0,0,0xfA9E221a7aF006531a816E98792a3E4B22A01461,2,True
390,0,1,0xfA9E221a7aF006531a816E98792a3E4B22A01461,2,True
390,0,2,0x8DcA414776Ae8478c5E2141ECdD21f716A9010d9,1,True
390,1,0,0x945674691713d1E8d02832d20777B933036e49E1,1,True
390,1,1,0xA64A17a51482F96A794C08fa3E61bB6260EEB2Ca,2,True
390,1,2,0x10beFF1B93cB379C2D4C1848E7cAdf7df5b7d19a,0,False
390,1,3,0xe5DD78C224F26E306c84A9B1aa2DEF30bdf15835,2,True
390,1,4,0x982f5698fEBb2b8d1B9a560228ABBCEAfBB11568,1,True
390,1,5,0xAda910ccDA8E2eB20c42210fB1584f66C6Af45d3,0,False
390,1,6,0x8a7E71537839B390E837343EEd1b911700500eC5,0,False
389,0,0,0xf83f70E148bC6ff29bb627f97EB691F30268c7e3,2,True
389,0,1,0xfA9E221a7aF006531a816E98792a3E4B22A01461,2,True
389,0,2,0xF035561dcE033DeD865E15E69dB06cfFC88d9213,2,True
388,0,0,0xfA9E221a7aF006531a816E98792a3E4B22A01461,2,True
388,0,1,0xfA9E221a7aF006531a816E98792a3E4B22A01461,2,True
388,0,2,0xfA9E221a7aF006531a816E98792a3E4B22A01461,2,True
387,0,0,0x4cb5E653404E1CA4eF4CEE496f3f677483508d66,1,True
387,0,1,0xA311Ab5780aA036B71aAc2b71163fD03ec0DF59E,1,True
387,0,2,0xfA9E221a7aF006531a816E98792a3E4B22A01461,1,True
386,0,0,0xF865067A5B9672f11AF8514440D9111AfD05d040,2,True
386,0,1,0xA311Ab5780aA036B71aAc2b71163fD03ec0DF59E,2,True
386,0,2,0x4cb5E653404E1CA4eF4CEE496f3f677483508d66,2,True
385,0,0,0x4cb5E653404E1CA4eF4CEE496f3f677483508d66,1,True
385,0,1,0x4cb5E653404E1CA4eF4CEE496f3f677483508d66,1,True
385,0,2,0xe4230c0E536b704f82cb435876B4907cb1F66c13,1,True
385,1,0,0xa07f5Ffd166Ca3Ff7567e96a0430F1496cdb470a,2,True
385,1,1,0xFAe184739fBAa9c796fd0a28e96AEE2A295567e4,2,True
385,1,2,0x4cb5E653404E1CA4eF4CEE496f3f677483508d66,0,False
385,1,3,0x4cb5E653404E1CA4eF4CEE496f3f677483508d66,0,False
385,1,4,0xa07f5Ffd166Ca3Ff7567e96a0430F1496cdb470a,2,True
385,1,5,0xF035561dcE033DeD865E15E69dB06cfFC88d9213,2,True
385,1,6,0x9f1175193ABCc1060e3c7f940484d033A3bDCEF7,1,True
385,2,0,0x3085F25455B821EeDCFf10433fee6723d34c2426,1,True
385,2,1,0xe4230c0E536b704f82cb435876B4907cb1F66c13,2,True
385,2,2,0x9bfDA54A453F503d487f2F32554dE73f03E24853,2,True
385,2,3,0x9f1175193ABCc1060e3c7f940484d033A3bDCEF7,1,True
385,2,4,0xe4230c0E536b704f82cb435876B4907cb1F66c13,2,True
385,2,5,0x3085F25455B821EeDCFf10433fee6723d34c2426,1,True
385,2,6,0xe5DD78C224F26E306c84A9B1aa2DEF30bdf15835,1,True
385,2,7,0x4a2c5a0Af8b29cD5Fd8Eb1d02a83150A3ee10488,2,True
385,2,8,0x4cb5E653404E1CA4eF4CEE496f3f677483508d66,1,True
385,2,9,0xe5DD78C224F26E306c84A9B1aa2DEF30bdf15835,1,True
385,2,10,0xa07f5Ffd166Ca3Ff7567e96a0430F1496cdb470a,2,True
385,2,11,0x982f5698fEBb2b8d1B9a560228ABBCEAfBB11568,2,True
385,2,12,0xa07f5Ffd166Ca3Ff7567e96a0430F1496cdb470a,2,True
385,2,13,0xF035561dcE033DeD865E15E69dB06cfFC88d9213,2,True
385,2,14,0xBce3Bd1E1Cc867d6BE17924E4D53ae1cc147Dc7b,2,True
385,3,0,0x21d05071cA08593e13cd3aFD0b4869537e015C92,2,True
385,3,1,0x4cb5E653404E1CA4eF4CEE496f3f677483508d66,1,True
385,3,2,0xF035561dcE033DeD865E15E69dB06cfFC88d9213,2,True
385,3,3,0xe4230c0E536b704f82cb435876B4907cb1F66c13,2,True
385,3,4,0x4a2c5a0Af8b29cD5Fd8Eb1d02a83150A3ee10488,2,True
385,3,5,0xC0B53221A7dbcbcE68441C26ea4DA73266D6bc20,0,False
385,3,6,0xda8C5db86aa21547d55625b695A0351FCd561fD2,2,True
385,3,7,0xF865067A5B9672f11AF8514440D9111AfD05d040,1,True
385,3,8,0x9f1175193ABCc1060e3c7f940484d033A3bDCEF7,1,True
385,3,9,0xA64A17a51482F96A794C08fa3E61bB6260EEB2Ca,2,True
385,3,10,0xF035561dcE033DeD865E15E69dB06cfFC88d9213,2,True
385,3,11,0x4a2c5a0Af8b29cD5Fd8Eb1d02a83150A3ee10488,2,True
385,3,12,0xe4230c0E536b704f82cb435876B4907cb1F66c13,2,True
385,3,13,0xF035561dcE033DeD865E15E69dB06cfFC88d9213,2,True
385,3,14,0x9f1175193ABCc1060e3c7f940484d033A3bDCEF7,1,True
385,3,15,0x4cb5E653404E1CA4eF4CEE496f3f677483508d66,1,True
385,3,16,0xF035561dcE033DeD865E15E69dB06cfFC88d9213,2,True
385,3,17,0x3085F25455B821EeDCFf10433fee6723d34c2426,1,True
385,3,18,0x9bfDA54A453F503d487f2F32554dE73f03E24853,2,True
385,3,19,0x0855f08E143E1db081cC3c571F40787dcFb69b9d,2,True
385,3,20,0xa07f5Ffd166Ca3Ff7567e96a0430F1496cdb470a,2,True
385,3,21,0xe4230c0E536b704f82cb435876B4907cb1F66c13,2,True
385,3,22,0x4a2c5a0Af8b29cD5Fd8Eb1d02a83150A3ee10488,2,True
385,3,23,0x4cb5E653404E1CA4eF4CEE496f3f677483508d66,1,True
385,3,24,0x21d05071cA08593e13cd3aFD0b4869537e015C92,2,True
385,3,25,0xe4230c0E536b704f82cb435876B4907cb1F66c13,2,True
385,3,26,0x837c5F6d0E57bE3AF742570111852a96f2998394,0,False
385,3,27,0x4cb5E653404E1CA4eF4CEE496f3f677483508d66,1,True
385,3,28,0x982f5698fEBb2b8d1B9a560228ABBCEAfBB11568,2,True
385,3,29,0xBce3Bd1E1Cc867d6BE17924E4D53ae1cc147Dc7b,2,True
385,3,30,0xe4230c0E536b704f82cb435876B4907cb1F66c13,2,True
384,0,0,0xF035561dcE033DeD865E15E69dB06cfFC88d9213,2,True
384,0,1,0xB2a85dA2Ecc3fFB4d3a730E119D8cAB5743096FC,2,True
384,0,2,0xe4230c0E536b704f82cb435876B4907cb1F66c13,2,True
383,0,0,0xFAe184739fBAa9c796fd0a28e96AEE2A295567e4,2,True
383,0,1,0x4cb5E653404E1CA4eF4CEE496f3f677483508d66,2,True
383,0,2,0xe4230c0E536b704f82cb435876B4907cb1F66c13,2,True
382,0,0,0xa1552A4ba8655065fa9F0697653d4AFc7F2359Fc,2,True
382,0,1,0xe4230c0E536b704f82cb435876B4907cb1F66c13,2,True
382,0,2,0xEc3ccfaf0a160D5A09Fcd7578989F5a6B8cdc489,2,True
382,0,3,0xF035561dcE033DeD865E15E69dB06cfFC88d9213,2,True
382,0,4,0xC261717ecfc14943595570Ed34D11Aa85C9D2364,2,True
381,0,0,0xe4230c0E536b704f82cb435876B4907cb1F66c13,1,True
381,0,1,0x982f5698fEBb2b8d1B9a560228ABBCEAfBB11568,1,True
381,0,2,0x9f1175193ABCc1060e3c7f940484d033A3bDCEF7,2,True
381,1,0,0x4cb5E653404E1CA4eF4CEE496f3f677483508d66,2,True
381,1,1,0x4cb5E653404E1CA4eF4CEE496f3f677483508d66,2,True
381,1,2,0x3085F25455B821EeDCFf10433fee6723d34c2426,2,True
381,1,3,0x21aF5166e41Dc3371D062131af9D6A25e0F5c7d1,0,False
381,1,4,0x4cb5E653404E1CA4eF4CEE496f3f677483508d66,2,True
381,1,5,0xe4230c0E536b704f82cb435876B4907cb1F66c13,2,True
381,1,6,0xfA9E221a7aF006531a816E98792a3E4B22A01461,0,False
380,0,0,0x982f5698fEBb2b8d1B9a560228ABBCEAfBB11568,1,True
380,0,1,0x4cb5E653404E1CA4eF4CEE496f3f677483508d66,1,True
380,0,2,0xe4230c0E536b704f82cb435876B4907cb1F66c13,1,True
379,0,0,0x4cb5E653404E1CA4eF4CEE496f3f677483508d66,1,True
379,0,1,0xFAe184739fBAa9c796fd0a28e96AEE2A295567e4,0,False
379,0,2,0xe4230c0E536b704f82cb435876B4907cb1F66c13,1,True
378,0,0,0x06F65D5e97b796E47263110F305d005b2733CD1a,1,True
378,0,1,0xe4230c0E536b704f82cb435876B4907cb1F66c13,1,True
378,0,2,0xE8349f1DB09778a47fda6A89598a8dd24615Bb4b,1,True
377,0,0,0xF865067A5B9672f11AF8514440D9111AfD05d040,2,True
377,0,1,0x4cb5E653404E1CA4eF4CEE496f3f677483508d66,2,True
377,0,2,0x3085F25455B821EeDCFf10433fee6723d34c2426,1,True
376,0,0,0xe4230c0E536b704f82cb435876B4907cb1F66c13,2,True
376,0,1,0x3085F25455B821EeDCFf10433fee6723d34c2426,2,True
376,0,2,0x4cb5E653404E1CA4eF4CEE496f3f677483508d66,2,True
375,0,0,0xbDd7d0D0ff36A9F333846D4a149C86b51E3407Ae,2,True
375,0,1,0xbDd7d0D0ff36A9F333846D4a149C86b51E3407Ae,2,True
375,0,2,0xe5DD78C224F26E306c84A9B1aa2DEF30bdf15835,1,True
374,0,0,0xa1552A4ba8655065fa9F0697653d4AFc7F2359Fc,1,True
374,0,1,0xe4230c0E536b704f82cb435876B4907cb1F66c13,1,True
374,0,2,0xa1552A4ba8655065fa9F0697653d4AFc7F2359Fc,1,True
373,0,0,0xF035561dcE033DeD865E15E69dB06cfFC88d9213,1,True
373,0,1,0xC261717ecfc14943595570Ed34D11Aa85C9D2364,1,True
373,0,2,0xF035561dcE033DeD865E15E69dB06cfFC88d9213,1,True
372,0,0,0xf936B0f5B5A9aF020801A6ee021fF0cF72028d38,2,True
372,0,1,0xf936B0f5B5A9aF020801A6ee021fF0cF72028d38,2,True
372,0,2,0xa07f5Ffd166Ca3Ff7567e96a0430F1496cdb470a,2,True
371,0,0,0xf83f70E148bC6ff29bb627f97EB691F30268c7e3,1,True
371,0,1,0xbDd7d0D0ff36A9F333846D4a149C86b51E3407Ae,1,True
371,0,2,0xF035561dcE033DeD865E15E69dB06cfFC88d9213,1,True
370,0,0,0xa07f5Ffd166Ca3Ff7567e96a0430F1496cdb470a,2,True
370,0,1,0xa07f5Ffd166Ca3Ff7567e96a0430F1496cdb470a,2,True
370,0,2,0x8DcA414776Ae8478c5E2141ECdD21f716A9010d9,2,True
369,0,0,0xF035561dcE033DeD865E15E69dB06cfFC88d9213,2,True
369,0,1,0xa07f5Ffd166Ca3Ff7567e96a0430F1496cdb470a,2,True
369,0,2,0xa07f5Ffd166Ca3Ff7567e96a0430F1496cdb470a,2,True
368,0,0,0xA311Ab5780aA036B71aAc2b71163fD03ec0DF59E,1,True
368,0,1,0xC261717ecfc14943595570Ed34D11Aa85C9D2364,2,True
368,0,2,0x4920a95670B6282951813a94D9066A730D315df3,1,True
367,0,0,0xf936B0f5B5A9aF020801A6ee021fF0cF72028d38,2,True
367,0,1,0x27283140E9Eb6a98Bd1bAbE7e0cDa82eC6374088,1,True
367,0,2,0x9f1175193ABCc1060e3c7f940484d033A3bDCEF7,2,True
366,0,0,0x3b247Ce9390E4AB3FaCbBB2f4590a82B6C7dDb40,2,True
366,0,1,0xF035561dcE033DeD865E15E69dB06cfFC88d9213,2,True
366,0,2,0xA311Ab5780aA036B71aAc2b71163fD03ec0DF59E,2,True
365,0,0,0x0032dd3EcfF7B672A8E2C28FCAb1Aa1cC50F81f1,2,True
365,0,1,0xaeaD6593710Bf28bF4848b24F4ed1F130773d7E6,2,True
365,0,2,0xa07f5Ffd166Ca3Ff7567e96a0430F1496cdb470a,2,True
364,0,0,0x9bfDA54A453F503d487f2F32554dE73f03E24853,2,True
364,0,1,0x50C3eAD85c299D7c2b78ee9646880D0FFED9d2a8,1,True
364,0,2,0xf936B0f5B5A9aF020801A6ee021fF0cF72028d38,2,True
364,1,0,0xf936B0f5B5A9aF020801A6ee021fF0cF72028d38,2,True
364,1,1,0x9b70502efAaF3470F62ca3A27F7EaB37942f4E80,2,True
364,1,2,0xa07f5Ffd166Ca3Ff7567e96a0430F1496cdb470a,1,True
364,1,3,0x9bfDA54A453F503d487f2F32554dE73f03E24853,2,True
364,1,4,0xf936B0f5B5A9aF020801A6ee021fF0cF72028d38,2,True
364,1,5,0x6F5f5d2A7D9b6EA028b8eFCeab2Ff221A27ab6e3,2,True
364,1,6,0xbDd7d0D0ff36A9F333846D4a149C86b51E3407Ae,2,True
364,2,0,0xF035561dcE033DeD865E15E69dB06cfFC88d9213,2,True
364,2,1,0xa07f5Ffd166Ca3Ff7567e96a0430F1496cdb470a,1,True
364,2,2,0xa07f5Ffd166Ca3Ff7567e96a0430F1496cdb470a,1,True
364,2,3,0x42c1Bd0d85F6A3b04E80FAde8be68B406f36D1B3,1,True
364,2,4,0xA8BaE0Ae470BF98B017c522C985ED1F7b2a1D0E1,1,True
364,2,5,0xF035561dcE033DeD865E15E69dB06cfFC88d9213,2,True
364,2,6,0xC0B53221A7dbcbcE68441C26ea4DA73266D6bc20,2,True
364,2,7,0xa07f5Ffd166Ca3Ff7567e96a0430F1496cdb470a,1,True
364,2,8,0xbDd7d0D0ff36A9F333846D4a149C86b51E3407Ae,2,True
364,2,9,0xf936B0f5B5A9aF020801A6ee021fF0cF72028d38,2,True
364,2,10,0xf936B0f5B5A9aF020801A6ee021fF0cF72028d38,2,True
364,2,11,0xF035561dcE033DeD865E15E69dB06cfFC88d9213,2,True
364,2,12,0x9B56f0341Da0139bE0D337A664dC78b7A57C482b,0,False
364,2,13,0x06F65D5e97b796E47263110F305d005b2733CD1a,1,True
364,2,14,0xbDd7d0D0ff36A9F333846D4a149C86b51E3407Ae,2,True
363,0,0,0xa07f5Ffd166Ca3Ff7567e96a0430F1496cdb470a,1,True
363,0,1,0x3085F25455B821EeDCFf10433fee6723d34c2426,1,True
363,0,2,0xF035561dcE033DeD865E15E69dB06cfFC88d9213,1,True
362,0,0,0x0C434B29b5D31d5E660B22FAAef885c740a9E581,1,True
362,0,1,0x0C434B29b5D31d5E660B22FAAef885c740a9E581,1,True
362,0,2,0xaB6AFA507adFac8A2c22C85716CB74156c897D4B,2,True
362,1,0,0xe5DD78C224F26E306c84A9B1aa2DEF30bdf15835,1,True
362,1,1,0xf936B0f5B5A9aF020801A6ee021fF0cF72028d38,1,True
362,1,2,0x0C434B29b5D31d5E660B22FAAef885c740a9E581,0,False
362,1,3,0x0C434B29b5D31d5E660B22FAAef885c740a9E581,0,False
362,1,4,0x6996C784cdA7a2841C3a6F579C896477586A1D9A,2,True
362,1,5,0xbDd7d0D0ff36A9F333846D4a149C86b51E3407Ae,1,True
362,1,6,0x9f1175193ABCc1060e3c7f940484d033A3bDCEF7,1,True
362,2,0,0xa07f5Ffd166Ca3Ff7567e96a0430F1496cdb470a,2,True
362,2,1,0xbDd7d0D0ff36A9F333846D4a149C86b51E3407Ae,1,True
362,2,2,0xFAe184739fBAa9c796fd0a28e96AEE2A295567e4,1,True
362,2,3,0xC0B53221A7dbcbcE68441C26ea4DA73266D6bc20,2,True
362,2,4,0x6F5f5d2A7D9b6EA028b8eFCeab2Ff221A27ab6e3,2,True
362,2,5,0x9f1175193ABCc1060e3c7f940484d033A3bDCEF7,1,True
362,2,6,0x9f1175193ABCc1060e3c7f940484d033A3bDCEF7,1,True
362,2,7,0xF035561dcE033DeD865E15E69dB06cfFC88d9213,2,True
362,2,8,0x6F5f5d2A7D9b6EA028b8eFCeab2Ff221A27ab6e3,2,True
362,2,9,0xbDd7d0D0ff36A9F333846D4a149C86b51E3407Ae,1,True
362,2,10,0xe5DD78C224F26E306c84A9B1aa2DEF30bdf15835,1,True
362,2,11,0x6F5f5d2A7D9b6EA028b8eFCeab2Ff221A27ab6e3,2,True
362,2,12,0xbDd7d0D0ff36A9F333846D4a149C86b51E3407Ae,1,True
362,2,13,0xf936B0f5B5A9aF020801A6ee021fF0cF72028d38,1,True
362,2,14,0xaB6AFA507adFac8A2c22C85716CB74156c897D4B,2,True
362,3,0,0xbDd7d0D0ff36A9F333846D4a149C86b51E3407Ae,1,True
362,3,1,0x6F5f5d2A7D9b6EA028b8eFCeab2Ff221A27ab6e3,1,True
362,3,2,0x982f5698fEBb2b8d1B9a560228ABBCEAfBB11568,1,True
362,3,3,0x4cb5E653404E1CA4eF4CEE496f3f677483508d66,1,True
362,3,4,0x3085F25455B821EeDCFf10433fee6723d34c2426,1,True
362,3,5,0xa07f5Ffd166Ca3Ff7567e96a0430F1496cdb470a,2,True
362,3,6,0xaB6AFA507adFac8A2c22C85716CB74156c897D4B,2,True
362,3,7,0xA311Ab5780aA036B71aAc2b71163fD03ec0DF59E,1,True
362,3,8,0xf83f70E148bC6ff29bb627f97EB691F30268c7e3,1,True
362,3,9,0xa07f5Ffd166Ca3Ff7567e96a0430F1496cdb470a,2,True
362,3,10,0x982f5698fEBb2b8d1B9a560228ABBCEAfBB11568,1,True
362,3,11,0xF865067A5B9672f11AF8514440D9111AfD05d040,1,True
362,3,12,0x3085F25455B821EeDCFf10433fee6723d34c2426,1,True
362,3,13,0x4cb5E653404E1CA4eF4CEE496f3f677483508d66,1,True
362,3,14,0xfA9E221a7aF006531a816E98792a3E4B22A01461,1,True
362,3,15,0xe4230c0E536b704f82cb435876B4907cb1F66c13,1,True
362,3,16,0x4cb5E653404E1CA4eF4CEE496f3f677483508d66,1,True
362,3,17,0xA311Ab5780aA036B71aAc2b71163fD03ec0DF59E,1,True
362,3,18,0xF035561dcE033DeD865E15E69dB06cfFC88d9213,2,True
362,3,19,0x42c1Bd0d85F6A3b04E80FAde8be68B406f36D1B3,1,True
362,3,20,0x3085F25455B821EeDCFf10433fee6723d34c2426,1,True
362,3,21,0xa07f5Ffd166Ca3Ff7567e96a0430F1496cdb470a,2,True
362,3,22,0xfA9E221a7aF006531a816E98792a3E4B22A01461,1,True
362,3,23,0xa07f5Ffd166Ca3Ff7567e96a0430F1496cdb470a,2,True
362,3,24,0xaB6AFA507adFac8A2c22C85716CB74156c897D4B,2,True
362,3,25,0x982f5698fEBb2b8d1B9a560228ABBCEAfBB11568,1,True
362,3,26,0x9bfDA54A453F503d487f2F32554dE73f03E24853,2,True
362,3,27,0xfA9E221a7aF006531a816E98792a3E4B22A01461,1,True
362,3,28,0xa07f5Ffd166Ca3Ff7567e96a0430F1496cdb470a,2,True
362,3,29,0xfA9E221a7aF006531a816E98792a3E4B22A01461,1,True
362,3,30,0x3085F25455B821EeDCFf10433fee6723d34c2426,1,True
361,0,0,0xbDd7d0D0ff36A9F333846D4a149C86b51E3407Ae,2,True
361,0,1,0x4cb5E653404E1CA4eF4CEE496f3f677483508d66,0,False
361,0,2,0x4CD6F476C7CDD6eF76BefFFB44ff4E410d9c7Fd2,2,True
360,0,0,0x6F5f5d2A7D9b6EA028b8eFCeab2Ff221A27ab6e3,2,True
360,0,1,0xa07f5Ffd166Ca3Ff7567e96a0430F1496cdb470a,2,True
360,0,2,0xf83f70E148bC6ff29bb627f97EB691F30268c7e3,2,True
360,1,0,0x9f1175193ABCc1060e3c7f940484d033A3bDCEF7,1,True
360,1,1,0xe4230c0E536b704f82cb435876B4907cb1F66c13,2,True
360,1,2,0x9f1175193ABCc1060e3c7f940484d033A3bDCEF7,1,True
360,1,3,0xf936B0f5B5A9aF020801A6ee021fF0cF72028d38,1,True
360,1,4,0xA8BaE0Ae470BF98B017c522C985ED1F7b2a1D0E1,2,True
360,1,5,0xf936B0f5B5A9aF020801A6ee021fF0cF72028d38,1,True
360,1,6,0xa07f5Ffd166Ca3Ff7567e96a0430F1496cdb470a,2,True
360,2,0,0xbDd7d0D0ff36A9F333846D4a149C86b51E3407Ae,2,True
360,2,1,0xa07f5Ffd166Ca3Ff7567e96a0430F1496cdb470a,2,True
360,2,2,0xbDd7d0D0ff36A9F333846D4a149C86b51E3407Ae,2,True
360,2,3,0x6F5f5d2A7D9b6EA028b8eFCeab2Ff221A27ab6e3,0,False
360,2,4,0xbDd7d0D0ff36A9F333846D4a149C86b51E3407Ae,2,True
360,2,5,0xF035561dcE033DeD865E15E69dB06cfFC88d9213,2,True
360,2,6,0x9f1175193ABCc1060e3c7f940484d033A3bDCEF7,1,True
360,2,7,0x6F5f5d2A7D9b6EA028b8eFCeab2Ff221A27ab6e3,0,False
360,2,8,0x8DcA414776Ae8478c5E2141ECdD21f716A9010d9,1,True
360,2,9,0xa07f5Ffd166Ca3Ff7567e96a0430F1496cdb470a,2,True
360,2,10,0x24D55b7da98A675BCe37bC89909b5F73A568a1d5,2,True
360,2,11,0xF035561dcE033DeD865E15E69dB06cfFC88d9213,2,True
360,2,12,0x3085F25455B821EeDCFf10433fee6723d34c2426,2,True
360,2,13,0x06F65D5e97b796E47263110F305d005b2733CD1a,2,True
360,2,14,0xa07f5Ffd166Ca3Ff7567e96a0430F1496cdb470a,2,True
360,3,0,0xe4230c0E536b704f82cb435876B4907cb1F66c13,2,True
360,3,1,0xf936B0f5B5A9aF020801A6ee021fF0cF72028d38,1,True
360,3,2,0x6F5f5d2A7D9b6EA028b8eFCeab2Ff221A27ab6e3,1,True
360,3,3,0xf936B0f5B5A9aF020801A6ee021fF0cF72028d38,1,True
360,3,4,0xf83f70E148bC6ff29bb627f97EB691F30268c7e3,2,True
360,3,5,0xe4230c0E536b704f82cb435876B4907cb1F66c13,2,True
360,3,6,0xa07f5Ffd166Ca3Ff7567e96a0430F1496cdb470a,2,True
360,3,7,0xbDd7d0D0ff36A9F333846D4a149C86b51E3407Ae,1,True
360,3,8,0x9B56f0341Da0139bE0D337A664dC78b7A57C482b,0,False
360,3,9,0xbDd7d0D0ff36A9F333846D4a149C86b51E3407Ae,1,True
360,3,10,0x25EC0F42F9F73E3c8563300Fe75A5C4b8160B5e7,2,True
360,3,11,0xbDd7d0D0ff36A9F333846D4a149C86b51E3407Ae,1,True
360,3,12,0xf936B0f5B5A9aF020801A6ee021fF0cF72028d38,1,True
360,3,13,0xF865067A5B9672f11AF8514440D9111AfD05d040,1,True
360,3,14,0xf936B0f5B5A9aF020801A6ee021fF0cF72028d38,1,True
360,3,15,0xa07f5Ffd166Ca3Ff7567e96a0430F1496cdb470a,2,True
360,3,16,0xe4230c0E536b704f82cb435876B4907cb1F66c13,2,True
360,3,17,0xf936B0f5B5A9aF020801A6ee021fF0cF72028d38,1,True
360,3,18,0xa07f5Ffd166Ca3Ff7567e96a0430F1496cdb470a,2,True
360,3,19,0xf936B0f5B5A9aF020801A6ee021fF0cF72028d38,1,True
360,3,20,0xf936B0f5B5A9aF020801A6ee021fF0cF72028d38,1,True
360,3,21,0xE8349f1DB09778a47fda6A89598a8dd24615Bb4b,1,True
360,3,22,0x982f5698fEBb2b8d1B9a560228ABBCEAfBB11568,1,True
360,3,23,0x9f1175193ABCc1060e3c7f940484d033A3bDCEF7,1,True
360,3,24,0x837c5F6d0E57bE3AF742570111852a96f2998394,2,True
360,3,25,0x8DcA414776Ae8478c5E2141ECdD21f716A9010d9,1,True
360,3,26,0xbDd7d0D0ff36A9F333846D4a149C86b51E3407Ae,1,True
360,3,27,0x9f1175193ABCc1060e3c7f940484d033A3bDCEF7,1,True
360,3,28,0x982f5698fEBb2b8d1B9a560228ABBCEAfBB11568,1,True
360,3,29,0xbDd7d0D0ff36A9F333846D4a149C86b51E3407Ae,1,True
360,3,30,0x9b70502efAaF3470F62ca3A27F7EaB37942f4E80,2,True
359,0,0,0x3b247Ce9390E4AB3FaCbBB2f4590a82B6C7dDb40,1,True
359,0,1,0xF035561dcE033DeD865E15E69dB06cfFC88d9213,2,True
359,0,2,0xFAe184739fBAa9c796fd0a28e96AEE2A295567e4,1,True
358,0,0,0x3b247Ce9390E4AB3FaCbBB2f4590a82B6C7dDb40,1,True
358,0,1,0xA311Ab5780aA036B71aAc2b71163fD03ec0DF59E,1,True
358,0,2,0x48909739001FA130Ea554D45508714824C2467B5,1,True
357,0,0,0xe4230c0E536b704f82cb435876B4907cb1F66c13,2,True
357,0,1,0xe4230c0E536b704f82cb435876B4907cb1F66c13,2,True
357,0,2,0xc8f7b747eefc216964E567C14Ec823d17D25C932,2,True
356,0,0,0x48909739001FA130Ea554D45508714824C2467B5,2,True
356,0,1,0xe4230c0E536b704f82cb435876B4907cb1F66c13,2,True
356,0,2,0xe4230c0E536b704f82cb435876B4907cb1F66c13,2,True
355,0,0,0xaeaD6593710Bf28bF4848b24F4ed1F130773d7E6,2,True
355,0,1,0x4920a95670B6282951813a94D9066A730D315df3,2,True
355,0,2,0xe4230c0E536b704f82cb435876B4907cb1F66c13,2,True
354,0,0,0xA311Ab5780aA036B71aAc2b71163fD03ec0DF59E,0,False
354,0,1,0x3b247Ce9390E4AB3FaCbBB2f4590a82B6C7dDb40,0,False
354,0,2,0x3b247Ce9390E4AB3FaCbBB2f4590a82B6C7dDb40,0,False
354,1,0,0xe4230c0E536b704f82cb435876B4907cb1F66c13,2,True
354,1,1,0xa07f5Ffd166Ca3Ff7567e96a0430F1496cdb470a,2,True
354,1,2,0x3b247Ce9390E4AB3FaCbBB2f4590a82B6C7dDb40,2,True
354,1,3,0xC261717ecfc14943595570Ed34D11Aa85C9D2364,2,True
354,1,4,0xEc3ccfaf0a160D5A09Fcd7578989F5a6B8cdc489,2,True
354,1,5,0xFAe184739fBAa9c796fd0a28e96AEE2A295567e4,0,False
354,1,6,0x4920a95670B6282951813a94D9066A730D315df3,2,True
353,0,0,0x4a2c5a0Af8b29cD5Fd8Eb1d02a83150A3ee10488,0,False
353,0,1,0xF035561dcE033DeD865E15E69dB06cfFC88d9213,2,True
353,0,2,0xe4230c0E536b704f82cb435876B4907cb1F66c13,2,True
352,0,0,0x3b247Ce9390E4AB3FaCbBB2f4590a82B6C7dDb40,0,False
352,0,1,0x45AB2a3cE2e2bB780396De68351e1497DD66E1e8,0,False
352,0,2,0x3b247Ce9390E4AB3FaCbBB2f4590a82B6C7dDb40,0,False
352,1,0,0xa07f5Ffd166Ca3Ff7567e96a0430F1496cdb470a,2,True
352,1,1,0xc8f7b747eefc216964E567C14Ec823d17D25C932,2,True
352,1,2,0x48909739001FA130Ea554D45508714824C2467B5,2,True
352,1,3,0xaeaD6593710Bf28bF4848b24F4ed1F130773d7E6,2,True
352,1,4,0x8b26c150F0e4870511d142a5636d7E529a2CBbbf,1,True
352,1,5,0xe4230c0E536b704f82cb435876B4907cb1F66c13,2,True
352,1,6,0xF035561dcE033DeD865E15E69dB06cfFC88d9213,2,True
352,2,0,0x29df91960f940c6224346aD9268854a4376a6578,2,True
352,2,1,0xaeaD6593710Bf28bF4848b24F4ed1F130773d7E6,2,True
352,2,2,0xEc3ccfaf0a160D5A09Fcd7578989F5a6B8cdc489,2,True
352,2,3,0xe4230c0E536b704f82cb435876B4907cb1F66c13,2,True
352,2,4,0x29df91960f940c6224346aD9268854a4376a6578,2,True
352,2,5,0x96Affd75859Ce03949810fb30b910B20d51ad40d,0,False
352,2,6,0x6F5f5d2A7D9b6EA028b8eFCeab2Ff221A27ab6e3,2,True
352,2,7,0xF035561dcE033DeD865E15E69dB06cfFC88d9213,2,True
352,2,8,0xF035561dcE033DeD865E15E69dB06cfFC88d9213,2,True
352,2,9,0x29df91960f940c6224346aD9268854a4376a6578,2,True
352,2,10,0xda8C5db86aa21547d55625b695A0351FCd561fD2,2,True
352,2,11,0x39d94eD8102740E8Fad63E55473a466Aa20e0983,0,False
352,2,12,0xda8C5db86aa21547d55625b695A0351FCd561fD2,2,True
352,2,13,0xFAe184739fBAa9c796fd0a28e96AEE2A295567e4,2,True
352,2,14,0xAC33D4635f526337A67C055010D1dC68141a5BED,2,True
351,0,0,0x4920a95670B6282951813a94D9066A730D315df3,0,False
351,0,1,0x3b247Ce9390E4AB3FaCbBB2f4590a82B6C7dDb40,0,False
351,0,2,0xaeaD6593710Bf28bF4848b24F4ed1F130773d7E6,2,True
350,0,0,0xF035561dcE033DeD865E15E69dB06cfFC88d9213,2,True
350,0,1,0x48909739001FA130Ea554D45508714824C2467B5,2,True
350,0,2,0xF035561dcE033DeD865E15E69dB06cfFC88d9213,2,True
349,0,0,0x4a2c5a0Af8b29cD5Fd8Eb1d02a83150A3ee10488,0,False
349,0,1,0xda8C5db86aa21547d55625b695A0351FCd561fD2,2,True
349,0,2,0xe4230c0E536b704f82cb435876B4907cb1F66c13,2,True
348,0,0,0xe4230c0E536b704f82cb435876B4907cb1F66c13,2,True
348,0,1,0xaeaD6593710Bf28bF4848b24F4ed1F130773d7E6,2,True
348,0,2,0xaeaD6593710Bf28bF4848b24F4ed1F130773d7E6,2,True
347,0,0,0x48909739001FA130Ea554D45508714824C2467B5,2,True
347,0,1,0xe4230c0E536b704f82cb435876B4907cb1F66c13,2,True
347,0,2,0xe4230c0E536b704f82cb435876B4907cb1F66c13,2,True
346,0,0,0xa07f5Ffd166Ca3Ff7567e96a0430F1496cdb470a,2,True
346,0,1,0xe4230c0E536b704f82cb435876B4907cb1F66c13,2,True
346,0,2,0xA311Ab5780aA036B71aAc2b71163fD03ec0DF59E,0,False
345,0,0,0xA311Ab5780aA036B71aAc2b71163fD03ec0DF59E,0,False
345,0,1,0x3b247Ce9390E4AB3FaCbBB2f4590a82B6C7dDb40,0,False
345,0,2,0xA311Ab5780aA036B71aAc2b71163fD03ec0DF59E,0,False
344,0,0,0x48909739001FA130Ea554D45508714824C2467B5,0,False
344,0,1,0xA311Ab5780aA036B71aAc2b71163fD03ec0DF59E,0,False
344,0,2,0xb3522064694Ac9870Dbf00eEBC2712762193Bb64,0,False
344,1,0,0xa07f5Ffd166Ca3Ff7567e96a0430F1496cdb470a,2,True
344,1,1,0xe4230c0E536b704f82cb435876B4907cb1F66c13,2,True
344,1,2,0xda8C5db86aa21547d55625b695A0351FCd561fD2,2,True
344,1,3,0x3b247Ce9390E4AB3FaCbBB2f4590a82B6C7dDb40,2,True
344,1,4,0x3b247Ce9390E4AB3FaCbBB2f4590a82B6C7dDb40,2,True
344,1,5,0xF035561dcE033DeD865E15E69dB06cfFC88d9213,1,True
344,1,6,0x29df91960f940c6224346aD9268854a4376a6578,2,True
343,0,0,0xF035561dcE033DeD865E15E69dB06cfFC88d9213,1,True
343,0,1,0xF035561dcE033DeD865E15E69dB06cfFC88d9213,1,True
343,0,2,0x477ADf27A761167484aECCbE08b9D30Aaa12863E,0,False
342,0,0,0xF035561dcE033DeD865E15E69dB06cfFC88d9213,2,True
342,0,1,0xA311Ab5780aA036B71aAc2b71163fD03ec0DF59E,2,True
342,0,2,0xF035561dcE033DeD865E15E69dB06cfFC88d9213,2,True
342,1,0,0xf936B0f5B5A9aF020801A6ee021fF0cF72028d38,2,True
342,1,1,0xF035561dcE033DeD865E15E69dB06cfFC88d9213,2,True
342,1,2,0x50C3eAD85c299D7c2b78ee9646880D0FFED9d2a8,2,True
342,1,3,0xbDd7d0D0ff36A9F333846D4a149C86b51E3407Ae,2,True
342,1,4,0xa07f5Ffd166Ca3Ff7567e96a0430F1496cdb470a,2,True
342,1,5,0xf936B0f5B5A9aF020801A6ee021fF0cF72028d38,2,True
342,1,6,0xbDd7d0D0ff36A9F333846D4a149C86b51E3407Ae,2,True
341,0,0,0x9f1175193ABCc1060e3c7f940484d033A3bDCEF7,1,True
341,0,1,0x4e880933AAa461a5FbD0D499f1e142D78f77c8eA,1,True
341,0,2,0xf936B0f5B5A9aF020801A6ee021fF0cF72028d38,1,True
340,0,0,0x4cb5E653404E1CA4eF4CEE496f3f677483508d66,2,True
340,0,1,0xbDd7d0D0ff36A9F333846D4a149C86b51E3407Ae,2,True
340,0,2,0xf936B0f5B5A9aF020801A6ee021fF0cF72028d38,2,True
339,0,0,0xF035561dcE033DeD865E15E69dB06cfFC88d9213,2,True
339,0,1,0xa07f5Ffd166Ca3Ff7567e96a0430F1496cdb470a,2,True
339,0,2,0xf398ac61610105b9BBe4A14b013C9043D825D837,0,False
338,0,0,0xF035561dcE033DeD865E15E69dB06cfFC88d9213,2,True
338,0,1,0xbDd7d0D0ff36A9F333846D4a149C86b51E3407Ae,2,True
338,0,2,0xe4230c0E536b704f82cb435876B4907cb1F66c13,2,True
337,0,0,0xbDd7d0D0ff36A9F333846D4a149C86b51E3407Ae,1,True
337,0,1,0xaB6AFA507adFac8A2c22C85716CB74156c897D4B,1,True
337,0,2,0xbDd7d0D0ff36A9F333846D4a149C86b51E3407Ae,1,True
336,0,0,0x6F5f5d2A7D9b6EA028b8eFCeab2Ff221A27ab6e3,2,True
336,0,1,0x9f1175193ABCc1060e3c7f940484d033A3bDCEF7,2,True
336,0,2,0xF035561dcE033DeD865E15E69dB06cfFC88d9213,2,True
335,0,0,0xa07f5Ffd166Ca3Ff7567e96a0430F1496cdb470a,2,True
335,0,1,0xFecd90B388f0f1dA91421b1A848013a0fe0c10ab,2,True
335,0,2,0xaB6AFA507adFac8A2c22C85716CB74156c897D4B,2,True
335,1,0,0x48909739001FA130Ea554D45508714824C2467B5,2,True
335,1,1,0x4cb5E653404E1CA4eF4CEE496f3f677483508d66,2,True
335,1,2,0xaB6AFA507adFac8A2c22C85716CB74156c897D4B,2,True
335,1,3,0xf936B0f5B5A9aF020801A6ee021fF0cF72028d38,2,True
335,1,4,0x9bfDA54A453F503d487f2F32554dE73f03E24853,2,True
335,1,5,0xF035561dcE033DeD865E15E69dB06cfFC88d9213,2,True
335,1,6,0xE8349f1DB09778a47fda6A89598a8dd24615Bb4b,2,True
334,0,0,0x3b247Ce9390E4AB3FaCbBB2f4590a82B6C7dDb40,2,True
334,0,1,0xA311Ab5780aA036B71aAc2b71163fD03ec0DF59E,0,False
334,0,2,0xF035561dcE033DeD865E15E69dB06cfFC88d9213,2,True
334,1,0,0xA311Ab5780aA036B71aAc2b71163fD03ec0DF59E,1,True
334,1,1,0x4920a95670B6282951813a94D9066A730D315df3,2,True
334,1,2,0xA311Ab5780aA036B71aAc2b71163fD03ec0DF59E,1,True
334,1,3,0xe4230c0E536b704f82cb435876B4907cb1F66c13,2,True
334,1,4,0xFAe184739fBAa9c796fd0a28e96AEE2A295567e4,2,True
334,1,5,0xa07f5Ffd166Ca3Ff7567e96a0430F1496cdb470a,2,True
334,1,6,0xA64A17a51482F96A794C08fa3E61bB6260EEB2Ca,2,True
334,2,0,0x96Affd75859Ce03949810fb30b910B20d51ad40d,2,True
334,2,1,0x20862Da5CbDb46Aed6409F8987ffB828Aa981db8,2,True
334,2,2,0xF035561dcE033DeD865E15E69dB06cfFC88d9213,2,True
334,2,3,0xBa5A2E3e568377aBA3dB0B4BDeaDa679edD9A0bC,2,True
334,2,4,0x4e880933AAa461a5FbD0D499f1e142D78f77c8eA,2,True
334,2,5,0xda8C5db86aa21547d55625b695A0351FCd561fD2,2,True
334,2,6,0x6F5f5d2A7D9b6EA028b8eFCeab2Ff221A27ab6e3,2,True
334,2,7,0xAC33D4635f526337A67C055010D1dC68141a5BED,2,True
334,2,8,0xaeaD6593710Bf28bF4848b24F4ed1F130773d7E6,2,True
334,2,9,0xFAe184739fBAa9c796fd0a28e96AEE2A295567e4,2,True
334,2,10,0x3b247Ce9390E4AB3FaCbBB2f4590a82B6C7dDb40,2,True
334,2,11,0x29df91960f940c6224346aD9268854a4376a6578,2,True
334,2,12,0x4920a95670B6282951813a94D9066A730D315df3,2,True
334,2,13,0xF035561dcE033DeD865E15E69dB06cfFC88d9213,2,True
334,2,14,0xe4230c0E536b704f82cb435876B4907cb1F66c13,2,True
333,0,0,0xbDd7d0D0ff36A9F333846D4a149C86b51E3407Ae,2,True
333,0,1,0xa07f5Ffd166Ca3Ff7567e96a0430F1496cdb470a,2,True
333,0,2,0xf936B0f5B5A9aF020801A6ee021fF0cF72028d38,2,True
332,0,0,0x29df91960f940c6224346aD9268854a4376a6578,2,True
332,0,1,0x3b247Ce9390E4AB3FaCbBB2f4590a82B6C7dDb40,2,True
332,0,2,0x477ADf27A761167484aECCbE08b9D30Aaa12863E,0,False
331,0,0,0xF035561dcE033DeD865E15E69dB06cfFC88d9213,1,True
331,0,1,0xF035561dcE033DeD865E15E69dB06cfFC88d9213,1,True
331,0,2,0x6F5f5d2A7D9b6EA028b8eFCeab2Ff221A27ab6e3,1,True
330,0,0,0x8DcA414776Ae8478c5E2141ECdD21f716A9010d9,1,True
330,0,1,0x4a2c5a0Af8b29cD5Fd8Eb1d02a83150A3ee10488,1,True
330,0,2,0xF035561dcE033DeD865E15E69dB06cfFC88d9213,1,True
329,0,0,0xe4230c0E536b704f82cb435876B4907cb1F66c13,1,True
329,0,1,0x4a2c5a0Af8b29cD5Fd8Eb1d02a83150A3ee10488,1,True
329,0,2,0xa07f5Ffd166Ca3Ff7567e96a0430F1496cdb470a,1,True
328,0,0,0x0855f08E143E1db081cC3c571F40787dcFb69b9d,2,True
328,0,1,0x6871D1a603fEb9Cc2aA8213B9ab16B33e418cD8F,2,True
328,0,2,0x6871D1a603fEb9Cc2aA8213B9ab16B33e418cD8F,2,True
328,1,0,0x6871D1a603fEb9Cc2aA8213B9ab16B33e418cD8F,2,True
328,1,1,0x2598ddBEeCD659D56F1918a5973C927B129b13eC,0,False
328,1,2,0x4e880933AAa461a5FbD0D499f1e142D78f77c8eA,2,True
328,1,3,0x87db9DC3D3c0a8f7A8D865a558b1D171A56f0491,1,True
328,1,4,0x4e880933AAa461a5FbD0D499f1e142D78f77c8eA,2,True
328,1,5,0x71F84aA585E1EdA8852Dad8dfF3a69D114366dbA,2,True
328,1,6,0x71F84aA585E1EdA8852Dad8dfF3a69D114366dbA,2,True
328,2,0,0x4e880933AAa461a5FbD0D499f1e142D78f77c8eA,2,True
328,2,1,0x4e880933AAa461a5FbD0D499f1e142D78f77c8eA,2,True
328,2,2,0x0855f08E143E1db081cC3c571F40787dcFb69b9d,2,True
328,2,3,0x4e880933AAa461a5FbD0D499f1e142D78f77c8eA,2,True
328,2,4,0xF035561dcE033DeD865E15E69dB06cfFC88d9213,2,True
328,2,5,0x4e880933AAa461a5FbD0D499f1e142D78f77c8eA,2,True
328,2,6,0xF035561dcE033DeD865E15E69dB06cfFC88d9213,2,True
328,2,7,0x2598ddBEeCD659D56F1918a5973C927B129b13eC,2,True
328,2,8,0x230c40fF3dD28910a959FE135342ce9E8250ED12,1,True
328,2,9,0xF035561dcE033DeD865E15E69dB06cfFC88d9213,2,True
328,2,10,0x71F84aA585E1EdA8852Dad8dfF3a69D114366dbA,2,True
328,2,11,0x6871D1a603fEb9Cc2aA8213B9ab16B33e418cD8F,2,True
328,2,12,0xF035561dcE033DeD865E15E69dB06cfFC88d9213,2,True
328,2,13,0xF035561dcE033DeD865E15E69dB06cfFC88d9213,2,True
328,2,14,0x230c40fF3dD28910a959FE135342ce9E8250ED12,1,True
328,3,0,0xe4230c0E536b704f82cb435876B4907cb1F66c13,2,True
328,3,1,0xda8C5db86aa21547d55625b695A0351FCd561fD2,2,True
328,3,2,0x34Bec78b6d155e14060b3a38a8497D560F45D30e,2,True
328,3,3,0x6F5f5d2A7D9b6EA028b8eFCeab2Ff221A27ab6e3,2,True
328,3,4,0x00B5ADe4ac1fE9cCc08Addc2C10070642335117F,0,False
328,3,5,0x00B5ADe4ac1fE9cCc08Addc2C10070642335117F,0,False
328,3,6,0x9f1175193ABCc1060e3c7f940484d033A3bDCEF7,2,True
328,3,7,0x00B5ADe4ac1fE9cCc08Addc2C10070642335117F,0,False
328,3,8,0x00B5ADe4ac1fE9cCc08Addc2C10070642335117F,0,False
328,3,9,0xDdd5CE3Bdf841aC617f24E673745f5B1AcC9f291,2,True
328,3,10,0xbDd7d0D0ff36A9F333846D4a149C86b51E3407Ae,0,False
328,3,11,0x00B5ADe4ac1fE9cCc08Addc2C10070642335117F,0,False
328,3,12,0x2e879c8F58A470ec71cfB8F49cf4513122E46964,2,True
328,3,13,0x00B5ADe4ac1fE9cCc08Addc2C10070642335117F,0,False
328,3,14,0xDdd5CE3Bdf841aC617f24E673745f5B1AcC9f291,2,True
328,3,15,0x34Bec78b6d155e14060b3a38a8497D560F45D30e,2,True
328,3,16,0x98eF00F6850855d9606cf1058EDfD4a1a8A4F08E,2,True
328,3,17,0x3085F25455B821EeDCFf10433fee6723d34c2426,2,True
328,3,18,0xF035561dcE033DeD865E15E69dB06cfFC88d9213,2,True
328,3,19,0x34Bec78b6d155e14060b3a38a8497D560F45D30e,2,True
328,3,20,0x34Bec78b6d155e14060b3a38a8497D560F45D30e,2,True
328,3,21,0xDdd5CE3Bdf841aC617f24E673745f5B1AcC9f291,2,True
328,3,22,0xbDd7d0D0ff36A9F333846D4a149C86b51E3407Ae,0,False
328,3,23,0x00B5ADe4ac1fE9cCc08Addc2C10070642335117F,0,False
328,3,24,0x00B5ADe4ac1fE9cCc08Addc2C10070642335117F,0,False
328,3,25,0x7d400462dB97672Cf764Af23c11a29cEceaB6B8c,0,False
328,3,26,0xC261717ecfc14943595570Ed34D11Aa85C9D2364,2,True
328,3,27,0x34Bec78b6d155e14060b3a38a8497D560F45D30e,2,True
328,3,28,0x2e879c8F58A470ec71cfB8F49cf4513122E46964,2,True
328,3,29,0xbDd7d0D0ff36A9F333846D4a149C86b51E3407Ae,0,False
328,3,30,0x98eF00F6850855d9606cf1058EDfD4a1a8A4F08E,2,True
327,0,0,0x8DcA414776Ae8478c5E2141ECdD21f716A9010d9,2,True
327,0,1,0xf936B0f5B5A9aF020801A6ee021fF0cF72028d38,2,True
327,0,2,0xf936B0f5B5A9aF020801A6ee021fF0cF72028d38,2,True
326,0,0,0xa07f5Ffd166Ca3Ff7567e96a0430F1496cdb470a,2,True
326,0,1,0x9b328488a8f0fa20628bb959769F0BA78de06466,2,True
326,0,2,0x9b328488a8f0fa20628bb959769F0BA78de06466,2,True
325,0,0,0xf936B0f5B5A9aF020801A6ee021fF0cF72028d38,2,True
325,0,1,0xf936B0f5B5A9aF020801A6ee021fF0cF72028d38,2,True
325,0,2,0xFEFf3E7E11782020cBCA7d8372D5334264685cd4,1,True
324,0,0,0xe5DD78C224F26E306c84A9B1aa2DEF30bdf15835,2,True
324,0,1,0xa07f5Ffd166Ca3Ff7567e96a0430F1496cdb470a,2,True
324,0,2,0xa07f5Ffd166Ca3Ff7567e96a0430F1496cdb470a,2,True
323,0,0,0x477ADf27A761167484aECCbE08b9D30Aaa12863E,2,True
323,0,1,0xaeaD6593710Bf28bF4848b24F4ed1F130773d7E6,2,True
323,0,2,0x477ADf27A761167484aECCbE08b9D30Aaa12863E,2,True
322,0,0,0xa07f5Ffd166Ca3Ff7567e96a0430F1496cdb470a,2,True
322,0,1,0x3085F25455B821EeDCFf10433fee6723d34c2426,2,True
322,0,2,0xF035561dcE033DeD865E15E69dB06cfFC88d9213,2,True
321,0,0,0x9b328488a8f0fa20628bb959769F0BA78de06466,2,True
321,0,1,0x3085F25455B821EeDCFf10433fee6723d34c2426,2,True
321,0,2,0x982f5698fEBb2b8d1B9a560228ABBCEAfBB11568,2,True
320,0,0,0xf83f70E148bC6ff29bb627f97EB691F30268c7e3,2,True
320,0,1,0x6F5f5d2A7D9b6EA028b8eFCeab2Ff221A27ab6e3,2,True
320,0,2,0xa07f5Ffd166Ca3Ff7567e96a0430F1496cdb470a,2,True
320,1,0,0x6F5f5d2A7D9b6EA028b8eFCeab2Ff221A27ab6e3,2,True
320,1,1,0xF035561dcE033DeD865E15E69dB06cfFC88d9213,2,True
320,1,2,0xaB6AFA507adFac8A2c22C85716CB74156c897D4B,2,True
320,1,3,0xaB6AFA507adFac8A2c22C85716CB74156c897D4B,2,True
320,1,4,0x3F462891248545b596C435c8EDCADECe67DA172f,2,True
320,1,5,0x3085F25455B821EeDCFf10433fee6723d34c2426,2,True
320,1,6,0xB2a85dA2Ecc3fFB4d3a730E119D8cAB5743096FC,2,True
319,0,0,0xF035561dcE033DeD865E15E69dB06cfFC88d9213,2,True
319,0,1,0xf83f70E148bC6ff29bb627f97EB691F30268c7e3,2,True
319,0,2,0x105078bf14fa92AB24f983df63b8e57414b933cF,0,False
318,0,0,0xE8349f1DB09778a47fda6A89598a8dd24615Bb4b,1,True
318,0,1,0xF035561dcE033DeD865E15E69dB06cfFC88d9213,2,True
318,0,2,0xa07f5Ffd166Ca3Ff7567e96a0430F1496cdb470a,2,True
318,1,0,0xb841a0A64399e0c391629EDE0ad2cE6336351b33,2,True
318,1,1,0x6F5f5d2A7D9b6EA028b8eFCeab2Ff221A27ab6e3,1,True
318,1,2,0xf936B0f5B5A9aF020801A6ee021fF0cF72028d38,1,True
318,1,3,0x8539808f22F3853eDAc275eD3C114BC6878a24dB,0,False
318,1,4,0xf936B0f5B5A9aF020801A6ee021fF0cF72028d38,1,True
318,1,5,0xfA9E221a7aF006531a816E98792a3E4B22A01461,1,True
318,1,6,0xC0B53221A7dbcbcE68441C26ea4DA73266D6bc20,1,True
317,0,0,0x6F5f5d2A7D9b6EA028b8eFCeab2Ff221A27ab6e3,2,True
317,0,1,0x982f5698fEBb2b8d1B9a560228ABBCEAfBB11568,2,True
317,0,2,0xF035561dcE033DeD865E15E69dB06cfFC88d9213,2,True
316,0,0,0xf936B0f5B5A9aF020801A6ee021fF0cF72028d38,2,True
316,0,1,0x3F462891248545b596C435c8EDCADECe67DA172f,0,False
316,0,2,0xa07f5Ffd166Ca3Ff7567e96a0430F1496cdb470a,2,True
315,0,0,0xf936B0f5B5A9aF020801A6ee021fF0cF72028d38,2,True
315,0,1,0x24D0Db7E182fCD29DdeA14C04BCb182c89CBB0C0,2,True
315,0,2,0xF035561dcE033DeD865E15E69dB06cfFC88d9213,2,True
314,0,0,0x3085F25455B821EeDCFf10433fee6723d34c2426,2,True
314,0,1,0xa07f5Ffd166Ca3Ff7567e96a0430F1496cdb470a,2,True
314,0,2,0xf936B0f5B5A9aF020801A6ee021fF0cF72028d38,2,True
313,0,0,0xa07f5Ffd166Ca3Ff7567e96a0430F1496cdb470a,2,True
313,0,1,0x9b328488a8f0fa20628bb959769F0BA78de06466,2,True
313,0,2,0x9b328488a8f0fa20628bb959769F0BA78de06466,2,True
312,0,0,0x3085F25455B821EeDCFf10433fee6723d34c2426,2,True
312,0,1,0xa07f5Ffd166Ca3Ff7567e96a0430F1496cdb470a,2,True
312,0,2,0xaB6AFA507adFac8A2c22C85716CB74156c897D4B,2,True
311,0,0,0xa07f5Ffd166Ca3Ff7567e96a0430F1496cdb470a,2,True
311,0,1,0xa07f5Ffd166Ca3Ff7567e96a0430F1496cdb470a,2,True
311,0,2,0x982f5698fEBb2b8d1B9a560228ABBCEAfBB11568,2,True
310,0,0,0xF035561dcE033DeD865E15E69dB06cfFC88d9213,2,True
310,0,1,0xa07f5Ffd166Ca3Ff7567e96a0430F1496cdb470a,2,True
310,0,2,0xaB6AFA507adFac8A2c22C85716CB74156c897D4B,2,True
309,0,0,0xa07f5Ffd166Ca3Ff7567e96a0430F1496cdb470a,2,True
309,0,1,0xfA9E221a7aF006531a816E98792a3E4B22A01461,2,True
309,0,2,0x4cb5E653404E1CA4eF4CEE496f3f677483508d66,2,True
308,0,0,0xfA9E221a7aF006531a816E98792a3E4B22A01461,2,True
308,0,1,0x6F5f5d2A7D9b6EA028b8eFCeab2Ff221A27ab6e3,2,True
308,0,2,0x4cb5E653404E1CA4eF4CEE496f3f677483508d66,2,True
307,0,0,0xf936B0f5B5A9aF020801A6ee021fF0cF72028d38,1,True
307,0,1,0xa07f5Ffd166Ca3Ff7567e96a0430F1496cdb470a,1,True
307,0,2,0xF035561dcE033DeD865E15E69dB06cfFC88d9213,2,True
306,0,0,0x4cb5E653404E1CA4eF4CEE496f3f677483508d66,2,True
306,0,1,0xaB6AFA507adFac8A2c22C85716CB74156c897D4B,2,True
306,0,2,0xf936B0f5B5A9aF020801A6ee021fF0cF72028d38,2,True
305,0,0,0x5c85985bB0c1D4A8556b27DC6FD18D4e4f5556c2,0,False
305,0,1,0x8b0C18d9225900aB042A4d8667cD114AC714346C,2,True
305,0,2,0xa07f5Ffd166Ca3Ff7567e96a0430F1496cdb470a,2,True
304,0,0,0xf83f70E148bC6ff29bb627f97EB691F30268c7e3,2,True
304,0,1,0x5c85985bB0c1D4A8556b27DC6FD18D4e4f5556c2,0,False
304,0,2,0xa07f5Ffd166Ca3Ff7567e96a0430F1496cdb470a,1,True
303,0,0,0x24D0Db7E182fCD29DdeA14C04BCb182c89CBB0C0,2,True
303,0,1,0xBce3Bd1E1Cc867d6BE17924E4D53ae1cc147Dc7b,2,True
303,0,2,0x5091A8dE5e7E750F5C7D0a5Fb748a87439050599,2,True
302,0,0,0xDdd5CE3Bdf841aC617f24E673745f5B1AcC9f291,1,True
302,0,1,0xF035561dcE033DeD865E15E69dB06cfFC88d9213,1,True
302,0,2,0x24D0Db7E182fCD29DdeA14C04BCb182c89CBB0C0,1,True
302,0,3,0x34Bec78b6d155e14060b3a38a8497D560F45D30e,1,True
302,0,4,0x9b328488a8f0fa20628bb959769F0BA78de06466,1,True
302,0,5,0x98eF00F6850855d9606cf1058EDfD4a1a8A4F08E,2,True
302,0,6,0x6c3E007377eFfd74afE237ce3B0Aeef969b63C91,1,True
302,0,7,0x5e7B645d5Bf86750CB1913122ba8A8545e2A9FD1,2,True
302,0,8,0x00B5ADe4ac1fE9cCc08Addc2C10070642335117F,2,True
302,0,9,0x34Bec78b6d155e14060b3a38a8497D560F45D30e,1,True
302,0,10,0xb841a0A64399e0c391629EDE0ad2cE6336351b33,2,True
302,0,11,0x0A24659FdB1E2c12b9cf71d294f03F9D27f1591f,1,True
302,0,12,0x7d400462dB97672Cf764Af23c11a29cEceaB6B8c,1,True
302,0,13,0x98eF00F6850855d9606cf1058EDfD4a1a8A4F08E,2,True
302,0,14,0x0855f08E143E1db081cC3c571F40787dcFb69b9d,1,True
302,0,15,0xFAe184739fBAa9c796fd0a28e96AEE2A295567e4,1,True
302,0,16,0x7d400462dB97672Cf764Af23c11a29cEceaB6B8c,1,True
302,0,17,0x4a2c5a0Af8b29cD5Fd8Eb1d02a83150A3ee10488,1,True
302,0,18,0x00B5ADe4ac1fE9cCc08Addc2C10070642335117F,2,True
302,0,19,0x4cb5E653404E1CA4eF4CEE496f3f677483508d66,1,True
302,0,20,0x00B5ADe4ac1fE9cCc08Addc2C10070642335117F,2,True
302,0,21,0x00B5ADe4ac1fE9cCc08Addc2C10070642335117F,2,True
302,0,22,0x9b328488a8f0fa20628bb959769F0BA78de06466,1,True
302,0,23,0xF035561dcE033DeD865E15E69dB06cfFC88d9213,1,True
302,0,24,0x98eF00F6850855d9606cf1058EDfD4a1a8A4F08E,2,True
302,0,25,0x0A24659FdB1E2c12b9cf71d294f03F9D27f1591f,1,True
302,0,26,0x0A24659FdB1E2c12b9cf71d294f03F9D27f1591f,1,True
302,0,27,0x4a2c5a0Af8b29cD5Fd8Eb1d02a83150A3ee10488,1,True
302,0,28,0x98eF00F6850855d9606cf1058EDfD4a1a8A4F08E,2,True
302,0,29,0xDdd5CE3Bdf841aC617f24E673745f5B1AcC9f291,1,True
302,0,30,0x00B5ADe4ac1fE9cCc08Addc2C10070642335117F,2,True
302,0,31,0x00B5ADe4ac1fE9cCc08Addc2C10070642335117F,2,True
302,0,32,0xf936B0f5B5A9aF020801A6ee021fF0cF72028d38,1,True
302,0,33,0x2e879c8F58A470ec71cfB8F49cf4513122E46964,1,True
302,0,34,0xF865067A5B9672f11AF8514440D9111AfD05d040,1,True
302,0,35,0xFAe184739fBAa9c796fd0a28e96AEE2A295567e4,1,True
302,0,36,0x3F462891248545b596C435c8EDCADECe67DA172f,1,True
302,0,37,0x0A24659FdB1E2c12b9cf71d294f03F9D27f1591f,1,True
302,0,38,0x27fE00A5a1212e9294b641BA860a383783016C67,1,True
302,0,39,0x98eF00F6850855d9606cf1058EDfD4a1a8A4F08E,2,True
302,0,40,0xf936B0f5B5A9aF020801A6ee021fF0cF72028d38,1,True
302,0,41,0x3F462891248545b596C435c8EDCADECe67DA172f,1,True
302,0,42,0xA4867d6ae55974270005E543791C51cb0B2A07dE,1,True
302,0,43,0xa1552A4ba8655065fa9F0697653d4AFc7F2359Fc,1,True
302,0,44,0xf936B0f5B5A9aF020801A6ee021fF0cF72028d38,1,True
302,0,45,0x00B5ADe4ac1fE9cCc08Addc2C10070642335117F,2,True
302,0,46,0xc26F827F1b8CF661a7bCA954bB21EB6138A27101,1,True
302,0,47,0x34Bec78b6d155e14060b3a38a8497D560F45D30e,1,True
302,0,48,0x34Bec78b6d155e14060b3a38a8497D560F45D30e,1,True
302,0,49,0x34Bec78b6d155e14060b3a38a8497D560F45D30e,1,True
302,0,50,0xA311Ab5780aA036B71aAc2b71163fD03ec0DF59E,1,True
302,0,51,0xF035561dcE033DeD865E15E69dB06cfFC88d9213,1,True
302,0,52,0x34Bec78b6d155e14060b3a38a8497D560F45D30e,1,True
302,0,53,0x34Bec78b6d155e14060b3a38a8497D560F45D30e,1,True
302,0,54,0x00B5ADe4ac1fE9cCc08Addc2C10070642335117F,2,True
302,0,55,0xDdd5CE3Bdf841aC617f24E673745f5B1AcC9f291,1,True
302,0,56,0x7d400462dB97672Cf764Af23c11a29cEceaB6B8c,1,True
302,0,57,0xA28258957A40AE479D8B1C620ec6E3E09334ec4b,1,True
302,0,58,0x105078bf14fa92AB24f983df63b8e57414b933cF,1,True
302,0,59,0xF035561dcE033DeD865E15E69dB06cfFC88d9213,1,True
302,0,60,0x34Bec78b6d155e14060b3a38a8497D560F45D30e,1,True
302,0,61,0xF035561dcE033DeD865E15E69dB06cfFC88d9213,1,True
302,0,62,0x34Bec78b6d155e14060b3a38a8497D560F45D30e,1,True
302,0,63,0xf936B0f5B5A9aF020801A6ee021fF0cF72028d38,1,True
302,0,64,0x34Bec78b6d155e14060b3a38a8497D560F45D30e,1,True
302,0,65,0x7C5BD19Fed8325fD060eA2A61DD7cE6Fe3E13C80,2,True
302,0,66,0x5091A8dE5e7E750F5C7D0a5Fb748a87439050599,1,True
302,0,67,0xa07f5Ffd166Ca3Ff7567e96a0430F1496cdb470a,1,True
302,0,68,0x00B5ADe4ac1fE9cCc08Addc2C10070642335117F,2,True
302,0,69,0xF035561dcE033DeD865E15E69dB06cfFC88d9213,1,True
302,0,70,0xf936B0f5B5A9aF020801A6ee021fF0cF72028d38,1,True
302,0,71,0xF035561dcE033DeD865E15E69dB06cfFC88d9213,1,True
302,0,72,0x34Bec78b6d155e14060b3a38a8497D560F45D30e,1,True
302,0,73,0xFAe184739fBAa9c796fd0a28e96AEE2A295567e4,1,True
302,0,74,0x34Bec78b6d155e14060b3a38a8497D560F45D30e,1,True
302,0,75,0xB876c875B463683B47fb3dbe938399950D7d8E75,1,True
302,0,76,0x98eF00F6850855d9606cf1058EDfD4a1a8A4F08E,2,True
302,0,77,0x98eF00F6850855d9606cf1058EDfD4a1a8A4F08E,2,True
302,0,78,0xDdd5CE3Bdf841aC617f24E673745f5B1AcC9f291,1,True
302,0,79,0xffA1c53b18d864A6340adA628BdFF6651fa4E097,1,True
302,0,80,0x00B5ADe4ac1fE9cCc08Addc2C10070642335117F,2,True
302,0,81,0xa1552A4ba8655065fa9F0697653d4AFc7F2359Fc,1,True
302,0,82,0x34Bec78b6d155e14060b3a38a8497D560F45D30e,1,True
302,0,83,0xDdd5CE3Bdf841aC617f24E673745f5B1AcC9f291,1,True
302,0,84,0x34Bec78b6d155e14060b3a38a8497D560F45D30e,1,True
302,0,85,0xDdd5CE3Bdf841aC617f24E673745f5B1AcC9f291,1,True
302,0,86,0x34Bec78b6d155e14060b3a38a8497D560F45D30e,1,True
302,0,87,0xDdd5CE3Bdf841aC617f24E673745f5B1AcC9f291,1,True
302,0,88,0x00B5ADe4ac1fE9cCc08Addc2C10070642335117F,2,True
302,0,89,0xDdd5CE3Bdf841aC617f24E673745f5B1AcC9f291,1,True
302,0,90,0x00B5ADe4ac1fE9cCc08Addc2C10070642335117F,2,True
302,0,91,0xF035561dcE033DeD865E15E69dB06cfFC88d9213,1,True
302,0,92,0x34Bec78b6d155e14060b3a38a8497D560F45D30e,1,True
302,0,93,0x5ba8Fa73C2765229686D1b4777f14A34F036d806,0,False
302,0,94,0xA28258957A40AE479D8B1C620ec6E3E09334ec4b,1,True
302,0,95,0xa07f5Ffd166Ca3Ff7567e96a0430F1496cdb470a,1,True
302,0,96,0x34Bec78b6d155e14060b3a38a8497D560F45D30e,1,True
302,0,97,0xA28258957A40AE479D8B1C620ec6E3E09334ec4b,1,True
302,0,98,0xF035561dcE033DeD865E15E69dB06cfFC88d9213,1,True
302,0,99,0x00B5ADe4ac1fE9cCc08Addc2C10070642335117F,2,True
302,0,100,0x34Bec78b6d155e14060b3a38a8497D560F45D30e,1,True
302,0,101,0xdA1A3cc89879DaE1aB0e00AE2426bA64E483c158,1,True
302,0,102,0x98eF00F6850855d9606cf1058EDfD4a1a8A4F08E,2,True
302,0,103,0x00B5ADe4ac1fE9cCc08Addc2C10070642335117F,2,True
302,0,104,0xDdd5CE3Bdf841aC617f24E673745f5B1AcC9f291,1,True
302,0,105,0x9b328488a8f0fa20628bb959769F0BA78de06466,1,True
302,0,106,0xcF0046D22dDc07060576173210FcD7D5375FB4C5,0,False
302,0,107,0xFEFf3E7E11782020cBCA7d8372D5334264685cd4,1,True
302,0,108,0x00B5ADe4ac1fE9cCc08Addc2C10070642335117F,2,True
302,0,109,0x7d400462dB97672Cf764Af23c11a29cEceaB6B8c,1,True
302,0,110,0xa07f5Ffd166Ca3Ff7567e96a0430F1496cdb470a,1,True
302,0,111,0xf936B0f5B5A9aF020801A6ee021fF0cF72028d38,1,True
302,0,112,0xa07f5Ffd166Ca3Ff7567e96a0430F1496cdb470a,1,True
302,0,113,0x0A24659FdB1E2c12b9cf71d294f03F9D27f1591f,1,True
302,0,114,0x98eF00F6850855d9606cf1058EDfD4a1a8A4F08E,2,True
302,0,115,0x00B5ADe4ac1fE9cCc08Addc2C10070642335117F,2,True
302,0,116,0x34Bec78b6d155e14060b3a38a8497D560F45D30e,1,True
302,0,117,0x00B5ADe4ac1fE9cCc08Addc2C10070642335117F,2,True
302,0,118,0xF035561dcE033DeD865E15E69dB06cfFC88d9213,1,True
302,0,119,0x909850e31836fd81c404d5ed72d263C74e43183c,0,False
302,0,120,0x7d400462dB97672Cf764Af23c11a29cEceaB6B8c,1,True
302,0,121,0x34Bec78b6d155e14060b3a38a8497D560F45D30e,1,True
302,0,122,0x34Bec78b6d155e14060b3a38a8497D560F45D30e,1,True
302,0,123,0x34Bec78b6d155e14060b3a38a8497D560F45D30e,1,True
302,0,124,0x4cb5E653404E1CA4eF4CEE496f3f677483508d66,1,True
302,0,125,0x8b0C18d9225900aB042A4d8667cD114AC714346C,1,True
302,0,126,0xDdd5CE3Bdf841aC617f24E673745f5B1AcC9f291,1,True
302,0,127,0x00B5ADe4ac1fE9cCc08Addc2C10070642335117F,2,True
302,0,128,0x00B5ADe4ac1fE9cCc08Addc2C10070642335117F,2,True
302,0,129,0xDdd5CE3Bdf841aC617f24E673745f5B1AcC9f291,1,True
302,0,130,0xDdd5CE3Bdf841aC617f24E673745f5B1AcC9f291,1,True
302,0,131,0x0D256C49E5DF2B9bAE2A04b6C2622AC459396dc2,1,True
302,0,132,0x00B5ADe4ac1fE9cCc08Addc2C10070642335117F,2,True
302,0,133,0xa07f5Ffd166Ca3Ff7567e96a0430F1496cdb470a,1,True
302,0,134,0x0A24659FdB1E2c12b9cf71d294f03F9D27f1591f,1,True
302,0,135,0x8539808f22F3853eDAc275eD3C114BC6878a24dB,1,True
302,0,136,0x5091A8dE5e7E750F5C7D0a5Fb748a87439050599,1,True
302,0,137,0x00B5ADe4ac1fE9cCc08Addc2C10070642335117F,2,True
302,0,138,0x34Bec78b6d155e14060b3a38a8497D560F45D30e,1,True
302,0,139,0x2e879c8F58A470ec71cfB8F49cf4513122E46964,1,True
302,0,140,0x12FA14C9F49CeE96c4F6ba8c7497F7Ef825cAe37,1,True
302,0,141,0x42c1Bd0d85F6A3b04E80FAde8be68B406f36D1B3,1,True
302,0,142,0x00B5ADe4ac1fE9cCc08Addc2C10070642335117F,2,True
302,0,143,0x00B5ADe4ac1fE9cCc08Addc2C10070642335117F,2,True
302,0,144,0x00B5ADe4ac1fE9cCc08Addc2C10070642335117F,2,True
302,0,145,0x34Bec78b6d155e14060b3a38a8497D560F45D30e,1,True
302,0,146,0xF035561dcE033DeD865E15E69dB06cfFC88d9213,1,True
302,0,147,0xf936B0f5B5A9aF020801A6ee021fF0cF72028d38,1,True
302,0,148,0x4a2c5a0Af8b29cD5Fd8Eb1d02a83150A3ee10488,1,True
302,0,149,0x2e879c8F58A470ec71cfB8F49cf4513122E46964,1,True
302,0,150,0x98eF00F6850855d9606cf1058EDfD4a1a8A4F08E,2,True
302,0,151,0xBce3Bd1E1Cc867d6BE17924E4D53ae1cc147Dc7b,1,True
302,0,152,0x34Bec78b6d155e14060b3a38a8497D560F45D30e,1,True
302,0,153,0x34Bec78b6d155e14060b3a38a8497D560F45D30e,1,True
302,0,154,0xA28258957A40AE479D8B1C620ec6E3E09334ec4b,1,True
302,0,155,0xFAe184739fBAa9c796fd0a28e96AEE2A295567e4,1,True
302,0,156,0x3F462891248545b596C435c8EDCADECe67DA172f,1,True
302,0,157,0x34Bec78b6d155e14060b3a38a8497D560F45D30e,1,True
302,0,158,0x2e879c8F58A470ec71cfB8F49cf4513122E46964,1,True
302,0,159,0x34Bec78b6d155e14060b3a38a8497D560F45D30e,1,True
302,0,160,0xA28258957A40AE479D8B1C620ec6E3E09334ec4b,1,True
302,0,161,0x0C434B29b5D31d5E660B22FAAef885c740a9E581,1,True
302,0,162,0x34Bec78b6d155e14060b3a38a8497D560F45D30e,1,True
302,0,163,0x00B5ADe4ac1fE9cCc08Addc2C10070642335117F,2,True
302,0,164,0xA28258957A40AE479D8B1C620ec6E3E09334ec4b,1,True
302,0,165,0x0D256C49E5DF2B9bAE2A04b6C2622AC459396dc2,1,True
302,0,166,0x34Bec78b6d155e14060b3a38a8497D560F45D30e,1,True
302,0,167,0xe08C55b3722b9Faa2473C5a2EbA33BEA30ba7D26,2,True
302,0,168,0x0A24659FdB1E2c12b9cf71d294f03F9D27f1591f,1,True
302,0,169,0xA28258957A40AE479D8B1C620ec6E3E09334ec4b,1,True
302,0,170,0xC0B53221A7dbcbcE68441C26ea4DA73266D6bc20,2,True
302,0,171,0x0A24659FdB1E2c12b9cf71d294f03F9D27f1591f,1,True
302,0,172,0x34Bec78b6d155e14060b3a38a8497D560F45D30e,1,True
302,0,173,0xA311Ab5780aA036B71aAc2b71163fD03ec0DF59E,1,True
302,0,174,0xA28258957A40AE479D8B1C620ec6E3E09334ec4b,1,True
302,0,175,0x3b1356CA97A31b3a2DAd0e901b9F73380e00B66D,1,True
302,0,176,0xF035561dcE033DeD865E15E69dB06cfFC88d9213,1,True
302,0,177,0x24D0Db7E182fCD29DdeA14C04BCb182c89CBB0C0,1,True
302,0,178,0x98eF00F6850855d9606cf1058EDfD4a1a8A4F08E,2,True
302,0,179,0x34Bec78b6d155e14060b3a38a8497D560F45D30e,1,True
302,0,180,0x00B5ADe4ac1fE9cCc08Addc2C10070642335117F,2,True
302,0,181,0x98eF00F6850855d9606cf1058EDfD4a1a8A4F08E,2,True
302,0,182,0x34Bec78b6d155e14060b3a38a8497D560F45D30e,1,True
302,0,183,0x34Bec78b6d155e14060b3a38a8497D560F45D30e,1,True
302,0,184,0xF035561dcE033DeD865E15E69dB06cfFC88d9213,1,True
302,0,185,0x42c1Bd0d85F6A3b04E80FAde8be68B406f36D1B3,1,True
302,0,186,0x00B5ADe4ac1fE9cCc08Addc2C10070642335117F,2,True
302,0,187,0xDdd5CE3Bdf841aC617f24E673745f5B1AcC9f291,1,True
302,0,188,0xC78EED7B6eF98fF11dd7f557C67AE0AbDd69227b,1,True
302,0,189,0xa07f5Ffd166Ca3Ff7567e96a0430F1496cdb470a,1,True
302,0,190,0xEF3AD6e3fC948723eEf13662023183EeFBBe03aD,1,True
302,0,191,0xF035561dcE033DeD865E15E69dB06cfFC88d9213,1,True
302,0,192,0x98eF00F6850855d9606cf1058EDfD4a1a8A4F08E,2,True
302,0,193,0xc26F827F1b8CF661a7bCA954bB21EB6138A27101,1,True
302,0,194,0xf936B0f5B5A9aF020801A6ee021fF0cF72028d38,1,True
302,0,195,0x4a2c5a0Af8b29cD5Fd8Eb1d02a83150A3ee10488,1,True
302,0,196,0xA28258957A40AE479D8B1C620ec6E3E09334ec4b,1,True
302,0,197,0xA311Ab5780aA036B71aAc2b71163fD03ec0DF59E,1,True
302,0,198,0xF035561dcE033DeD865E15E69dB06cfFC88d9213,1,True
302,0,199,0x00B5ADe4ac1fE9cCc08Addc2C10070642335117F,2,True
302,0,200,0x00B5ADe4ac1fE9cCc08Addc2C10070642335117F,2,True
302,0,201,0x00B5ADe4ac1fE9cCc08Addc2C10070642335117F,2,True
302,0,202,0x24D0Db7E182fCD29DdeA14C04BCb182c89CBB0C0,1,True
302,0,203,0x7d400462dB97672Cf764Af23c11a29cEceaB6B8c,1,True
302,0,204,0xA28258957A40AE479D8B1C620ec6E3E09334ec4b,1,True
302,0,205,0x34Bec78b6d155e14060b3a38a8497D560F45D30e,1,True
302,0,206,0x00B5ADe4ac1fE9cCc08Addc2C10070642335117F,2,True
302,0,207,0xDdd5CE3Bdf841aC617f24E673745f5B1AcC9f291,1,True
302,0,208,0xA311Ab5780aA036B71aAc2b71163fD03ec0DF59E,1,True
302,0,209,0x5091A8dE5e7E750F5C7D0a5Fb748a87439050599,1,True
302,0,210,0x00B5ADe4ac1fE9cCc08Addc2C10070642335117F,2,True
302,0,211,0xF035561dcE033DeD865E15E69dB06cfFC88d9213,1,True
302,0,212,0x3F462891248545b596C435c8EDCADECe67DA172f,1,True
302,0,213,0x00B5ADe4ac1fE9cCc08Addc2C10070642335117F,2,True
302,0,214,0xC0B53221A7dbcbcE68441C26ea4DA73266D6bc20,2,True
302,0,215,0x2e879c8F58A470ec71cfB8F49cf4513122E46964,1,True
302,0,216,0xa1552A4ba8655065fa9F0697653d4AFc7F2359Fc,1,True
302,0,217,0x2e879c8F58A470ec71cfB8F49cf4513122E46964,1,True
302,0,218,0x2e879c8F58A470ec71cfB8F49cf4513122E46964,1,True
302,0,219,0x00B5ADe4ac1fE9cCc08Addc2C10070642335117F,2,True
302,0,220,0x00B5ADe4ac1fE9cCc08Addc2C10070642335117F,2,True
302,0,221,0x0A24659FdB1E2c12b9cf71d294f03F9D27f1591f,1,True
302,0,222,0x909850e31836fd81c404d5ed72d263C74e43183c,0,False
302,0,223,0x8e471e644c71635471933f16E925326c68A30327,1,True
302,0,224,0x00B5ADe4ac1fE9cCc08Addc2C10070642335117F,2,True
302,0,225,0x34Bec78b6d155e14060b3a38a8497D560F45D30e,1,True
302,0,226,0x98eF00F6850855d9606cf1058EDfD4a1a8A4F08E,2,True
302,0,227,0x00B5ADe4ac1fE9cCc08Addc2C10070642335117F,2,True
302,0,228,0x98eF00F6850855d9606cf1058EDfD4a1a8A4F08E,2,True
302,0,229,0x2e879c8F58A470ec71cfB8F49cf4513122E46964,1,True
302,0,230,0xFAe184739fBAa9c796fd0a28e96AEE2A295567e4,1,True
302,0,231,0x00B5ADe4ac1fE9cCc08Addc2C10070642335117F,2,True
302,0,232,0xA311Ab5780aA036B71aAc2b71163fD03ec0DF59E,1,True
302,0,233,0x98eF00F6850855d9606cf1058EDfD4a1a8A4F08E,2,True
302,0,234,0xC0B53221A7dbcbcE68441C26ea4DA73266D6bc20,2,True
302,0,235,0x34Bec78b6d155e14060b3a38a8497D560F45D30e,1,True
302,0,236,0x0A24659FdB1E2c12b9cf71d294f03F9D27f1591f,1,True
302,0,237,0x4C9447296A38F56dcBced69A3bAA74bC4CE35816,1,True
302,0,238,0x98eF00F6850855d9606cf1058EDfD4a1a8A4F08E,2,True
302,0,239,0xf936B0f5B5A9aF020801A6ee021fF0cF72028d38,1,True
302,0,240,0x7d400462dB97672Cf764Af23c11a29cEceaB6B8c,1,True
302,0,241,0x00B5ADe4ac1fE9cCc08Addc2C10070642335117F,2,True
302,0,242,0x34Bec78b6d155e14060b3a38a8497D560F45D30e,1,True
302,0,243,0xc26F827F1b8CF661a7bCA954bB21EB6138A27101,1,True
302,0,244,0xA28258957A40AE479D8B1C620ec6E3E09334ec4b,1,True
302,0,245,0xa07f5Ffd166Ca3Ff7567e96a0430F1496cdb470a,1,True
302,0,246,0xFCAA3E25e539778edbe28c52483b31F4831708c5,1,True
302,0,247,0xB876c875B463683B47fb3dbe938399950D7d8E75,1,True
302,0,248,0xDdd5CE3Bdf841aC617f24E673745f5B1AcC9f291,1,True
302,0,249,0x00B5ADe4ac1fE9cCc08Addc2C10070642335117F,2,True
302,0,250,0xa07f5Ffd166Ca3Ff7567e96a0430F1496cdb470a,1,True
302,0,251,0x00B5ADe4ac1fE9cCc08Addc2C10070642335117F,2,True
302,0,252,0xDdd5CE3Bdf841aC617f24E673745f5B1AcC9f291,1,True
302,0,253,0x98eF00F6850855d9606cf1058EDfD4a1a8A4F08E,2,True
302,0,254,0x34Bec78b6d155e14060b3a38a8497D560F45D30e,1,True
302,0,255,0x53446d0123f9D18CB1E96b6c2bdFecc38248CdB8,1,True
302,0,256,0xF035561dcE033DeD865E15E69dB06cfFC88d9213,1,True
302,0,257,0x34Bec78b6d155e14060b3a38a8497D560F45D30e,1,True
302,0,258,0x00B5ADe4ac1fE9cCc08Addc2C10070642335117F,2,True
302,0,259,0xF865067A5B9672f11AF8514440D9111AfD05d040,1,True
302,0,260,0xf936B0f5B5A9aF020801A6ee021fF0cF72028d38,1,True
302,0,261,0xfB63808C6B6FEbc4f341073211127Aa383E175cd,2,True
302,0,262,0xc26F827F1b8CF661a7bCA954bB21EB6138A27101,1,True
302,0,263,0x4C9447296A38F56dcBced69A3bAA74bC4CE35816,1,True
302,0,264,0x34Bec78b6d155e14060b3a38a8497D560F45D30e,1,True
302,0,265,0x00B5ADe4ac1fE9cCc08Addc2C10070642335117F,2,True
302,0,266,0x34Bec78b6d155e14060b3a38a8497D560F45D30e,1,True
302,0,267,0x00B5ADe4ac1fE9cCc08Addc2C10070642335117F,2,True
302,0,268,0xDdd5CE3Bdf841aC617f24E673745f5B1AcC9f291,1,True
302,0,269,0xA28258957A40AE479D8B1C620ec6E3E09334ec4b,1,True
302,0,270,0xaB6AFA507adFac8A2c22C85716CB74156c897D4B,1,True
302,0,271,0x4cb5E653404E1CA4eF4CEE496f3f677483508d66,1,True
302,0,272,0x00B5ADe4ac1fE9cCc08Addc2C10070642335117F,2,True
302,0,273,0x00B5ADe4ac1fE9cCc08Addc2C10070642335117F,2,True
302,0,274,0xDdd5CE3Bdf841aC617f24E673745f5B1AcC9f291,1,True
302,0,275,0x00B5ADe4ac1fE9cCc08Addc2C10070642335117F,2,True
302,0,276,0xC0B53221A7dbcbcE68441C26ea4DA73266D6bc20,2,True
302,0,277,0x00B5ADe4ac1fE9cCc08Addc2C10070642335117F,2,True
302,0,278,0x00B5ADe4ac1fE9cCc08Addc2C10070642335117F,2,True
302,0,279,0x00B5ADe4ac1fE9cCc08Addc2C10070642335117F,2,True
302,0,280,0x34Bec78b6d155e14060b3a38a8497D560F45D30e,1,True
302,0,281,0x00B5ADe4ac1fE9cCc08Addc2C10070642335117F,2,True
302,0,282,0xDdd5CE3Bdf841aC617f24E673745f5B1AcC9f291,1,True
302,0,283,0x34Bec78b6d155e14060b3a38a8497D560F45D30e,1,True
302,0,284,0x12FA14C9F49CeE96c4F6ba8c7497F7Ef825cAe37,1,True
302,0,285,0x34Bec78b6d155e14060b3a38a8497D560F45D30e,1,True
302,0,286,0x2e879c8F58A470ec71cfB8F49cf4513122E46964,1,True
302,0,287,0x4cb5E653404E1CA4eF4CEE496f3f677483508d66,1,True
302,0,288,0x2B3ED1D32590dce372CE57f186c2c9EEF283685d,1,True
302,0,289,0x00B5ADe4ac1fE9cCc08Addc2C10070642335117F,2,True
302,0,290,0x2e879c8F58A470ec71cfB8F49cf4513122E46964,1,True
302,0,291,0x0A24659FdB1E2c12b9cf71d294f03F9D27f1591f,1,True
302,0,292,0x20862Da5CbDb46Aed6409F8987ffB828Aa981db8,1,True
302,0,293,0x34Bec78b6d155e14060b3a38a8497D560F45D30e,1,True
302,0,294,0x4cb5E653404E1CA4eF4CEE496f3f677483508d66,1,True
302,0,295,0xE8349f1DB09778a47fda6A89598a8dd24615Bb4b,1,True
302,0,296,0x4a2c5a0Af8b29cD5Fd8Eb1d02a83150A3ee10488,1,True
302,0,297,0xa1552A4ba8655065fa9F0697653d4AFc7F2359Fc,1,True
302,0,298,0x34Bec78b6d155e14060b3a38a8497D560F45D30e,1,True
302,0,299,0x34Bec78b6d155e14060b3a38a8497D560F45D30e,1,True
302,0,300,0x00B5ADe4ac1fE9cCc08Addc2C10070642335117F,2,True
302,0,301,0x00B5ADe4ac1fE9cCc08Addc2C10070642335117F,2,True
302,0,302,0xa07f5Ffd166Ca3Ff7567e96a0430F1496cdb470a,1,True
302,0,303,0x0A24659FdB1E2c12b9cf71d294f03F9D27f1591f,1,True
302,0,304,0x34Bec78b6d155e14060b3a38a8497D560F45D30e,1,True
302,0,305,0xA28258957A40AE479D8B1C620ec6E3E09334ec4b,1,True
302,0,306,0x00B5ADe4ac1fE9cCc08Addc2C10070642335117F,2,True
302,0,307,0x0A24659FdB1E2c12b9cf71d294f03F9D27f1591f,1,True
302,0,308,0xf936B0f5B5A9aF020801A6ee021fF0cF72028d38,1,True
302,0,309,0x6c3E007377eFfd74afE237ce3B0Aeef969b63C91,1,True
302,0,310,0x34Bec78b6d155e14060b3a38a8497D560F45D30e,1,True
302,0,311,0xA28258957A40AE479D8B1C620ec6E3E09334ec4b,1,True
302,0,312,0xF035561dcE033DeD865E15E69dB06cfFC88d9213,1,True
302,0,313,0x742c6D3Af4eB3f3E53cAD0a78540DAb276F465B4,0,False
302,0,314,0x00B5ADe4ac1fE9cCc08Addc2C10070642335117F,2,True
302,0,315,0x7C5BD19Fed8325fD060eA2A61DD7cE6Fe3E13C80,2,True
302,0,316,0xf936B0f5B5A9aF020801A6ee021fF0cF72028d38,1,True
302,0,317,0x34Bec78b6d155e14060b3a38a8497D560F45D30e,1,True
302,0,318,0x7d400462dB97672Cf764Af23c11a29cEceaB6B8c,1,True
302,0,319,0x7d400462dB97672Cf764Af23c11a29cEceaB6B8c,1,True
302,0,320,0xF035561dcE033DeD865E15E69dB06cfFC88d9213,1,True
302,0,321,0x00B5ADe4ac1fE9cCc08Addc2C10070642335117F,2,True
302,0,322,0xFCAA3E25e539778edbe28c52483b31F4831708c5,1,True
302,0,323,0xF035561dcE033DeD865E15E69dB06cfFC88d9213,1,True
302,0,324,0x3b247Ce9390E4AB3FaCbBB2f4590a82B6C7dDb40,1,True
302,0,325,0x0A24659FdB1E2c12b9cf71d294f03F9D27f1591f,1,True
302,0,326,0xf936B0f5B5A9aF020801A6ee021fF0cF72028d38,1,True
302,0,327,0x00B5ADe4ac1fE9cCc08Addc2C10070642335117F,2,True
302,0,328,0xB876c875B463683B47fb3dbe938399950D7d8E75,1,True
302,0,329,0xDdd5CE3Bdf841aC617f24E673745f5B1AcC9f291,1,True
302,0,330,0xDdd5CE3Bdf841aC617f24E673745f5B1AcC9f291,1,True
302,0,331,0x2e879c8F58A470ec71cfB8F49cf4513122E46964,1,True
302,0,332,0xF035561dcE033DeD865E15E69dB06cfFC88d9213,1,True
302,0,333,0x00B5ADe4ac1fE9cCc08Addc2C10070642335117F,2,True
302,0,334,0x3b1356CA97A31b3a2DAd0e901b9F73380e00B66D,1,True
302,0,335,0x00B5ADe4ac1fE9cCc08Addc2C10070642335117F,2,True
302,0,336,0xf936B0f5B5A9aF020801A6ee021fF0cF72028d38,1,True
302,0,337,0x9b328488a8f0fa20628bb959769F0BA78de06466,1,True
302,0,338,0x7d400462dB97672Cf764Af23c11a29cEceaB6B8c,1,True
302,0,339,0x5e7B645d5Bf86750CB1913122ba8A8545e2A9FD1,2,True
302,0,340,0x8539808f22F3853eDAc275eD3C114BC6878a24dB,1,True
302,0,341,0xF035561dcE033DeD865E15E69dB06cfFC88d9213,1,True
302,0,342,0xDdd5CE3Bdf841aC617f24E673745f5B1AcC9f291,1,True
302,0,343,0x34Bec78b6d155e14060b3a38a8497D560F45D30e,1,True
302,0,344,0x34Bec78b6d155e14060b3a38a8497D560F45D30e,1,True
302,0,345,0x24D0Db7E182fCD29DdeA14C04BCb182c89CBB0C0,1,True
302,0,346,0x00B5ADe4ac1fE9cCc08Addc2C10070642335117F,2,True
302,0,347,0xc26F827F1b8CF661a7bCA954bB21EB6138A27101,1,True
302,0,348,0x4C9447296A38F56dcBced69A3bAA74bC4CE35816,1,True
302,0,349,0xA28258957A40AE479D8B1C620ec6E3E09334ec4b,1,True
302,0,350,0x98eF00F6850855d9606cf1058EDfD4a1a8A4F08E,2,True
302,0,351,0x8e471e644c71635471933f16E925326c68A30327,1,True
302,0,352,0x00B5ADe4ac1fE9cCc08Addc2C10070642335117F,2,True
302,0,353,0xa1552A4ba8655065fa9F0697653d4AFc7F2359Fc,1,True
302,0,354,0xDdd5CE3Bdf841aC617f24E673745f5B1AcC9f291,1,True
302,0,355,0x00B5ADe4ac1fE9cCc08Addc2C10070642335117F,2,True
302,0,356,0x42c1Bd0d85F6A3b04E80FAde8be68B406f36D1B3,1,True
302,0,357,0x00B5ADe4ac1fE9cCc08Addc2C10070642335117F,2,True
302,0,358,0x0A24659FdB1E2c12b9cf71d294f03F9D27f1591f,1,True
302,0,359,0xDdd5CE3Bdf841aC617f24E673745f5B1AcC9f291,1,True
302,0,360,0x00B5ADe4ac1fE9cCc08Addc2C10070642335117F,2,True
302,0,361,0x7d400462dB97672Cf764Af23c11a29cEceaB6B8c,1,True
302,0,362,0x0A24659FdB1E2c12b9cf71d294f03F9D27f1591f,1,True
302,0,363,0xDdd5CE3Bdf841aC617f24E673745f5B1AcC9f291,1,True
302,0,364,0x98eF00F6850855d9606cf1058EDfD4a1a8A4F08E,2,True
302,0,365,0x98eF00F6850855d9606cf1058EDfD4a1a8A4F08E,2,True
302,0,366,0x34Bec78b6d155e14060b3a38a8497D560F45D30e,1,True
302,0,367,0xf936B0f5B5A9aF020801A6ee021fF0cF72028d38,1,True
302,0,368,0x34Bec78b6d155e14060b3a38a8497D560F45D30e,1,True
302,0,369,0x34Bec78b6d155e14060b3a38a8497D560F45D30e,1,True
302,0,370,0xA28258957A40AE479D8B1C620ec6E3E09334ec4b,1,True
302,0,371,0xa07f5Ffd166Ca3Ff7567e96a0430F1496cdb470a,1,True
302,0,372,0x4cb5E653404E1CA4eF4CEE496f3f677483508d66,1,True
302,0,373,0xFCAA3E25e539778edbe28c52483b31F4831708c5,1,True
302,0,374,0x34Bec78b6d155e14060b3a38a8497D560F45D30e,1,True
302,0,375,0x3b247Ce9390E4AB3FaCbBB2f4590a82B6C7dDb40,1,True
302,0,376,0x34Bec78b6d155e14060b3a38a8497D560F45D30e,1,True
302,0,377,0x4a2c5a0Af8b29cD5Fd8Eb1d02a83150A3ee10488,1,True
302,0,378,0xC0B53221A7dbcbcE68441C26ea4DA73266D6bc20,2,True
302,0,379,0x34Bec78b6d155e14060b3a38a8497D560F45D30e,1,True
302,0,380,0xFCAA3E25e539778edbe28c52483b31F4831708c5,1,True
302,0,381,0x7d400462dB97672Cf764Af23c11a29cEceaB6B8c,1,True
302,0,382,0x00B5ADe4ac1fE9cCc08Addc2C10070642335117F,2,True
302,0,383,0xDdd5CE3Bdf841aC617f24E673745f5B1AcC9f291,1,True
302,0,384,0x98eF00F6850855d9606cf1058EDfD4a1a8A4F08E,2,True
302,0,385,0xDdd5CE3Bdf841aC617f24E673745f5B1AcC9f291,1,True
302,0,386,0xB876c875B463683B47fb3dbe938399950D7d8E75,1,True
302,0,387,0x24D55b7da98A675BCe37bC89909b5F73A568a1d5,1,True
302,0,388,0x00B5ADe4ac1fE9cCc08Addc2C10070642335117F,2,True
302,0,389,0x98eF00F6850855d9606cf1058EDfD4a1a8A4F08E,2,True
302,0,390,0x34Bec78b6d155e14060b3a38a8497D560F45D30e,1,True
302,0,391,0x98eF00F6850855d9606cf1058EDfD4a1a8A4F08E,2,True
302,0,392,0x98eF00F6850855d9606cf1058EDfD4a1a8A4F08E,2,True
302,0,393,0x2e879c8F58A470ec71cfB8F49cf4513122E46964,1,True
302,0,394,0x0A24659FdB1E2c12b9cf71d294f03F9D27f1591f,1,True
302,0,395,0x2e879c8F58A470ec71cfB8F49cf4513122E46964,1,True
302,0,396,0x34Bec78b6d155e14060b3a38a8497D560F45D30e,1,True
302,0,397,0x00B5ADe4ac1fE9cCc08Addc2C10070642335117F,2,True
302,0,398,0xDdd5CE3Bdf841aC617f24E673745f5B1AcC9f291,1,True
302,0,399,0x34Bec78b6d155e14060b3a38a8497D560F45D30e,1,True
302,0,400,0xF035561dcE033DeD865E15E69dB06cfFC88d9213,1,True
302,0,401,0x34Bec78b6d155e14060b3a38a8497D560F45D30e,1,True
302,0,402,0x00B5ADe4ac1fE9cCc08Addc2C10070642335117F,2,True
302,0,403,0x0D256C49E5DF2B9bAE2A04b6C2622AC459396dc2,1,True
302,0,404,0x2e879c8F58A470ec71cfB8F49cf4513122E46964,1,True
302,0,405,0x00B5ADe4ac1fE9cCc08Addc2C10070642335117F,2,True
302,0,406,0x00B5ADe4ac1fE9cCc08Addc2C10070642335117F,2,True
302,0,407,0x7C5BD19Fed8325fD060eA2A61DD7cE6Fe3E13C80,2,True
302,0,408,0x0A24659FdB1E2c12b9cf71d294f03F9D27f1591f,1,True
302,0,409,0xA28258957A40AE479D8B1C620ec6E3E09334ec4b,1,True
302,0,410,0x00B5ADe4ac1fE9cCc08Addc2C10070642335117F,2,True
302,0,411,0xaB6AFA507adFac8A2c22C85716CB74156c897D4B,1,True
302,0,412,0x34Bec78b6d155e14060b3a38a8497D560F45D30e,1,True
302,0,413,0x4cb5E653404E1CA4eF4CEE496f3f677483508d66,1,True
302,0,414,0x909850e31836fd81c404d5ed72d263C74e43183c,0,False
302,0,415,0xc8f7b747eefc216964E567C14Ec823d17D25C932,1,True
302,0,416,0x34Bec78b6d155e14060b3a38a8497D560F45D30e,1,True
302,0,417,0xDdd5CE3Bdf841aC617f24E673745f5B1AcC9f291,1,True
302,0,418,0x9b328488a8f0fa20628bb959769F0BA78de06466,1,True
302,0,419,0xc8f7b747eefc216964E567C14Ec823d17D25C932,1,True
302,0,420,0x3F462891248545b596C435c8EDCADECe67DA172f,1,True
302,0,421,0x4cb5E653404E1CA4eF4CEE496f3f677483508d66,1,True
302,0,422,0x2e879c8F58A470ec71cfB8F49cf4513122E46964,1,True
302,0,423,0x00B5ADe4ac1fE9cCc08Addc2C10070642335117F,2,True
302,0,424,0xa07f5Ffd166Ca3Ff7567e96a0430F1496cdb470a,1,True
302,0,425,0x6c3E007377eFfd74afE237ce3B0Aeef969b63C91,1,True
302,0,426,0xf936B0f5B5A9aF020801A6ee021fF0cF72028d38,1,True
302,0,427,0x00B5ADe4ac1fE9cCc08Addc2C10070642335117F,2,True
302,0,428,0xDdd5CE3Bdf841aC617f24E673745f5B1AcC9f291,1,True
302,0,429,0xaB6AFA507adFac8A2c22C85716CB74156c897D4B,1,True
302,0,430,0x33235Db0D76c26E6238EEb2cFd8B127A94202e5C,1,True
302,0,431,0xF035561dcE033DeD865E15E69dB06cfFC88d9213,1,True
302,0,432,0x2e879c8F58A470ec71cfB8F49cf4513122E46964,1,True
302,0,433,0x34Bec78b6d155e14060b3a38a8497D560F45D30e,1,True
302,0,434,0x34Bec78b6d155e14060b3a38a8497D560F45D30e,1,True
302,0,435,0x34Bec78b6d155e14060b3a38a8497D560F45D30e,1,True
302,0,436,0xDdd5CE3Bdf841aC617f24E673745f5B1AcC9f291,1,True
302,0,437,0xDdd5CE3Bdf841aC617f24E673745f5B1AcC9f291,1,True
302,0,438,0x34Bec78b6d155e14060b3a38a8497D560F45D30e,1,True
302,0,439,0x34Bec78b6d155e14060b3a38a8497D560F45D30e,1,True
302,0,440,0xDdd5CE3Bdf841aC617f24E673745f5B1AcC9f291,1,True
302,0,441,0xF035561dcE033DeD865E15E69dB06cfFC88d9213,1,True
302,0,442,0xB876c875B463683B47fb3dbe938399950D7d8E75,1,True
302,0,443,0x24D0Db7E182fCD29DdeA14C04BCb182c89CBB0C0,1,True
302,0,444,0x34Bec78b6d155e14060b3a38a8497D560F45D30e,1,True
302,0,445,0xA311Ab5780aA036B71aAc2b71163fD03ec0DF59E,1,True
302,0,446,0x34Bec78b6d155e14060b3a38a8497D560F45D30e,1,True
302,0,447,0x9b328488a8f0fa20628bb959769F0BA78de06466,1,True
302,0,448,0x5FDAb11E7D3ae700AF9e8c50e976CD0A85b12438,1,True
302,0,449,0xa07f5Ffd166Ca3Ff7567e96a0430F1496cdb470a,1,True
302,0,450,0x00B5ADe4ac1fE9cCc08Addc2C10070642335117F,2,True
302,0,451,0x34Bec78b6d155e14060b3a38a8497D560F45D30e,1,True
302,0,452,0x00B5ADe4ac1fE9cCc08Addc2C10070642335117F,2,True
302,0,453,0x909850e31836fd81c404d5ed72d263C74e43183c,0,False
302,0,454,0x00B5ADe4ac1fE9cCc08Addc2C10070642335117F,2,True
302,0,455,0xC0B53221A7dbcbcE68441C26ea4DA73266D6bc20,2,True
302,0,456,0xa07f5Ffd166Ca3Ff7567e96a0430F1496cdb470a,1,True
302,0,457,0xFecd90B388f0f1dA91421b1A848013a0fe0c10ab,1,True
302,0,458,0x00B5ADe4ac1fE9cCc08Addc2C10070642335117F,2,True
302,0,459,0xa1552A4ba8655065fa9F0697653d4AFc7F2359Fc,1,True
302,0,460,0x34Bec78b6d155e14060b3a38a8497D560F45D30e,1,True
302,0,461,0x4cb5E653404E1CA4eF4CEE496f3f677483508d66,1,True
302,0,462,0x98eF00F6850855d9606cf1058EDfD4a1a8A4F08E,2,True
302,0,463,0x34Bec78b6d155e14060b3a38a8497D560F45D30e,1,True
302,0,464,0xaeaD6593710Bf28bF4848b24F4ed1F130773d7E6,1,True
302,0,465,0x5e7B645d5Bf86750CB1913122ba8A8545e2A9FD1,2,True
302,0,466,0x00B5ADe4ac1fE9cCc08Addc2C10070642335117F,2,True
302,0,467,0x98eF00F6850855d9606cf1058EDfD4a1a8A4F08E,2,True
302,0,468,0xc26F827F1b8CF661a7bCA954bB21EB6138A27101,1,True
302,0,469,0x34Bec78b6d155e14060b3a38a8497D560F45D30e,1,True
302,0,470,0x2e879c8F58A470ec71cfB8F49cf4513122E46964,1,True
302,0,471,0x0A24659FdB1E2c12b9cf71d294f03F9D27f1591f,1,True
302,0,472,0x2e879c8F58A470ec71cfB8F49cf4513122E46964,1,True
302,0,473,0xa07f5Ffd166Ca3Ff7567e96a0430F1496cdb470a,1,True
302,0,474,0x4cb5E653404E1CA4eF4CEE496f3f677483508d66,1,True
302,0,475,0xc26F827F1b8CF661a7bCA954bB21EB6138A27101,1,True
302,0,476,0x34Bec78b6d155e14060b3a38a8497D560F45D30e,1,True
302,0,477,0x34Bec78b6d155e14060b3a38a8497D560F45D30e,1,True
302,0,478,0x9b328488a8f0fa20628bb959769F0BA78de06466,1,True
302,0,479,0xDdd5CE3Bdf841aC617f24E673745f5B1AcC9f291,1,True
302,0,480,0x4cb5E653404E1CA4eF4CEE496f3f677483508d66,1,True
302,0,481,0xf936B0f5B5A9aF020801A6ee021fF0cF72028d38,1,True
302,0,482,0xDdd5CE3Bdf841aC617f24E673745f5B1AcC9f291,1,True
302,0,483,0x00B5ADe4ac1fE9cCc08Addc2C10070642335117F,2,True
302,0,484,0xA28258957A40AE479D8B1C620ec6E3E09334ec4b,1,True
302,0,485,0xf936B0f5B5A9aF020801A6ee021fF0cF72028d38,1,True
302,0,486,0xf936B0f5B5A9aF020801A6ee021fF0cF72028d38,1,True
302,0,487,0x98eF00F6850855d9606cf1058EDfD4a1a8A4F08E,2,True
302,0,488,0xc26F827F1b8CF661a7bCA954bB21EB6138A27101,1,True
302,0,489,0x34Bec78b6d155e14060b3a38a8497D560F45D30e,1,True
302,0,490,0x4cb5E653404E1CA4eF4CEE496f3f677483508d66,1,True
302,0,491,0x00B5ADe4ac1fE9cCc08Addc2C10070642335117F,2,True
302,0,492,0x00B5ADe4ac1fE9cCc08Addc2C10070642335117F,2,True
302,0,493,0x00B5ADe4ac1fE9cCc08Addc2C10070642335117F,2,True
302,0,494,0xa07f5Ffd166Ca3Ff7567e96a0430F1496cdb470a,1,True
302,0,495,0xa07f5Ffd166Ca3Ff7567e96a0430F1496cdb470a,1,True
302,0,496,0xa1552A4ba8655065fa9F0697653d4AFc7F2359Fc,1,True
302,0,497,0xF035561dcE033DeD865E15E69dB06cfFC88d9213,1,True
302,0,498,0xDdd5CE3Bdf841aC617f24E673745f5B1AcC9f291,1,True
302,0,499,0x34Bec78b6d155e14060b3a38a8497D560F45D30e,1,True
301,0,0,0x34Bec78b6d155e14060b3a38a8497D560F45D30e,1,True
301,0,1,0x34Bec78b6d155e14060b3a38a8497D560F45D30e,1,True
301,0,2,0x00B5ADe4ac1fE9cCc08Addc2C10070642335117F,2,True
301,0,3,0xa07f5Ffd166Ca3Ff7567e96a0430F1496cdb470a,1,True
301,0,4,0x0A24659FdB1E2c12b9cf71d294f03F9D27f1591f,0,False
300,0,0,0x9f1175193ABCc1060e3c7f940484d033A3bDCEF7,2,True
300,0,1,0xf936B0f5B5A9aF020801A6ee021fF0cF72028d38,2,True
300,0,2,0x3F462891248545b596C435c8EDCADECe67DA172f,2,True
299,0,0,0x0FA960785B6B5979c7B0A0ED2ffC96329C6F09A9,0,False
299,0,1,0xE489605b17ccf0647325Fb92a63Df59d86e8612F,1,True
299,0,2,0xA311Ab5780aA036B71aAc2b71163fD03ec0DF59E,2,True
299,0,3,0xA2c2152f38A914f5c52dc256b35C0F30Aa1B0720,2,True
299,0,4,0xA311Ab5780aA036B71aAc2b71163fD03ec0DF59E,2,True
299,0,5,0xA311Ab5780aA036B71aAc2b71163fD03ec0DF59E,2,True
299,0,6,0xA311Ab5780aA036B71aAc2b71163fD03ec0DF59E,2,True
299,0,7,0xF035561dcE033DeD865E15E69dB06cfFC88d9213,2,True
299,0,8,0xF035561dcE033DeD865E15E69dB06cfFC88d9213,2,True
299,0,9,0xF035561dcE033DeD865E15E69dB06cfFC88d9213,2,True
299,0,10,0xF035561dcE033DeD865E15E69dB06cfFC88d9213,2,True
299,0,11,0xf3860788D1597cecF938424bAABe976FaC87dC26,1,True
299,0,12,0xF035561dcE033DeD865E15E69dB06cfFC88d9213,2,True
299,0,13,0xB876c875B463683B47fb3dbe938399950D7d8E75,2,True
299,0,14,0xA311Ab5780aA036B71aAc2b71163fD03ec0DF59E,2,True
299,0,15,0xA311Ab5780aA036B71aAc2b71163fD03ec0DF59E,2,True
299,0,16,0x5091A8dE5e7E750F5C7D0a5Fb748a87439050599,2,True
299,0,17,0xA311Ab5780aA036B71aAc2b71163fD03ec0DF59E,2,True
299,0,18,0xF035561dcE033DeD865E15E69dB06cfFC88d9213,2,True
299,0,19,0xF035561dcE033DeD865E15E69dB06cfFC88d9213,2,True
299,0,20,0xA311Ab5780aA036B71aAc2b71163fD03ec0DF59E,2,True
299,0,21,0xE489605b17ccf0647325Fb92a63Df59d86e8612F,1,True
299,0,22,0xF035561dcE033DeD865E15E69dB06cfFC88d9213,2,True
299,0,23,0x5091A8dE5e7E750F5C7D0a5Fb748a87439050599,2,True
299,0,24,0x0C434B29b5D31d5E660B22FAAef885c740a9E581,2,True
299,0,25,0xa214fC5809f5DC6c91fB117853E3ca918e4E94B7,2,True
299,0,26,0xF035561dcE033DeD865E15E69dB06cfFC88d9213,2,True
299,0,27,0xA311Ab5780aA036B71aAc2b71163fD03ec0DF59E,2,True
299,0,28,0xE489605b17ccf0647325Fb92a63Df59d86e8612F,1,True
299,0,29,0xA311Ab5780aA036B71aAc2b71163fD03ec0DF59E,2,True
299,0,30,0x5091A8dE5e7E750F5C7D0a5Fb748a87439050599,2,True
298,0,0,0xF035561dcE033DeD865E15E69dB06cfFC88d9213,1,True
298,0,1,0x010afb8548a5D1a3a3D62f58CA0a5A1329974206,2,True
298,0,2,0xF035561dcE033DeD865E15E69dB06cfFC88d9213,1,True
297,0,0,0x9f1175193ABCc1060e3c7f940484d033A3bDCEF7,2,True
297,0,1,0xF035561dcE033DeD865E15E69dB06cfFC88d9213,2,True
297,0,2,0x9b328488a8f0fa20628bb959769F0BA78de06466,2,True
296,0,0,0xA311Ab5780aA036B71aAc2b71163fD03ec0DF59E,2,True
296,0,1,0x010afb8548a5D1a3a3D62f58CA0a5A1329974206,2,True
296,0,2,0xf936B0f5B5A9aF020801A6ee021fF0cF72028d38,2,True
295,0,0,0x010afb8548a5D1a3a3D62f58CA0a5A1329974206,2,True
295,0,1,0x010afb8548a5D1a3a3D62f58CA0a5A1329974206,2,True
295,0,2,0xA311Ab5780aA036B71aAc2b71163fD03ec0DF59E,2,True
294,0,0,0x010afb8548a5D1a3a3D62f58CA0a5A1329974206,2,True
294,0,1,0xf936B0f5B5A9aF020801A6ee021fF0cF72028d38,2,True
294,0,2,0x27fE00A5a1212e9294b641BA860a383783016C67,2,True
293,0,0,0xf936B0f5B5A9aF020801A6ee021fF0cF72028d38,2,True
293,0,1,0x010afb8548a5D1a3a3D62f58CA0a5A1329974206,2,True
293,0,2,0xf936B0f5B5A9aF020801A6ee021fF0cF72028d38,2,True
293,1,0,0xf936B0f5B5A9aF020801A6ee021fF0cF72028d38,2,True
293,1,1,0xb841a0A64399e0c391629EDE0ad2cE6336351b33,2,True
293,1,2,0xF035561dcE033DeD865E15E69dB06cfFC88d9213,1,True
293,1,3,0xf936B0f5B5A9aF020801A6ee021fF0cF72028d38,2,True
293,1,4,0x477ADf27A761167484aECCbE08b9D30Aaa12863E,2,True
293,1,5,0x96Affd75859Ce03949810fb30b910B20d51ad40d,1,True
293,1,6,0xc8f7b747eefc216964E567C14Ec823d17D25C932,2,True
293,2,0,0x24D0Db7E182fCD29DdeA14C04BCb182c89CBB0C0,1,True
293,2,1,0xb841a0A64399e0c391629EDE0ad2cE6336351b33,2,True
293,2,2,0xF035561dcE033DeD865E15E69dB06cfFC88d9213,1,True
293,2,3,0x6F5f5d2A7D9b6EA028b8eFCeab2Ff221A27ab6e3,2,True
293,2,4,0xA311Ab5780aA036B71aAc2b71163fD03ec0DF59E,2,True
293,2,5,0x6F5f5d2A7D9b6EA028b8eFCeab2Ff221A27ab6e3,2,True
293,2,6,0xA311Ab5780aA036B71aAc2b71163fD03ec0DF59E,2,True
293,2,7,0xb841a0A64399e0c391629EDE0ad2cE6336351b33,2,True
293,2,8,0xb841a0A64399e0c391629EDE0ad2cE6336351b33,2,True
293,2,9,0x12FA14C9F49CeE96c4F6ba8c7497F7Ef825cAe37,2,True
293,2,10,0xF035561dcE033DeD865E15E69dB06cfFC88d9213,1,True
293,2,11,0x24D0Db7E182fCD29DdeA14C04BCb182c89CBB0C0,1,True
293,2,12,0x12FA14C9F49CeE96c4F6ba8c7497F7Ef825cAe37,2,True
293,2,13,0xF035561dcE033DeD865E15E69dB06cfFC88d9213,1,True
293,2,14,0x8e471e644c71635471933f16E925326c68A30327,2,True
292,0,0,0x010afb8548a5D1a3a3D62f58CA0a5A1329974206,1,True
292,0,1,0x010afb8548a5D1a3a3D62f58CA0a5A1329974206,1,True
292,0,2,0xda8C5db86aa21547d55625b695A0351FCd561fD2,1,True
291,0,0,0xE8349f1DB09778a47fda6A89598a8dd24615Bb4b,2,True
291,0,1,0xaeaD6593710Bf28bF4848b24F4ed1F130773d7E6,2,True
291,0,2,0xf936B0f5B5A9aF020801A6ee021fF0cF72028d38,2,True
290,0,0,0x010afb8548a5D1a3a3D62f58CA0a5A1329974206,1,True
290,0,1,0xf936B0f5B5A9aF020801A6ee021fF0cF72028d38,1,True
290,0,2,0x24D0Db7E182fCD29DdeA14C04BCb182c89CBB0C0,1,True
289,0,0,0x9b70502efAaF3470F62ca3A27F7EaB37942f4E80,1,True
289,0,1,0x9b328488a8f0fa20628bb959769F0BA78de06466,1,True
289,0,2,0xF035561dcE033DeD865E15E69dB06cfFC88d9213,1,True
288,0,0,0x4C9447296A38F56dcBced69A3bAA74bC4CE35816,2,True
288,0,1,0x010afb8548a5D1a3a3D62f58CA0a5A1329974206,2,True
288,0,2,0xf936B0f5B5A9aF020801A6ee021fF0cF72028d38,2,True
287,0,0,0xf936B0f5B5A9aF020801A6ee021fF0cF72028d38,2,True
287,0,1,0x010afb8548a5D1a3a3D62f58CA0a5A1329974206,2,True
287,0,2,0xA311Ab5780aA036B71aAc2b71163fD03ec0DF59E,2,True
286,0,0,0xa07f5Ffd166Ca3Ff7567e96a0430F1496cdb470a,2,True
286,0,1,0xf936B0f5B5A9aF020801A6ee021fF0cF72028d38,1,True
286,0,2,0x0855f08E143E1db081cC3c571F40787dcFb69b9d,2,True
285,0,0,0xF035561dcE033DeD865E15E69dB06cfFC88d9213,2,True
285,0,1,0xA311Ab5780aA036B71aAc2b71163fD03ec0DF59E,2,True
285,0,2,0xa07f5Ffd166Ca3Ff7567e96a0430F1496cdb470a,2,True
284,0,0,0x9bfDA54A453F503d487f2F32554dE73f03E24853,2,True
284,0,1,0xf936B0f5B5A9aF020801A6ee021fF0cF72028d38,2,True
284,0,2,0xf936B0f5B5A9aF020801A6ee021fF0cF72028d38,2,True
283,0,0,0x4C9447296A38F56dcBced69A3bAA74bC4CE35816,2,True
283,0,1,0xA311Ab5780aA036B71aAc2b71163fD03ec0DF59E,2,True
283,0,2,0xF035561dcE033DeD865E15E69dB06cfFC88d9213,2,True
282,0,0,0xF035561dcE033DeD865E15E69dB06cfFC88d9213,1,True
282,0,1,0x24D0Db7E182fCD29DdeA14C04BCb182c89CBB0C0,1,True
282,0,2,0xaeaD6593710Bf28bF4848b24F4ed1F130773d7E6,1,True
281,0,0,0x24D0Db7E182fCD29DdeA14C04BCb182c89CBB0C0,1,True
281,0,1,0xF035561dcE033DeD865E15E69dB06cfFC88d9213,2,True
281,0,2,0xf936B0f5B5A9aF020801A6ee021fF0cF72028d38,2,True
281,1,0,0x12FA14C9F49CeE96c4F6ba8c7497F7Ef825cAe37,2,True
281,1,1,0x4C9447296A38F56dcBced69A3bAA74bC4CE35816,2,True
281,1,2,0x477ADf27A761167484aECCbE08b9D30Aaa12863E,2,True
281,1,3,0xb841a0A64399e0c391629EDE0ad2cE6336351b33,2,True
281,1,4,0x4C9447296A38F56dcBced69A3bAA74bC4CE35816,2,True
281,1,5,0xE8349f1DB09778a47fda6A89598a8dd24615Bb4b,2,True
281,1,6,0x96Affd75859Ce03949810fb30b910B20d51ad40d,2,True
281,2,0,0xF035561dcE033DeD865E15E69dB06cfFC88d9213,2,True
281,2,1,0x48909739001FA130Ea554D45508714824C2467B5,2,True
281,2,2,0xb841a0A64399e0c391629EDE0ad2cE6336351b33,2,True
281,2,3,0x8e471e644c71635471933f16E925326c68A30327,2,True
281,2,4,0xE8349f1DB09778a47fda6A89598a8dd24615Bb4b,2,True
281,2,5,0xA311Ab5780aA036B71aAc2b71163fD03ec0DF59E,2,True
281,2,6,0xa07f5Ffd166Ca3Ff7567e96a0430F1496cdb470a,2,True
281,2,7,0xc8f7b747eefc216964E567C14Ec823d17D25C932,2,True
281,2,8,0xF035561dcE033DeD865E15E69dB06cfFC88d9213,2,True
281,2,9,0xBce3Bd1E1Cc867d6BE17924E4D53ae1cc147Dc7b,2,True
281,2,10,0xF035561dcE033DeD865E15E69dB06cfFC88d9213,2,True
281,2,11,0xA311Ab5780aA036B71aAc2b71163fD03ec0DF59E,2,True
281,2,12,0xA311Ab5780aA036B71aAc2b71163fD03ec0DF59E,2,True
281,2,13,0xaeaD6593710Bf28bF4848b24F4ed1F130773d7E6,2,True
281,2,14,0x27fE00A5a1212e9294b641BA860a383783016C67,2,True
280,0,0,0xe08C55b3722b9Faa2473C5a2EbA33BEA30ba7D26,2,True
280,0,1,0xda8C5db86aa21547d55625b695A0351FCd561fD2,2,True
280,0,2,0x4C9447296A38F56dcBced69A3bAA74bC4CE35816,2,True
279,0,0,0x24D0Db7E182fCD29DdeA14C04BCb182c89CBB0C0,1,True
279,0,1,0xf936B0f5B5A9aF020801A6ee021fF0cF72028d38,2,True
279,0,2,0x8b26c150F0e4870511d142a5636d7E529a2CBbbf,2,True
279,1,0,0xa07f5Ffd166Ca3Ff7567e96a0430F1496cdb470a,2,True
279,1,1,0xF035561dcE033DeD865E15E69dB06cfFC88d9213,2,True
279,1,2,0x27fE00A5a1212e9294b641BA860a383783016C67,2,True
279,1,3,0xF035561dcE033DeD865E15E69dB06cfFC88d9213,2,True
279,1,4,0xda8C5db86aa21547d55625b695A0351FCd561fD2,2,True
279,1,5,0x12FA14C9F49CeE96c4F6ba8c7497F7Ef825cAe37,2,True
279,1,6,0x5091A8dE5e7E750F5C7D0a5Fb748a87439050599,2,True
279,2,0,0x39d94eD8102740E8Fad63E55473a466Aa20e0983,2,True
279,2,1,0x48909739001FA130Ea554D45508714824C2467B5,2,True
279,2,2,0xF035561dcE033DeD865E15E69dB06cfFC88d9213,2,True
279,2,3,0xaeaD6593710Bf28bF4848b24F4ed1F130773d7E6,2,True
279,2,4,0x6F5f5d2A7D9b6EA028b8eFCeab2Ff221A27ab6e3,2,True
279,2,5,0x8e471e644c71635471933f16E925326c68A30327,2,True
279,2,6,0xF035561dcE033DeD865E15E69dB06cfFC88d9213,2,True
279,2,7,0x12FA14C9F49CeE96c4F6ba8c7497F7Ef825cAe37,2,True
279,2,8,0x6F5f5d2A7D9b6EA028b8eFCeab2Ff221A27ab6e3,2,True
279,2,9,0x477ADf27A761167484aECCbE08b9D30Aaa12863E,2,True
279,2,10,0xb841a0A64399e0c391629EDE0ad2cE6336351b33,2,True
279,2,11,0x4e880933AAa461a5FbD0D499f1e142D78f77c8eA,2,True
279,2,12,0xFAe184739fBAa9c796fd0a28e96AEE2A295567e4,2,True
279,2,13,0xaeaD6593710Bf28bF4848b24F4ed1F130773d7E6,2,True
279,2,14,0xE8349f1DB09778a47fda6A89598a8dd24615Bb4b,2,True
278,0,0,0xf936B0f5B5A9aF020801A6ee021fF0cF72028d38,2,True
278,0,1,0x24D0Db7E182fCD29DdeA14C04BCb182c89CBB0C0,1,True
278,0,2,0xF035561dcE033DeD865E15E69dB06cfFC88d9213,2,True
278,1,0,0xA311Ab5780aA036B71aAc2b71163fD03ec0DF59E,2,True
278,1,1,0xc8f7b747eefc216964E567C14Ec823d17D25C932,2,True
278,1,2,0xBce3Bd1E1Cc867d6BE17924E4D53ae1cc147Dc7b,2,True
278,1,3,0x4C9447296A38F56dcBced69A3bAA74bC4CE35816,2,True
278,1,4,0x8e471e644c71635471933f16E925326c68A30327,2,True
278,1,5,0x24D0Db7E182fCD29DdeA14C04BCb182c89CBB0C0,1,True
278,1,6,0x8e471e644c71635471933f16E925326c68A30327,2,True
277,0,0,0xf936B0f5B5A9aF020801A6ee021fF0cF72028d38,2,True
277,0,1,0xA311Ab5780aA036B71aAc2b71163fD03ec0DF59E,2,True
277,0,2,0xf936B0f5B5A9aF020801A6ee021fF0cF72028d38,2,True
276,0,0,0xda8C5db86aa21547d55625b695A0351FCd561fD2,2,True
276,0,1,0xF035561dcE033DeD865E15E69dB06cfFC88d9213,2,True
276,0,2,0xf936B0f5B5A9aF020801A6ee021fF0cF72028d38,2,True
275,0,0,0xf936B0f5B5A9aF020801A6ee021fF0cF72028d38,2,True
275,0,1,0xA311Ab5780aA036B71aAc2b71163fD03ec0DF59E,2,True
275,0,2,0xF035561dcE033DeD865E15E69dB06cfFC88d9213,2,True
274,0,0,0xf936B0f5B5A9aF020801A6ee021fF0cF72028d38,2,True
274,0,1,0xF035561dcE033DeD865E15E69dB06cfFC88d9213,2,True
274,0,2,0xF035561dcE033DeD865E15E69dB06cfFC88d9213,2,True
273,0,0,0xda8C5db86aa21547d55625b695A0351FCd561fD2,2,True
273,0,1,0xf936B0f5B5A9aF020801A6ee021fF0cF72028d38,2,True
273,0,2,0xBce3Bd1E1Cc867d6BE17924E4D53ae1cc147Dc7b,2,True
272,0,0,0x24D0Db7E182fCD29DdeA14C04BCb182c89CBB0C0,1,True
272,0,1,0xf936B0f5B5A9aF020801A6ee021fF0cF72028d38,2,True
272,0,2,0xf936B0f5B5A9aF020801A6ee021fF0cF72028d38,2,True
272,1,0,0x8b26c150F0e4870511d142a5636d7E529a2CBbbf,2,True
272,1,1,0x4a2c5a0Af8b29cD5Fd8Eb1d02a83150A3ee10488,2,True
272,1,2,0x96Affd75859Ce03949810fb30b910B20d51ad40d,2,True
272,1,3,0xb841a0A64399e0c391629EDE0ad2cE6336351b33,2,True
272,1,4,0xb841a0A64399e0c391629EDE0ad2cE6336351b33,2,True
272,1,5,0x12FA14C9F49CeE96c4F6ba8c7497F7Ef825cAe37,2,True
272,1,6,0x477ADf27A761167484aECCbE08b9D30Aaa12863E,2,True
272,2,0,0xaeaD6593710Bf28bF4848b24F4ed1F130773d7E6,2,True
272,2,1,0x27fE00A5a1212e9294b641BA860a383783016C67,2,True
272,2,2,0xb841a0A64399e0c391629EDE0ad2cE6336351b33,2,True
272,2,3,0x8e471e644c71635471933f16E925326c68A30327,2,True
272,2,4,0xF035561dcE033DeD865E15E69dB06cfFC88d9213,2,True
272,2,5,0xE8349f1DB09778a47fda6A89598a8dd24615Bb4b,2,True
272,2,6,0x12FA14C9F49CeE96c4F6ba8c7497F7Ef825cAe37,2,True
272,2,7,0xb841a0A64399e0c391629EDE0ad2cE6336351b33,2,True
272,2,8,0xF035561dcE033DeD865E15E69dB06cfFC88d9213,2,True
272,2,9,0x477ADf27A761167484aECCbE08b9D30Aaa12863E,2,True
272,2,10,0xA311Ab5780aA036B71aAc2b71163fD03ec0DF59E,2,True
272,2,11,0xF035561dcE033DeD865E15E69dB06cfFC88d9213,2,True
272,2,12,0x27fE00A5a1212e9294b641BA860a383783016C67,2,True
272,2,13,0xc8f7b747eefc216964E567C14Ec823d17D25C932,2,True
272,2,14,0xF035561dcE033DeD865E15E69dB06cfFC88d9213,2,True
271,0,0,0xf936B0f5B5A9aF020801A6ee021fF0cF72028d38,2,True
271,0,1,0xF865067A5B9672f11AF8514440D9111AfD05d040,2,True
271,0,2,0xF035561dcE033DeD865E15E69dB06cfFC88d9213,2,True
270,0,0,0xf936B0f5B5A9aF020801A6ee021fF0cF72028d38,2,True
270,0,1,0xda8C5db86aa21547d55625b695A0351FCd561fD2,2,True
270,0,2,0xf936B0f5B5A9aF020801A6ee021fF0cF72028d38,2,True
269,0,0,0xF035561dcE033DeD865E15E69dB06cfFC88d9213,2,True
269,0,1,0xF035561dcE033DeD865E15E69dB06cfFC88d9213,2,True
269,0,2,0x4C9447296A38F56dcBced69A3bAA74bC4CE35816,2,True
268,0,0,0xf936B0f5B5A9aF020801A6ee021fF0cF72028d38,2,True
268,0,1,0xda8C5db86aa21547d55625b695A0351FCd561fD2,2,True
268,0,2,0x27fE00A5a1212e9294b641BA860a383783016C67,2,True
267,0,0,0xF035561dcE033DeD865E15E69dB06cfFC88d9213,2,True
267,0,1,0xf936B0f5B5A9aF020801A6ee021fF0cF72028d38,2,True
267,0,2,0xf936B0f5B5A9aF020801A6ee021fF0cF72028d38,2,True
266,0,0,0x4C9447296A38F56dcBced69A3bAA74bC4CE35816,2,True
266,0,1,0xf936B0f5B5A9aF020801A6ee021fF0cF72028d38,2,True
266,0,2,0xF035561dcE033DeD865E15E69dB06cfFC88d9213,2,True
265,0,0,0x8b26c150F0e4870511d142a5636d7E529a2CBbbf,1,True
265,0,1,0x24D0Db7E182fCD29DdeA14C04BCb182c89CBB0C0,1,True
265,0,2,0x27fE00A5a1212e9294b641BA860a383783016C67,1,True
264,0,0,0xA311Ab5780aA036B71aAc2b71163fD03ec0DF59E,2,True
264,0,1,0x24D0Db7E182fCD29DdeA14C04BCb182c89CBB0C0,1,True
264,0,2,0x8b26c150F0e4870511d142a5636d7E529a2CBbbf,2,True
264,1,0,0xa07f5Ffd166Ca3Ff7567e96a0430F1496cdb470a,2,True
264,1,1,0x27fE00A5a1212e9294b641BA860a383783016C67,2,True
264,1,2,0x24D0Db7E182fCD29DdeA14C04BCb182c89CBB0C0,1,True
264,1,3,0x477ADf27A761167484aECCbE08b9D30Aaa12863E,2,True
264,1,4,0x4C9447296A38F56dcBced69A3bAA74bC4CE35816,2,True
264,1,5,0x3b247Ce9390E4AB3FaCbBB2f4590a82B6C7dDb40,1,True
264,1,6,0x8e471e644c71635471933f16E925326c68A30327,2,True
263,0,0,0xF035561dcE033DeD865E15E69dB06cfFC88d9213,2,True
263,0,1,0x4C9447296A38F56dcBced69A3bAA74bC4CE35816,2,True
263,0,2,0xBce3Bd1E1Cc867d6BE17924E4D53ae1cc147Dc7b,2,True
262,0,0,0xda8C5db86aa21547d55625b695A0351FCd561fD2,2,True
262,0,1,0x24D0Db7E182fCD29DdeA14C04BCb182c89CBB0C0,1,True
262,0,2,0xda8C5db86aa21547d55625b695A0351FCd561fD2,2,True
262,1,0,0x8e471e644c71635471933f16E925326c68A30327,2,True
262,1,1,0x477ADf27A761167484aECCbE08b9D30Aaa12863E,2,True
262,1,2,0xE8349f1DB09778a47fda6A89598a8dd24615Bb4b,2,True
262,1,3,0xF035561dcE033DeD865E15E69dB06cfFC88d9213,2,True
262,1,4,0xa07f5Ffd166Ca3Ff7567e96a0430F1496cdb470a,2,True
262,1,5,0x12FA14C9F49CeE96c4F6ba8c7497F7Ef825cAe37,2,True
262,1,6,0xb841a0A64399e0c391629EDE0ad2cE6336351b33,2,True
262,2,0,0xF035561dcE033DeD865E15E69dB06cfFC88d9213,2,True
262,2,1,0x39d94eD8102740E8Fad63E55473a466Aa20e0983,2,True
262,2,2,0x6F5f5d2A7D9b6EA028b8eFCeab2Ff221A27ab6e3,2,True
262,2,3,0x96Affd75859Ce03949810fb30b910B20d51ad40d,2,True
262,2,4,0xA311Ab5780aA036B71aAc2b71163fD03ec0DF59E,2,True
262,2,5,0xA311Ab5780aA036B71aAc2b71163fD03ec0DF59E,2,True
262,2,6,0xA311Ab5780aA036B71aAc2b71163fD03ec0DF59E,2,True
262,2,7,0x27fE00A5a1212e9294b641BA860a383783016C67,2,True
262,2,8,0xb841a0A64399e0c391629EDE0ad2cE6336351b33,2,True
262,2,9,0x12FA14C9F49CeE96c4F6ba8c7497F7Ef825cAe37,2,True
262,2,10,0x6F5f5d2A7D9b6EA028b8eFCeab2Ff221A27ab6e3,2,True
262,2,11,0xF865067A5B9672f11AF8514440D9111AfD05d040,0,False
262,2,12,0x24D0Db7E182fCD29DdeA14C04BCb182c89CBB0C0,1,True
262,2,13,0xE8349f1DB09778a47fda6A89598a8dd24615Bb4b,2,True
262,2,14,0xE8349f1DB09778a47fda6A89598a8dd24615Bb4b,2,True
261,0,0,0xaeaD6593710Bf28bF4848b24F4ed1F130773d7E6,2,True
261,0,1,0xF035561dcE033DeD865E15E69dB06cfFC88d9213,2,True
261,0,2,0xA311Ab5780aA036B71aAc2b71163fD03ec0DF59E,2,True
260,0,0,0xf936B0f5B5A9aF020801A6ee021fF0cF72028d38,2,True
260,0,1,0xF035561dcE033DeD865E15E69dB06cfFC88d9213,2,True
260,0,2,0xA311Ab5780aA036B71aAc2b71163fD03ec0DF59E,2,True
259,0,0,0x24D0Db7E182fCD29DdeA14C04BCb182c89CBB0C0,1,True
259,0,1,0x4C9447296A38F56dcBced69A3bAA74bC4CE35816,1,True
259,0,2,0xf936B0f5B5A9aF020801A6ee021fF0cF72028d38,1,True
258,0,0,0xBce3Bd1E1Cc867d6BE17924E4D53ae1cc147Dc7b,1,True
258,0,1,0xf936B0f5B5A9aF020801A6ee021fF0cF72028d38,1,True
258,0,2,0xF035561dcE033DeD865E15E69dB06cfFC88d9213,1,True
257,0,0,0xf936B0f5B5A9aF020801A6ee021fF0cF72028d38,1,True
257,0,1,0xf936B0f5B5A9aF020801A6ee021fF0cF72028d38,1,True
257,0,2,0x4C9447296A38F56dcBced69A3bAA74bC4CE35816,1,True
256,0,0,0x4cb5E653404E1CA4eF4CEE496f3f677483508d66,2,True
256,0,1,0x9b328488a8f0fa20628bb959769F0BA78de06466,2,True
256,0,2,0x9b328488a8f0fa20628bb959769F0BA78de06466,2,True
255,0,0,0xf936B0f5B5A9aF020801A6ee021fF0cF72028d38,2,True
255,0,1,0xF035561dcE033DeD865E15E69dB06cfFC88d9213,2,True
255,0,2,0xa07f5Ffd166Ca3Ff7567e96a0430F1496cdb470a,2,True
254,0,0,0xe5DD78C224F26E306c84A9B1aa2DEF30bdf15835,1,True
254,0,1,0xf83f70E148bC6ff29bb627f97EB691F30268c7e3,2,True
254,0,2,0x742c6D3Af4eB3f3E53cAD0a78540DAb276F465B4,0,False
253,0,0,0x24D0Db7E182fCD29DdeA14C04BCb182c89CBB0C0,2,True
253,0,1,0xf936B0f5B5A9aF020801A6ee021fF0cF72028d38,2,True
253,0,2,0xF035561dcE033DeD865E15E69dB06cfFC88d9213,2,True
252,0,0,0xf936B0f5B5A9aF020801A6ee021fF0cF72028d38,2,True
252,0,1,0xa358D4CDD7c2984Ee9aFcb6d1f3EF69872AF5e7C,0,False
252,0,2,0xf936B0f5B5A9aF020801A6ee021fF0cF72028d38,2,True
252,1,0,0xF035561dcE033DeD865E15E69dB06cfFC88d9213,1,True
252,1,1,0xF035561dcE033DeD865E15E69dB06cfFC88d9213,1,True
252,1,2,0x6F5f5d2A7D9b6EA028b8eFCeab2Ff221A27ab6e3,1,True
252,1,3,0xF035561dcE033DeD865E15E69dB06cfFC88d9213,1,True
252,1,4,0xFAe184739fBAa9c796fd0a28e96AEE2A295567e4,1,True
252,1,5,0xda8C5db86aa21547d55625b695A0351FCd561fD2,1,True
252,1,6,0xBce3Bd1E1Cc867d6BE17924E4D53ae1cc147Dc7b,1,True
251,0,0,0xa07f5Ffd166Ca3Ff7567e96a0430F1496cdb470a,2,True
251,0,1,0xF035561dcE033DeD865E15E69dB06cfFC88d9213,2,True
251,0,2,0xa07f5Ffd166Ca3Ff7567e96a0430F1496cdb470a,2,True
250,0,0,0xf936B0f5B5A9aF020801A6ee021fF0cF72028d38,1,True
250,0,1,0xa358D4CDD7c2984Ee9aFcb6d1f3EF69872AF5e7C,0,False
250,0,2,0xF035561dcE033DeD865E15E69dB06cfFC88d9213,1,True
249,0,0,0x24D0Db7E182fCD29DdeA14C04BCb182c89CBB0C0,1,True
249,0,1,0xF035561dcE033DeD865E15E69dB06cfFC88d9213,1,True
249,0,2,0x27fE00A5a1212e9294b641BA860a383783016C67,1,True
248,0,0,0xf936B0f5B5A9aF020801A6ee021fF0cF72028d38,1,True
248,0,1,0xBce3Bd1E1Cc867d6BE17924E4D53ae1cc147Dc7b,1,True
248,0,2,0xF035561dcE033DeD865E15E69dB06cfFC88d9213,1,True
247,0,0,0x4cb5E653404E1CA4eF4CEE496f3f677483508d66,2,True
247,0,1,0xFEFf3E7E11782020cBCA7d8372D5334264685cd4,2,True
247,0,2,0xF035561dcE033DeD865E15E69dB06cfFC88d9213,2,True
246,0,0,0x9b328488a8f0fa20628bb959769F0BA78de06466,2,True
246,0,1,0x4cb5E653404E1CA4eF4CEE496f3f677483508d66,2,True
246,0,2,0xaB6AFA507adFac8A2c22C85716CB74156c897D4B,2,True
245,0,0,0xa07f5Ffd166Ca3Ff7567e96a0430F1496cdb470a,2,True
245,0,1,0xa07f5Ffd166Ca3Ff7567e96a0430F1496cdb470a,2,True
245,0,2,0xa07f5Ffd166Ca3Ff7567e96a0430F1496cdb470a,2,True
244,0,0,0xF035561dcE033DeD865E15E69dB06cfFC88d9213,2,True
244,0,1,0x4cb5E653404E1CA4eF4CEE496f3f677483508d66,2,True
244,0,2,0xF035561dcE033DeD865E15E69dB06cfFC88d9213,2,True
243,0,0,0xa07f5Ffd166Ca3Ff7567e96a0430F1496cdb470a,2,True
243,0,1,0xEc3ccfaf0a160D5A09Fcd7578989F5a6B8cdc489,0,False
243,0,2,0x879c2EE5aDc372d0542D65d80EbFE647Ac1A5f10,0,False
242,0,0,0x4cb5E653404E1CA4eF4CEE496f3f677483508d66,2,True
242,0,1,0x9f1175193ABCc1060e3c7f940484d033A3bDCEF7,0,False
242,0,2,0xf83f70E148bC6ff29bb627f97EB691F30268c7e3,2,True
241,0,0,0x879c2EE5aDc372d0542D65d80EbFE647Ac1A5f10,1,True
241,0,1,0x879c2EE5aDc372d0542D65d80EbFE647Ac1A5f10,1,True
241,0,2,0xF035561dcE033DeD865E15E69dB06cfFC88d9213,1,True
241,0,3,0xA311Ab5780aA036B71aAc2b71163fD03ec0DF59E,1,True
241,0,4,0x879c2EE5aDc372d0542D65d80EbFE647Ac1A5f10,1,True
241,0,5,0xbC6197BFf0316c808456a36658807DCb199bC175,0,False
241,0,6,0xc1b5Bcbc94E6127aC3ee4054d0664E4f6aFe45d3,0,False
241,0,7,0x881fa14F5bFD01D50Bc494245E3828f47D5BF021,2,True
241,0,8,0x881fa14F5bFD01D50Bc494245E3828f47D5BF021,2,True
241,0,9,0x879c2EE5aDc372d0542D65d80EbFE647Ac1A5f10,1,True
241,0,10,0x879c2EE5aDc372d0542D65d80EbFE647Ac1A5f10,1,True
241,0,11,0x881fa14F5bFD01D50Bc494245E3828f47D5BF021,2,True
241,0,12,0x879c2EE5aDc372d0542D65d80EbFE647Ac1A5f10,1,True
241,0,13,0xF035561dcE033DeD865E15E69dB06cfFC88d9213,1,True
241,0,14,0x4C9447296A38F56dcBced69A3bAA74bC4CE35816,1,True
241,0,15,0x879c2EE5aDc372d0542D65d80EbFE647Ac1A5f10,1,True
241,0,16,0xF035561dcE033DeD865E15E69dB06cfFC88d9213,1,True
241,0,17,0xF035561dcE033DeD865E15E69dB06cfFC88d9213,1,True
241,0,18,0x4C9447296A38F56dcBced69A3bAA74bC4CE35816,1,True
241,0,19,0x879c2EE5aDc372d0542D65d80EbFE647Ac1A5f10,1,True
241,0,20,0x879c2EE5aDc372d0542D65d80EbFE647Ac1A5f10,1,True
241,0,21,0x029287eDe1164d2cB38Cc041cF6C3a5fb9eBb7cf,0,False
241,0,22,0xF035561dcE033DeD865E15E69dB06cfFC88d9213,1,True
241,0,23,0x879c2EE5aDc372d0542D65d80EbFE647Ac1A5f10,1,True
241,0,24,0x879c2EE5aDc372d0542D65d80EbFE647Ac1A5f10,1,True
241,0,25,0x881fa14F5bFD01D50Bc494245E3828f47D5BF021,2,True
241,0,26,0x879c2EE5aDc372d0542D65d80EbFE647Ac1A5f10,1,True
241,0,27,0xF035561dcE033DeD865E15E69dB06cfFC88d9213,1,True
241,0,28,0x879c2EE5aDc372d0542D65d80EbFE647Ac1A5f10,1,True
241,0,29,0xF035561dcE033DeD865E15E69dB06cfFC88d9213,1,True
241,0,30,0x879c2EE5aDc372d0542D65d80EbFE647Ac1A5f10,1,True
240,0,0,0x879c2EE5aDc372d0542D65d80EbFE647Ac1A5f10,2,True
240,0,1,0xA311Ab5780aA036B71aAc2b71163fD03ec0DF59E,2,True
240,0,2,0xF035561dcE033DeD865E15E69dB06cfFC88d9213,2,True
239,0,0,0x879c2EE5aDc372d0542D65d80EbFE647Ac1A5f10,2,True
239,0,1,0x879c2EE5aDc372d0542D65d80EbFE647Ac1A5f10,2,True
239,0,2,0x879c2EE5aDc372d0542D65d80EbFE647Ac1A5f10,2,True
238,0,0,0x4C9447296A38F56dcBced69A3bAA74bC4CE35816,2,True
238,0,1,0xa07f5Ffd166Ca3Ff7567e96a0430F1496cdb470a,2,True
238,0,2,0xFecd90B388f0f1dA91421b1A848013a0fe0c10ab,2,True
237,0,0,0xf83f70E148bC6ff29bb627f97EB691F30268c7e3,1,True
237,0,1,0xf83f70E148bC6ff29bb627f97EB691F30268c7e3,1,True
237,0,2,0xa07f5Ffd166Ca3Ff7567e96a0430F1496cdb470a,1,True
236,0,0,0x879c2EE5aDc372d0542D65d80EbFE647Ac1A5f10,0,False
236,0,1,0xF035561dcE033DeD865E15E69dB06cfFC88d9213,2,True
236,0,2,0x879c2EE5aDc372d0542D65d80EbFE647Ac1A5f10,0,False
236,0,3,0x879c2EE5aDc372d0542D65d80EbFE647Ac1A5f10,0,False
236,0,4,0xFEFf3E7E11782020cBCA7d8372D5334264685cd4,1,True
236,0,5,0xE489605b17ccf0647325Fb92a63Df59d86e8612F,2,True
236,0,6,0x879c2EE5aDc372d0542D65d80EbFE647Ac1A5f10,0,False
236,0,7,0x879c2EE5aDc372d0542D65d80EbFE647Ac1A5f10,0,False
236,0,8,0x881fa14F5bFD01D50Bc494245E3828f47D5BF021,1,True
236,0,9,0x879c2EE5aDc372d0542D65d80EbFE647Ac1A5f10,0,False
236,0,10,0x879c2EE5aDc372d0542D65d80EbFE647Ac1A5f10,0,False
236,0,11,0x50b1799782DFdc5f0aAbd4b6719902d8955596BD,1,True
236,0,12,0xF035561dcE033DeD865E15E69dB06cfFC88d9213,2,True
236,0,13,0x879c2EE5aDc372d0542D65d80EbFE647Ac1A5f10,0,False
236,0,14,0xE6fe8dcb4C41741Da2524364113890c8180E36D1,1,True
236,0,15,0xA311Ab5780aA036B71aAc2b71163fD03ec0DF59E,2,True
236,0,16,0x879c2EE5aDc372d0542D65d80EbFE647Ac1A5f10,0,False
236,0,17,0x4C9447296A38F56dcBced69A3bAA74bC4CE35816,0,True
236,0,18,0x879c2EE5aDc372d0542D65d80EbFE647Ac1A5f10,0,False
236,0,19,0x879c2EE5aDc372d0542D65d80EbFE647Ac1A5f10,0,False
236,0,20,0xF035561dcE033DeD865E15E69dB06cfFC88d9213,2,True
236,0,21,0x11B1785D9Ac81480c03210e89F1508c8c115888E,2,True
236,0,22,0x879c2EE5aDc372d0542D65d80EbFE647Ac1A5f10,0,False
236,0,23,0x879c2EE5aDc372d0542D65d80EbFE647Ac1A5f10,0,False
236,0,24,0x879c2EE5aDc372d0542D65d80EbFE647Ac1A5f10,0,False
236,0,25,0x879c2EE5aDc372d0542D65d80EbFE647Ac1A5f10,0,False
236,0,26,0x879c2EE5aDc372d0542D65d80EbFE647Ac1A5f10,0,False
236,0,27,0x5091A8dE5e7E750F5C7D0a5Fb748a87439050599,2,True
236,0,28,0x23EEBb090C430783Bf0665478ea6d5793B44a3c3,1,True
236,0,29,0x879c2EE5aDc372d0542D65d80EbFE647Ac1A5f10,0,False
236,0,30,0x879c2EE5aDc372d0542D65d80EbFE647Ac1A5f10,0,False
235,0,0,0xa07f5Ffd166Ca3Ff7567e96a0430F1496cdb470a,1,True
235,0,1,0x879c2EE5aDc372d0542D65d80EbFE647Ac1A5f10,1,True
235,0,2,0x7d400462dB97672Cf764Af23c11a29cEceaB6B8c,1,True
234,0,0,0x5091A8dE5e7E750F5C7D0a5Fb748a87439050599,1,True
234,0,1,0x879c2EE5aDc372d0542D65d80EbFE647Ac1A5f10,1,True
234,0,2,0x5091A8dE5e7E750F5C7D0a5Fb748a87439050599,1,True
234,0,3,0x879c2EE5aDc372d0542D65d80EbFE647Ac1A5f10,1,True
234,0,4,0xE489605b17ccf0647325Fb92a63Df59d86e8612F,1,True
234,0,5,0x5091A8dE5e7E750F5C7D0a5Fb748a87439050599,1,True
234,0,6,0x881fa14F5bFD01D50Bc494245E3828f47D5BF021,2,True
234,0,7,0x879c2EE5aDc372d0542D65d80EbFE647Ac1A5f10,1,True
234,0,8,0xf8D3ECc4CF58067A76Af3Bb7FAc618E2647D974e,0,False
234,0,9,0x879c2EE5aDc372d0542D65d80EbFE647Ac1A5f10,1,True
234,0,10,0x4897A206023d9045Bd8f9B36a0CE27542dc86343,2,True
234,0,11,0x879c2EE5aDc372d0542D65d80EbFE647Ac1A5f10,1,True
234,0,12,0xA311Ab5780aA036B71aAc2b71163fD03ec0DF59E,1,True
234,0,13,0x879c2EE5aDc372d0542D65d80EbFE647Ac1A5f10,1,True
234,0,14,0x879c2EE5aDc372d0542D65d80EbFE647Ac1A5f10,1,True
234,0,15,0x879c2EE5aDc372d0542D65d80EbFE647Ac1A5f10,1,True
234,0,16,0x879c2EE5aDc372d0542D65d80EbFE647Ac1A5f10,1,True
234,0,17,0x879c2EE5aDc372d0542D65d80EbFE647Ac1A5f10,1,True
234,0,18,0xF035561dcE033DeD865E15E69dB06cfFC88d9213,1,True
234,0,19,0x879c2EE5aDc372d0542D65d80EbFE647Ac1A5f10,1,True
234,0,20,0x4C9447296A38F56dcBced69A3bAA74bC4CE35816,0,True
234,0,21,0xF035561dcE033DeD865E15E69dB06cfFC88d9213,1,True
234,0,22,0x879c2EE5aDc372d0542D65d80EbFE647Ac1A5f10,1,True
234,0,23,0x879c2EE5aDc372d0542D65d80EbFE647Ac1A5f10,1,True
234,0,24,0x879c2EE5aDc372d0542D65d80EbFE647Ac1A5f10,1,True
234,0,25,0x879c2EE5aDc372d0542D65d80EbFE647Ac1A5f10,1,True
234,0,26,0x23EEBb090C430783Bf0665478ea6d5793B44a3c3,2,True
234,0,27,0xF035561dcE033DeD865E15E69dB06cfFC88d9213,1,True
234,0,28,0x029287eDe1164d2cB38Cc041cF6C3a5fb9eBb7cf,1,True
234,0,29,0x4C9447296A38F56dcBced69A3bAA74bC4CE35816,0,True
234,0,30,0x879c2EE5aDc372d0542D65d80EbFE647Ac1A5f10,1,True
233,0,0,0x4C9447296A38F56dcBced69A3bAA74bC4CE35816,2,True
233,0,1,0x4C9447296A38F56dcBced69A3bAA74bC4CE35816,2,True
233,0,2,0x982f5698fEBb2b8d1B9a560228ABBCEAfBB11568,2,True
232,0,0,0xF035561dcE033DeD865E15E69dB06cfFC88d9213,2,True
232,0,1,0xA311Ab5780aA036B71aAc2b71163fD03ec0DF59E,2,True
232,0,2,0xC6Fece04694A1aBc42F757F03a2A6EA51F0989a0,2,True
232,0,3,0xBab865a064296D18D2628014E8776723ba2E9703,0,False
232,0,4,0x77e09AB2Cb69D1742a58770792E471450613fBBd,0,False
231,0,0,0x4a2c5a0Af8b29cD5Fd8Eb1d02a83150A3ee10488,2,True
231,0,1,0x4C9447296A38F56dcBced69A3bAA74bC4CE35816,2,True
231,0,2,0xa07f5Ffd166Ca3Ff7567e96a0430F1496cdb470a,2,True
230,0,0,0x5FDAb11E7D3ae700AF9e8c50e976CD0A85b12438,2,True
230,0,1,0x5FDAb11E7D3ae700AF9e8c50e976CD0A85b12438,2,True
230,0,2,0xF035561dcE033DeD865E15E69dB06cfFC88d9213,2,True
229,0,0,0xE8349f1DB09778a47fda6A89598a8dd24615Bb4b,2,True
229,0,1,0x77e09AB2Cb69D1742a58770792E471450613fBBd,0,False
229,0,2,0x11B1785D9Ac81480c03210e89F1508c8c115888E,2,True
229,0,3,0xe505A7cb328a873aa2B872171d1Bc09723b7C21F,0,False
229,0,4,0x4C9447296A38F56dcBced69A3bAA74bC4CE35816,2,True
229,0,5,0x881fa14F5bFD01D50Bc494245E3828f47D5BF021,1,True
229,0,6,0x4C9447296A38F56dcBced69A3bAA74bC4CE35816,2,True
228,0,0,0x5FDAb11E7D3ae700AF9e8c50e976CD0A85b12438,1,True
228,0,1,0xA311Ab5780aA036B71aAc2b71163fD03ec0DF59E,1,True
228,0,2,0x4C9447296A38F56dcBced69A3bAA74bC4CE35816,1,True
228,0,3,0xE8349f1DB09778a47fda6A89598a8dd24615Bb4b,2,True
228,0,4,0x881fa14F5bFD01D50Bc494245E3828f47D5BF021,1,True
228,0,5,0x62C74072950284822476189884804127AF35CBC0,1,True
228,0,6,0xE489605b17ccf0647325Fb92a63Df59d86e8612F,0,False
227,0,0,0xcD69BD84f20eA1919CB842D4421Ba7e4Cb99a427,0,False
227,0,1,0x3085F25455B821EeDCFf10433fee6723d34c2426,2,True
227,0,2,0xF035561dcE033DeD865E15E69dB06cfFC88d9213,2,True
226,0,0,0x77e09AB2Cb69D1742a58770792E471450613fBBd,0,False
226,0,1,0x01C623b3d66B8D28D2B6d1Fc41E3c2835f1acD86,0,False
226,0,2,0x5FDAb11E7D3ae700AF9e8c50e976CD0A85b12438,0,False
225,0,0,0xF035561dcE033DeD865E15E69dB06cfFC88d9213,2,True
225,0,1,0x7d400462dB97672Cf764Af23c11a29cEceaB6B8c,2,True
225,0,2,0x879c2EE5aDc372d0542D65d80EbFE647Ac1A5f10,2,True
224,0,0,0xf936B0f5B5A9aF020801A6ee021fF0cF72028d38,2,True
224,0,1,0x7d400462dB97672Cf764Af23c11a29cEceaB6B8c,2,True
224,0,2,0x879c2EE5aDc372d0542D65d80EbFE647Ac1A5f10,2,True
223,0,0,0x5091A8dE5e7E750F5C7D0a5Fb748a87439050599,1,True
223,0,1,0xb1D285c49054c7B4D24228Ad3dd3d9a0796e2d16,0,False
223,0,2,0xE8349f1DB09778a47fda6A89598a8dd24615Bb4b,1,True
222,0,0,0xF035561dcE033DeD865E15E69dB06cfFC88d9213,1,True
222,0,1,0xF035561dcE033DeD865E15E69dB06cfFC88d9213,1,True
222,0,2,0x62C74072950284822476189884804127AF35CBC0,0,False
221,0,0,0x5FDAb11E7D3ae700AF9e8c50e976CD0A85b12438,1,True
221,0,1,0xF035561dcE033DeD865E15E69dB06cfFC88d9213,1,True
221,0,2,0xF035561dcE033DeD865E15E69dB06cfFC88d9213,1,True
220,0,0,0x0855f08E143E1db081cC3c571F40787dcFb69b9d,2,True
220,0,1,0x5091A8dE5e7E750F5C7D0a5Fb748a87439050599,1,True
220,0,2,0xF035561dcE033DeD865E15E69dB06cfFC88d9213,1,True
219,0,0,0x4a2c5a0Af8b29cD5Fd8Eb1d02a83150A3ee10488,0,False
219,0,1,0x131975CA3E75259e60AFeb1cd34051A6804dA505,1,True
219,0,2,0x77e09AB2Cb69D1742a58770792E471450613fBBd,0,False
219,0,3,0x60959Ed8307EE2b0d04306f6b319AEeE8864f1Ee,1,True
219,0,4,0xF035561dcE033DeD865E15E69dB06cfFC88d9213,1,True
218,0,0,0xf936B0f5B5A9aF020801A6ee021fF0cF72028d38,2,True
218,0,1,0xf936B0f5B5A9aF020801A6ee021fF0cF72028d38,2,True
218,0,2,0xf936B0f5B5A9aF020801A6ee021fF0cF72028d38,2,True
217,0,0,0x879c2EE5aDc372d0542D65d80EbFE647Ac1A5f10,2,True
217,0,1,0x879c2EE5aDc372d0542D65d80EbFE647Ac1A5f10,2,True
217,0,2,0xf936B0f5B5A9aF020801A6ee021fF0cF72028d38,2,True
216,0,0,0x7d400462dB97672Cf764Af23c11a29cEceaB6B8c,1,True
216,0,1,0xf936B0f5B5A9aF020801A6ee021fF0cF72028d38,1,True
216,0,2,0x7d400462dB97672Cf764Af23c11a29cEceaB6B8c,1,True
215,0,0,0xb1D285c49054c7B4D24228Ad3dd3d9a0796e2d16,0,False
215,0,1,0x8d93471Dfd2A9D9bDc56eDee93f3fc57B8078D68,1,True
215,0,2,0x7543cDAe044DECDB07b5cCd67F2704f783daf8cA,0,False
214,0,0,0x27fE00A5a1212e9294b641BA860a383783016C67,2,True
214,0,1,0x879c2EE5aDc372d0542D65d80EbFE647Ac1A5f10,2,True
214,0,2,0x879c2EE5aDc372d0542D65d80EbFE647Ac1A5f10,2,True
213,0,0,0x7d400462dB97672Cf764Af23c11a29cEceaB6B8c,1,True
213,0,1,0x879c2EE5aDc372d0542D65d80EbFE647Ac1A5f10,1,True
213,0,2,0xf936B0f5B5A9aF020801A6ee021fF0cF72028d38,2,True
213,1,0,0x27fE00A5a1212e9294b641BA860a383783016C67,2,True
213,1,1,0xf936B0f5B5A9aF020801A6ee021fF0cF72028d38,2,True
213,1,2,0x45AB2a3cE2e2bB780396De68351e1497DD66E1e8,2,True
213,1,3,0xda8C5db86aa21547d55625b695A0351FCd561fD2,2,True
213,1,4,0xF035561dcE033DeD865E15E69dB06cfFC88d9213,2,True
213,1,5,0x879c2EE5aDc372d0542D65d80EbFE647Ac1A5f10,1,True
213,1,6,0xf936B0f5B5A9aF020801A6ee021fF0cF72028d38,2,True
212,0,0,0xb1D285c49054c7B4D24228Ad3dd3d9a0796e2d16,0,False
212,0,1,0x5FDAb11E7D3ae700AF9e8c50e976CD0A85b12438,1,True
212,0,2,0x5FDAb11E7D3ae700AF9e8c50e976CD0A85b12438,1,True
211,0,0,0x197A78Fe1bD3BBb64c1325c027bdE8F67Bac1770,0,False
211,0,1,0x4C9447296A38F56dcBced69A3bAA74bC4CE35816,2,True
211,0,2,0x010afb8548a5D1a3a3D62f58CA0a5A1329974206,0,False
210,0,0,0x010afb8548a5D1a3a3D62f58CA0a5A1329974206,2,True
210,0,1,0xa07f5Ffd166Ca3Ff7567e96a0430F1496cdb470a,2,True
210,0,2,0x010afb8548a5D1a3a3D62f58CA0a5A1329974206,2,True
209,0,0,0x010afb8548a5D1a3a3D62f58CA0a5A1329974206,2,True
209,0,1,0x9b328488a8f0fa20628bb959769F0BA78de06466,2,True
209,0,2,0x0855f08E143E1db081cC3c571F40787dcFb69b9d,2,True
208,0,0,0x27fE00A5a1212e9294b641BA860a383783016C67,2,True
208,0,1,0x27fE00A5a1212e9294b641BA860a383783016C67,2,True
208,0,2,0x27fE00A5a1212e9294b641BA860a383783016C67,2,True
207,0,0,0x27fE00A5a1212e9294b641BA860a383783016C67,1,True
207,0,1,0x27fE00A5a1212e9294b641BA860a383783016C67,1,True
207,0,2,0x27fE00A5a1212e9294b641BA860a383783016C67,1,True
206,0,0,0x62C74072950284822476189884804127AF35CBC0,0,True
206,0,1,0x001FE2CdBEeB0743679E958C0861Dd8788B28b19,0,False
206,0,2,0xbC6197BFf0316c808456a36658807DCb199bC175,0,False
205,0,0,0xf936B0f5B5A9aF020801A6ee021fF0cF72028d38,0,True
205,0,1,0xbC6197BFf0316c808456a36658807DCb199bC175,0,False
205,0,2,0x982f5698fEBb2b8d1B9a560228ABBCEAfBB11568,0,True
204,0,0,0x982f5698fEBb2b8d1B9a560228ABBCEAfBB11568,1,True
204,0,1,0x23EEBb090C430783Bf0665478ea6d5793B44a3c3,1,True
204,0,2,0x4C9447296A38F56dcBced69A3bAA74bC4CE35816,2,True
204,0,3,0xF035561dcE033DeD865E15E69dB06cfFC88d9213,1,True
204,0,4,0x4C9447296A38F56dcBced69A3bAA74bC4CE35816,2,True
204,0,5,0x982f5698fEBb2b8d1B9a560228ABBCEAfBB11568,1,True
204,0,6,0x5FDAb11E7D3ae700AF9e8c50e976CD0A85b12438,1,True
204,0,7,0x4C9447296A38F56dcBced69A3bAA74bC4CE35816,2,True
204,0,8,0x982f5698fEBb2b8d1B9a560228ABBCEAfBB11568,1,True
204,0,9,0x4C9447296A38F56dcBced69A3bAA74bC4CE35816,2,True
204,0,10,0x881fa14F5bFD01D50Bc494245E3828f47D5BF021,1,True
204,0,11,0x982f5698fEBb2b8d1B9a560228ABBCEAfBB11568,1,True
204,0,12,0x982f5698fEBb2b8d1B9a560228ABBCEAfBB11568,1,True
204,0,13,0x982f5698fEBb2b8d1B9a560228ABBCEAfBB11568,1,True
204,0,14,0x4C9447296A38F56dcBced69A3bAA74bC4CE35816,2,True
204,0,15,0x982f5698fEBb2b8d1B9a560228ABBCEAfBB11568,1,True
204,0,16,0x982f5698fEBb2b8d1B9a560228ABBCEAfBB11568,1,True
204,0,17,0x982f5698fEBb2b8d1B9a560228ABBCEAfBB11568,1,True
204,0,18,0x4C9447296A38F56dcBced69A3bAA74bC4CE35816,2,True
204,0,19,0x881fa14F5bFD01D50Bc494245E3828f47D5BF021,1,True
204,0,20,0x982f5698fEBb2b8d1B9a560228ABBCEAfBB11568,1,True
204,0,21,0x5091A8dE5e7E750F5C7D0a5Fb748a87439050599,2,True
204,0,22,0xD371fdEEB82f77cb5EfC0e433485c1669Bd0Ca74,0,False
204,0,23,0x982f5698fEBb2b8d1B9a560228ABBCEAfBB11568,1,True
204,0,24,0xF035561dcE033DeD865E15E69dB06cfFC88d9213,1,True
204,0,25,0xf936B0f5B5A9aF020801A6ee021fF0cF72028d38,1,True
204,0,26,0xB876c875B463683B47fb3dbe938399950D7d8E75,1,True
204,0,27,0x982f5698fEBb2b8d1B9a560228ABBCEAfBB11568,1,True
204,0,28,0xf936B0f5B5A9aF020801A6ee021fF0cF72028d38,1,True
204,0,29,0x982f5698fEBb2b8d1B9a560228ABBCEAfBB11568,1,True
204,0,30,0x12a59989f8F06130bdA8D6E936B2045C734F19aC,0,False
203,0,0,0x5FDAb11E7D3ae700AF9e8c50e976CD0A85b12438,2,True
203,0,1,0xF035561dcE033DeD865E15E69dB06cfFC88d9213,2,True
203,0,2,0x982f5698fEBb2b8d1B9a560228ABBCEAfBB11568,0,False
202,0,0,0x48E2A511E5956e5b3f321C43D8dDec68Ef9aE94e,0,False
202,0,1,0x4C9447296A38F56dcBced69A3bAA74bC4CE35816,1,True
202,0,2,0x4C9447296A38F56dcBced69A3bAA74bC4CE35816,1,True
201,0,0,0x4C9447296A38F56dcBced69A3bAA74bC4CE35816,2,True
201,0,1,0xF035561dcE033DeD865E15E69dB06cfFC88d9213,2,True
201,0,2,0x982f5698fEBb2b8d1B9a560228ABBCEAfBB11568,2,True
201,0,3,0x215AE5E25647DADa54573c3de6924d8dC9F77ca6,1,True
201,0,4,0xF035561dcE033DeD865E15E69dB06cfFC88d9213,2,True
201,0,5,0x4C9447296A38F56dcBced69A3bAA74bC4CE35816,2,True
201,0,6,0x982f5698fEBb2b8d1B9a560228ABBCEAfBB11568,2,True
200,0,0,0xE489605b17ccf0647325Fb92a63Df59d86e8612F,2,True
200,0,1,0xf936B0f5B5A9aF020801A6ee021fF0cF72028d38,2,True
200,0,2,0xf936B0f5B5A9aF020801A6ee021fF0cF72028d38,2,True
200,0,3,0x982f5698fEBb2b8d1B9a560228ABBCEAfBB11568,2,True
200,0,4,0xf936B0f5B5A9aF020801A6ee021fF0cF72028d38,2,True
200,0,5,0xF035561dcE033DeD865E15E69dB06cfFC88d9213,2,True
200,0,6,0x982f5698fEBb2b8d1B9a560228ABBCEAfBB11568,2,True
199,0,0,0x982f5698fEBb2b8d1B9a560228ABBCEAfBB11568,0,True
199,0,1,0x4C9447296A38F56dcBced69A3bAA74bC4CE35816,0,True
199,0,2,0xF035561dcE033DeD865E15E69dB06cfFC88d9213,0,False
198,0,0,0xc26F827F1b8CF661a7bCA954bB21EB6138A27101,1,True
198,0,1,0xFEFf3E7E11782020cBCA7d8372D5334264685cd4,1,True
198,0,2,0xB876c875B463683B47fb3dbe938399950D7d8E75,1,True
197,0,0,0x4a2c5a0Af8b29cD5Fd8Eb1d02a83150A3ee10488,1,True
197,0,1,0xa07f5Ffd166Ca3Ff7567e96a0430F1496cdb470a,1,True
197,0,2,0x4a2c5a0Af8b29cD5Fd8Eb1d02a83150A3ee10488,1,True
196,0,0,0xf936B0f5B5A9aF020801A6ee021fF0cF72028d38,2,True
196,0,1,0x982f5698fEBb2b8d1B9a560228ABBCEAfBB11568,2,True
196,0,2,0xb841a0A64399e0c391629EDE0ad2cE6336351b33,1,True
196,0,3,0x23EEBb090C430783Bf0665478ea6d5793B44a3c3,2,True
196,0,4,0x982f5698fEBb2b8d1B9a560228ABBCEAfBB11568,2,True
196,0,5,0x982f5698fEBb2b8d1B9a560228ABBCEAfBB11568,2,True
196,0,6,0xdE262C51a45DdD0A40538b7E140efdc3C363Cbc6,2,True
195,0,0,0x982f5698fEBb2b8d1B9a560228ABBCEAfBB11568,1,True
195,0,1,0x982f5698fEBb2b8d1B9a560228ABBCEAfBB11568,1,True
195,0,2,0x982f5698fEBb2b8d1B9a560228ABBCEAfBB11568,1,True
195,0,3,0xF035561dcE033DeD865E15E69dB06cfFC88d9213,1,True
195,0,4,0x69dD3A02148f37432e4509F7c034E498cBAd968E,0,False
194,0,0,0x982f5698fEBb2b8d1B9a560228ABBCEAfBB11568,1,True
194,0,1,0x982f5698fEBb2b8d1B9a560228ABBCEAfBB11568,1,True
194,0,2,0x040636FaD0540596A0CEe6de64185D6d25FBFF00,0,False
193,0,0,0x982f5698fEBb2b8d1B9a560228ABBCEAfBB11568,2,True
193,0,1,0x982f5698fEBb2b8d1B9a560228ABBCEAfBB11568,2,True
193,0,2,0xf936B0f5B5A9aF020801A6ee021fF0cF72028d38,2,True
193,0,3,0x982f5698fEBb2b8d1B9a560228ABBCEAfBB11568,2,True
193,0,4,0x982f5698fEBb2b8d1B9a560228ABBCEAfBB11568,2,True
193,0,5,0x982f5698fEBb2b8d1B9a560228ABBCEAfBB11568,2,True
193,0,6,0x982f5698fEBb2b8d1B9a560228ABBCEAfBB11568,2,True
192,0,0,0x30441c238e465b5E4B2AAbE0DA93B5Ae3bbD1a1e,2,True
192,0,1,0x5FDAb11E7D3ae700AF9e8c50e976CD0A85b12438,2,True
192,0,2,0xb841a0A64399e0c391629EDE0ad2cE6336351b33,2,True
192,0,3,0x982f5698fEBb2b8d1B9a560228ABBCEAfBB11568,2,True
192,0,4,0xf936B0f5B5A9aF020801A6ee021fF0cF72028d38,2,True
191,0,0,0x982f5698fEBb2b8d1B9a560228ABBCEAfBB11568,0,False
191,0,1,0x982f5698fEBb2b8d1B9a560228ABBCEAfBB11568,0,False
191,0,2,0xF035561dcE033DeD865E15E69dB06cfFC88d9213,1,True
190,0,0,0xb841a0A64399e0c391629EDE0ad2cE6336351b33,2,True
190,0,1,0xE489605b17ccf0647325Fb92a63Df59d86e8612F,2,True
190,0,2,0xdE262C51a45DdD0A40538b7E140efdc3C363Cbc6,2,True
190,0,3,0xF035561dcE033DeD865E15E69dB06cfFC88d9213,2,True
190,0,4,0xf936B0f5B5A9aF020801A6ee021fF0cF72028d38,2,True
189,0,0,0xbC6197BFf0316c808456a36658807DCb199bC175,1,True
189,0,1,0xdE262C51a45DdD0A40538b7E140efdc3C363Cbc6,1,True
189,0,2,0xb841a0A64399e0c391629EDE0ad2cE6336351b33,1,True
189,0,3,0xBf5346737A18Db7d5749FAB603F2204f7086A76c,1,True
189,0,4,0xb841a0A64399e0c391629EDE0ad2cE6336351b33,1,True
189,0,5,0xB69d53a22186EE820585574943431130C7a8c81A,0,False
189,0,6,0x5FDAb11E7D3ae700AF9e8c50e976CD0A85b12438,1,True
188,0,0,0xf936B0f5B5A9aF020801A6ee021fF0cF72028d38,2,True
188,0,1,0xb841a0A64399e0c391629EDE0ad2cE6336351b33,2,True
188,0,2,0xf936B0f5B5A9aF020801A6ee021fF0cF72028d38,2,True
188,0,3,0xb841a0A64399e0c391629EDE0ad2cE6336351b33,2,True
188,0,4,0x5FDAb11E7D3ae700AF9e8c50e976CD0A85b12438,2,True
187,0,0,0xE489605b17ccf0647325Fb92a63Df59d86e8612F,2,True
187,0,1,0xD3Fd32e76a1cA37eC408aAc47776b10Fc099F841,2,True
187,0,2,0xb841a0A64399e0c391629EDE0ad2cE6336351b33,2,True
187,0,3,0x11B1785D9Ac81480c03210e89F1508c8c115888E,2,True
187,0,4,0x5FDAb11E7D3ae700AF9e8c50e976CD0A85b12438,2,True
186,0,0,0xF035561dcE033DeD865E15E69dB06cfFC88d9213,1,True
186,0,1,0x0855f08E143E1db081cC3c571F40787dcFb69b9d,1,True
186,0,2,0x06F65D5e97b796E47263110F305d005b2733CD1a,1,True
186,0,3,0x188C30E9A6527F5F0c3f7fe59B72ac7253C62F28,2,True
186,0,4,0x5FDAb11E7D3ae700AF9e8c50e976CD0A85b12438,1,True
186,0,5,0xdE262C51a45DdD0A40538b7E140efdc3C363Cbc6,1,True
186,0,6,0x78f91758dfef63C877c9304890B6b262CEEc8A41,1,True
185,0,0,0x5e5FFEf1103717f17a9A155D0c7646EC5e16551E,0,False
185,0,1,0xf936B0f5B5A9aF020801A6ee021fF0cF72028d38,2,True
185,0,2,0x5FDAb11E7D3ae700AF9e8c50e976CD0A85b12438,2,True
184,0,0,0x4a2c5a0Af8b29cD5Fd8Eb1d02a83150A3ee10488,1,True
184,0,1,0x1A7D20F8bd74EeD5ba703dA4Fae5bdf1bA69c2Ab,0,False
184,0,2,0x1A7D20F8bd74EeD5ba703dA4Fae5bdf1bA69c2Ab,0,False
183,0,0,0xF035561dcE033DeD865E15E69dB06cfFC88d9213,2,True
183,0,1,0x9bfDA54A453F503d487f2F32554dE73f03E24853,2,True
183,0,2,0x1A7D20F8bd74EeD5ba703dA4Fae5bdf1bA69c2Ab,0,False
182,0,0,0xa07f5Ffd166Ca3Ff7567e96a0430F1496cdb470a,2,True
182,0,1,0x188C30E9A6527F5F0c3f7fe59B72ac7253C62F28,1,True
182,0,2,0x010afb8548a5D1a3a3D62f58CA0a5A1329974206,2,True
181,0,0,0x27fE00A5a1212e9294b641BA860a383783016C67,0,False
181,0,1,0x982f5698fEBb2b8d1B9a560228ABBCEAfBB11568,1,True
181,0,2,0x982f5698fEBb2b8d1B9a560228ABBCEAfBB11568,1,True
181,0,3,0x982f5698fEBb2b8d1B9a560228ABBCEAfBB11568,1,True
181,0,4,0xF035561dcE033DeD865E15E69dB06cfFC88d9213,1,True
181,0,5,0x037cDD64F9b2E00fc6B7a1aA3E6152AFF8718540,0,False
181,0,6,0x040636FaD0540596A0CEe6de64185D6d25FBFF00,2,True
181,0,7,0x040636FaD0540596A0CEe6de64185D6d25FBFF00,2,True
181,0,8,0x27fE00A5a1212e9294b641BA860a383783016C67,0,False
181,0,9,0x5FDAb11E7D3ae700AF9e8c50e976CD0A85b12438,1,True
181,0,10,0x52B941dFcFedb261d9b49B26b400793aF674DD89,2,True
181,0,11,0x982f5698fEBb2b8d1B9a560228ABBCEAfBB11568,1,True
181,0,12,0xF035561dcE033DeD865E15E69dB06cfFC88d9213,1,True
181,0,13,0xF035561dcE033DeD865E15E69dB06cfFC88d9213,1,True
181,0,14,0x982f5698fEBb2b8d1B9a560228ABBCEAfBB11568,1,True
181,0,15,0x982f5698fEBb2b8d1B9a560228ABBCEAfBB11568,1,True
181,0,16,0x215AE5E25647DADa54573c3de6924d8dC9F77ca6,1,True
181,0,17,0x982f5698fEBb2b8d1B9a560228ABBCEAfBB11568,1,True
181,0,18,0x982f5698fEBb2b8d1B9a560228ABBCEAfBB11568,1,True
181,0,19,0x982f5698fEBb2b8d1B9a560228ABBCEAfBB11568,1,True
181,0,20,0x982f5698fEBb2b8d1B9a560228ABBCEAfBB11568,1,True
181,0,21,0x982f5698fEBb2b8d1B9a560228ABBCEAfBB11568,1,True
181,0,22,0xF035561dcE033DeD865E15E69dB06cfFC88d9213,1,True
181,0,23,0xF035561dcE033DeD865E15E69dB06cfFC88d9213,1,True
181,0,24,0x982f5698fEBb2b8d1B9a560228ABBCEAfBB11568,1,True
181,0,25,0x477ADf27A761167484aECCbE08b9D30Aaa12863E,1,True
181,0,26,0x982f5698fEBb2b8d1B9a560228ABBCEAfBB11568,1,True
181,0,27,0x982f5698fEBb2b8d1B9a560228ABBCEAfBB11568,1,True
181,0,28,0x982f5698fEBb2b8d1B9a560228ABBCEAfBB11568,1,True
181,0,29,0x982f5698fEBb2b8d1B9a560228ABBCEAfBB11568,1,True
181,0,30,0x982f5698fEBb2b8d1B9a560228ABBCEAfBB11568,1,True
180,0,0,0x2aE7F36525D2F99C12b8698Fa588fdAD6cF04c19,2,True
180,0,1,0x27fE00A5a1212e9294b641BA860a383783016C67,2,True
180,0,2,0x982f5698fEBb2b8d1B9a560228ABBCEAfBB11568,2,True
180,0,3,0x477ADf27A761167484aECCbE08b9D30Aaa12863E,2,True
180,0,4,0xc80D56CDE1a23907f6AfA9703F58a14AC34a7E31,2,True
180,0,5,0x5FDAb11E7D3ae700AF9e8c50e976CD0A85b12438,2,True
180,0,6,0xF035561dcE033DeD865E15E69dB06cfFC88d9213,2,True
180,0,7,0x972F03c18d60f517FA802215AC217CAf8Ac5CF41,1,True
180,0,8,0x2E79334aAc0D9E28a45f21c66E13C66d1E4549d7,0,False
180,0,9,0x215AE5E25647DADa54573c3de6924d8dC9F77ca6,2,True
180,0,10,0xdE262C51a45DdD0A40538b7E140efdc3C363Cbc6,2,True
180,0,11,0x040636FaD0540596A0CEe6de64185D6d25FBFF00,2,True
180,0,12,0x982f5698fEBb2b8d1B9a560228ABBCEAfBB11568,2,True
180,0,13,0x477ADf27A761167484aECCbE08b9D30Aaa12863E,2,True
180,0,14,0xF035561dcE033DeD865E15E69dB06cfFC88d9213,2,True
180,0,15,0x27fE00A5a1212e9294b641BA860a383783016C67,2,True
180,0,16,0xBf5346737A18Db7d5749FAB603F2204f7086A76c,2,True
180,0,17,0x982f5698fEBb2b8d1B9a560228ABBCEAfBB11568,2,True
180,0,18,0x5FDAb11E7D3ae700AF9e8c50e976CD0A85b12438,2,True
180,0,19,0xcF9e1519EF0E61Be9e36809268f481D09DBb3764,2,True
180,0,20,0x477ADf27A761167484aECCbE08b9D30Aaa12863E,2,True
180,0,21,0xBf5346737A18Db7d5749FAB603F2204f7086A76c,2,True
180,0,22,0x982f5698fEBb2b8d1B9a560228ABBCEAfBB11568,2,True
180,0,23,0x477ADf27A761167484aECCbE08b9D30Aaa12863E,2,True
180,0,24,0x27fE00A5a1212e9294b641BA860a383783016C67,2,True
180,0,25,0x982f5698fEBb2b8d1B9a560228ABBCEAfBB11568,2,True
180,0,26,0x982f5698fEBb2b8d1B9a560228ABBCEAfBB11568,2,True
180,0,27,0x982f5698fEBb2b8d1B9a560228ABBCEAfBB11568,2,True
180,0,28,0x982f5698fEBb2b8d1B9a560228ABBCEAfBB11568,2,True
180,0,29,0x982f5698fEBb2b8d1B9a560228ABBCEAfBB11568,2,True
180,0,30,0x27fE00A5a1212e9294b641BA860a383783016C67,2,True
179,0,0,0xD1e9F3Cb88b83e5C5e92132013b41a3cD7570a81,0,False
179,0,1,0x982f5698fEBb2b8d1B9a560228ABBCEAfBB11568,1,True
179,0,2,0x982f5698fEBb2b8d1B9a560228ABBCEAfBB11568,1,True
179,0,3,0x982f5698fEBb2b8d1B9a560228ABBCEAfBB11568,1,True
179,0,4,0xF035561dcE033DeD865E15E69dB06cfFC88d9213,1,True
179,0,5,0x477ADf27A761167484aECCbE08b9D30Aaa12863E,1,True
179,0,6,0x27fE00A5a1212e9294b641BA860a383783016C67,1,True
179,0,7,0x982f5698fEBb2b8d1B9a560228ABBCEAfBB11568,1,True
179,0,8,0xBf5346737A18Db7d5749FAB603F2204f7086A76c,1,True
179,0,9,0xF035561dcE033DeD865E15E69dB06cfFC88d9213,1,True
179,0,10,0x27fE00A5a1212e9294b641BA860a383783016C67,1,True
179,0,11,0x0AE72609b7b6269bb1a289761120d490150B04a3,1,True
179,0,12,0x5FDAb11E7D3ae700AF9e8c50e976CD0A85b12438,1,True
179,0,13,0x982f5698fEBb2b8d1B9a560228ABBCEAfBB11568,1,True
179,0,14,0x27fE00A5a1212e9294b641BA860a383783016C67,1,True
179,0,15,0x982f5698fEBb2b8d1B9a560228ABBCEAfBB11568,1,True
179,0,16,0xF035561dcE033DeD865E15E69dB06cfFC88d9213,1,True
179,0,17,0x982f5698fEBb2b8d1B9a560228ABBCEAfBB11568,1,True
179,0,18,0xdE262C51a45DdD0A40538b7E140efdc3C363Cbc6,1,True
179,0,19,0xf0Dc1CCe4d9eA672c14c8ec0586f8262CE50403d,1,True
179,0,20,0x982f5698fEBb2b8d1B9a560228ABBCEAfBB11568,1,True
179,0,21,0x982f5698fEBb2b8d1B9a560228ABBCEAfBB11568,1,True
179,0,22,0xF035561dcE033DeD865E15E69dB06cfFC88d9213,1,True
179,0,23,0x040636FaD0540596A0CEe6de64185D6d25FBFF00,1,True
179,0,24,0x215AE5E25647DADa54573c3de6924d8dC9F77ca6,1,True
179,0,25,0x27fE00A5a1212e9294b641BA860a383783016C67,1,True
179,0,26,0xF035561dcE033DeD865E15E69dB06cfFC88d9213,1,True
179,0,27,0x477ADf27A761167484aECCbE08b9D30Aaa12863E,1,True
179,0,28,0x982f5698fEBb2b8d1B9a560228ABBCEAfBB11568,1,True
179,0,29,0x27fE00A5a1212e9294b641BA860a383783016C67,1,True
179,0,30,0xdE262C51a45DdD0A40538b7E140efdc3C363Cbc6,1,True
178,0,0,0xdE262C51a45DdD0A40538b7E140efdc3C363Cbc6,1,True
178,0,1,0xF035561dcE033DeD865E15E69dB06cfFC88d9213,1,True
178,0,2,0xF035561dcE033DeD865E15E69dB06cfFC88d9213,1,True
178,0,3,0xdE262C51a45DdD0A40538b7E140efdc3C363Cbc6,1,True
178,0,4,0xF035561dcE033DeD865E15E69dB06cfFC88d9213,1,True
178,0,5,0x215AE5E25647DADa54573c3de6924d8dC9F77ca6,1,True
178,0,6,0x0d6857A22e9F78F6D935bAe24A763dbbdC128144,1,True
177,0,0,0xdE262C51a45DdD0A40538b7E140efdc3C363Cbc6,1,True
177,0,1,0xF035561dcE033DeD865E15E69dB06cfFC88d9213,1,True
177,0,2,0xdE262C51a45DdD0A40538b7E140efdc3C363Cbc6,1,True
177,0,3,0xdE262C51a45DdD0A40538b7E140efdc3C363Cbc6,1,True
177,0,4,0x215AE5E25647DADa54573c3de6924d8dC9F77ca6,1,True
176,0,0,0x4c164Ecf37Da8AAae7187a32fB86fbD63668A982,0,False
176,0,1,0xF035561dcE033DeD865E15E69dB06cfFC88d9213,1,True
176,0,2,0x188C30E9A6527F5F0c3f7fe59B72ac7253C62F28,1,True
175,0,0,0xF035561dcE033DeD865E15E69dB06cfFC88d9213,2,True
175,0,1,0xdE262C51a45DdD0A40538b7E140efdc3C363Cbc6,2,True
175,0,2,0x188C30E9A6527F5F0c3f7fe59B72ac7253C62F28,2,True
175,0,3,0xF035561dcE033DeD865E15E69dB06cfFC88d9213,2,True
175,0,4,0x040636FaD0540596A0CEe6de64185D6d25FBFF00,2,True
175,0,5,0xBf5346737A18Db7d5749FAB603F2204f7086A76c,1,True
175,0,6,0x5FDAb11E7D3ae700AF9e8c50e976CD0A85b12438,2,True
174,0,0,0xBf5346737A18Db7d5749FAB603F2204f7086A76c,1,True
174,0,1,0xBf5346737A18Db7d5749FAB603F2204f7086A76c,1,True
174,0,2,0xF035561dcE033DeD865E15E69dB06cfFC88d9213,2,True
174,0,3,0x188C30E9A6527F5F0c3f7fe59B72ac7253C62F28,2,True
174,0,4,0xF035561dcE033DeD865E15E69dB06cfFC88d9213,2,True
173,0,0,0x5FDAb11E7D3ae700AF9e8c50e976CD0A85b12438,2,True
173,0,1,0x5FDAb11E7D3ae700AF9e8c50e976CD0A85b12438,2,True
173,0,2,0xdE262C51a45DdD0A40538b7E140efdc3C363Cbc6,2,True
172,0,0,0x24D0Db7E182fCD29DdeA14C04BCb182c89CBB0C0,1,True
172,0,1,0xaB6AFA507adFac8A2c22C85716CB74156c897D4B,0,False
172,0,2,0x05189bdAE2681091C70D9Cf7cD201a4b8878031f,0,False
171,0,0,0x188C30E9A6527F5F0c3f7fe59B72ac7253C62F28,2,True
171,0,1,0x9b328488a8f0fa20628bb959769F0BA78de06466,0,False
171,0,2,0x9b328488a8f0fa20628bb959769F0BA78de06466,0,False
170,0,0,0xF035561dcE033DeD865E15E69dB06cfFC88d9213,2,True
170,0,1,0xF035561dcE033DeD865E15E69dB06cfFC88d9213,2,True
170,0,2,0xdB3937Ae94C803902f7BDf82f32B7AE0De082b18,0,False
170,0,3,0xF035561dcE033DeD865E15E69dB06cfFC88d9213,2,True
170,0,4,0x4C9447296A38F56dcBced69A3bAA74bC4CE35816,0,False
170,0,5,0xF035561dcE033DeD865E15E69dB06cfFC88d9213,2,True
170,0,6,0xF035561dcE033DeD865E15E69dB06cfFC88d9213,2,True
170,0,7,0xdB3937Ae94C803902f7BDf82f32B7AE0De082b18,0,False
170,0,8,0xdE262C51a45DdD0A40538b7E140efdc3C363Cbc6,2,True
170,0,9,0x5FDAb11E7D3ae700AF9e8c50e976CD0A85b12438,2,True
170,0,10,0xBf5346737A18Db7d5749FAB603F2204f7086A76c,2,True
170,0,11,0xe4c0F9FF0cAdc8C3a4f7EDb5158Dcde609e7e0D2,0,False
170,0,12,0x1A7D20F8bd74EeD5ba703dA4Fae5bdf1bA69c2Ab,0,False
170,0,13,0xe4c0F9FF0cAdc8C3a4f7EDb5158Dcde609e7e0D2,0,False
170,0,14,0x1A7D20F8bd74EeD5ba703dA4Fae5bdf1bA69c2Ab,0,False
170,0,15,0xf936B0f5B5A9aF020801A6ee021fF0cF72028d38,0,False
170,0,16,0xBf5346737A18Db7d5749FAB603F2204f7086A76c,2,True
170,0,17,0x11B1785D9Ac81480c03210e89F1508c8c115888E,0,False
170,0,18,0x34f9D269869851DBCe1Ba159053A30353C9FB95f,0,False
170,0,19,0xf936B0f5B5A9aF020801A6ee021fF0cF72028d38,0,False
170,0,20,0x1A7D20F8bd74EeD5ba703dA4Fae5bdf1bA69c2Ab,0,False
170,0,21,0xcF9e1519EF0E61Be9e36809268f481D09DBb3764,0,False
170,0,22,0xC81a5Ca1767c39d50Ed8012DcD699b8233Bc05Df,0,False
170,0,23,0x11B1785D9Ac81480c03210e89F1508c8c115888E,0,False
170,0,24,0x1A7D20F8bd74EeD5ba703dA4Fae5bdf1bA69c2Ab,0,False
170,0,25,0x1A7D20F8bd74EeD5ba703dA4Fae5bdf1bA69c2Ab,0,False
170,0,26,0x5FDAb11E7D3ae700AF9e8c50e976CD0A85b12438,2,True
170,0,27,0xdE262C51a45DdD0A40538b7E140efdc3C363Cbc6,2,True
170,0,28,0x06F65D5e97b796E47263110F305d005b2733CD1a,0,False
170,0,29,0xcF9e1519EF0E61Be9e36809268f481D09DBb3764,0,False
170,0,30,0x001FE2CdBEeB0743679E958C0861Dd8788B28b19,0,False
169,0,0,0x4C9447296A38F56dcBced69A3bAA74bC4CE35816,0,False
169,0,1,0xf936B0f5B5A9aF020801A6ee021fF0cF72028d38,0,False
169,0,2,0x1A7D20F8bd74EeD5ba703dA4Fae5bdf1bA69c2Ab,0,False
169,0,3,0xdB3937Ae94C803902f7BDf82f32B7AE0De082b18,0,False
169,0,4,0xBf5346737A18Db7d5749FAB603F2204f7086A76c,1,True
169,0,5,0x1A7D20F8bd74EeD5ba703dA4Fae5bdf1bA69c2Ab,0,False
169,0,6,0xf936B0f5B5A9aF020801A6ee021fF0cF72028d38,0,False
169,0,7,0xBf5346737A18Db7d5749FAB603F2204f7086A76c,1,True
169,0,8,0xf936B0f5B5A9aF020801A6ee021fF0cF72028d38,0,False
169,0,9,0xF035561dcE033DeD865E15E69dB06cfFC88d9213,1,True
169,0,10,0x06F65D5e97b796E47263110F305d005b2733CD1a,0,False
169,0,11,0x1A7D20F8bd74EeD5ba703dA4Fae5bdf1bA69c2Ab,0,False
169,0,12,0x11B1785D9Ac81480c03210e89F1508c8c115888E,0,False
169,0,13,0xdE262C51a45DdD0A40538b7E140efdc3C363Cbc6,1,True
169,0,14,0xBf5346737A18Db7d5749FAB603F2204f7086A76c,1,True
169,0,15,0xF035561dcE033DeD865E15E69dB06cfFC88d9213,1,True
169,0,16,0xa7f47D14f781C3768eF69060Ee458B711650a42c,0,False
169,0,17,0xBf5346737A18Db7d5749FAB603F2204f7086A76c,1,True
169,0,18,0xdB3937Ae94C803902f7BDf82f32B7AE0De082b18,0,False
169,0,19,0x1A7D20F8bd74EeD5ba703dA4Fae5bdf1bA69c2Ab,0,False
169,0,20,0x1A7D20F8bd74EeD5ba703dA4Fae5bdf1bA69c2Ab,0,False
169,0,21,0x5FDAb11E7D3ae700AF9e8c50e976CD0A85b12438,2,True
169,0,22,0xf936B0f5B5A9aF020801A6ee021fF0cF72028d38,0,False
169,0,23,0x001FE2CdBEeB0743679E958C0861Dd8788B28b19,0,False
169,0,24,0xf936B0f5B5A9aF020801A6ee021fF0cF72028d38,0,False
169,0,25,0xdE262C51a45DdD0A40538b7E140efdc3C363Cbc6,1,True
169,0,26,0xF035561dcE033DeD865E15E69dB06cfFC88d9213,1,True
169,0,27,0x7b87Fdcc70Db29777Ba00018DC3F827309a004CE,0,False
169,0,28,0xF035561dcE033DeD865E15E69dB06cfFC88d9213,1,True
169,0,29,0x001FE2CdBEeB0743679E958C0861Dd8788B28b19,0,False
169,0,30,0xC7FB0469194AdD5cBAfCe6E05004Fa7B472C2754,0,False
168,0,0,0x9bfDA54A453F503d487f2F32554dE73f03E24853,0,False
168,0,1,0xc728AA8d5d537cCDa6Fb05520f471EB2f5D58464,2,True
168,0,2,0x1A7D20F8bd74EeD5ba703dA4Fae5bdf1bA69c2Ab,0,False
168,1,0,0xa07f5Ffd166Ca3Ff7567e96a0430F1496cdb470a,2,True
168,1,1,0x982f5698fEBb2b8d1B9a560228ABBCEAfBB11568,1,True
168,1,2,0x188C30E9A6527F5F0c3f7fe59B72ac7253C62F28,0,False
168,1,3,0x4C9447296A38F56dcBced69A3bAA74bC4CE35816,1,True
168,1,4,0xB011122194C0487fE9214c9FC9a73eC770e94Eae,0,False
168,1,5,0xD5078a4cB0200C9C6C6944FCc578D1476e8Fc9F0,0,False
168,1,6,0x010afb8548a5D1a3a3D62f58CA0a5A1329974206,1,True
168,2,0,0xC97C2905B706eb7a69094E0d0ED7986B34Df9d25,1,True
168,2,1,0xF035561dcE033DeD865E15E69dB06cfFC88d9213,1,True
168,2,2,0xC97C2905B706eb7a69094E0d0ED7986B34Df9d25,1,True
168,2,3,0xC0B53221A7dbcbcE68441C26ea4DA73266D6bc20,0,False
168,2,4,0x6c3E007377eFfd74afE237ce3B0Aeef969b63C91,0,False
168,2,5,0xD371fdEEB82f77cb5EfC0e433485c1669Bd0Ca74,1,True
168,2,6,0xF035561dcE033DeD865E15E69dB06cfFC88d9213,1,True
168,2,7,0xa07f5Ffd166Ca3Ff7567e96a0430F1496cdb470a,2,True
168,2,8,0xc26F827F1b8CF661a7bCA954bB21EB6138A27101,1,True
168,2,9,0x477ADf27A761167484aECCbE08b9D30Aaa12863E,1,True
168,2,10,0xe599435b865ceF666F304031f54DfA3fB2E1bAdF,1,True
168,2,11,0xB011122194C0487fE9214c9FC9a73eC770e94Eae,0,False
168,2,12,0x42c1Bd0d85F6A3b04E80FAde8be68B406f36D1B3,1,True
168,2,13,0xF035561dcE033DeD865E15E69dB06cfFC88d9213,1,True
168,2,14,0xF035561dcE033DeD865E15E69dB06cfFC88d9213,1,True
167,0,0,0xdA1A3cc89879DaE1aB0e00AE2426bA64E483c158,0,True
167,0,1,0xc6d63A94B556239ccDe8905129032Dcd8627e079,0,False
167,0,2,0x4C9447296A38F56dcBced69A3bAA74bC4CE35816,0,False
166,0,0,0x9b328488a8f0fa20628bb959769F0BA78de06466,0,False
166,0,1,0x9b70502efAaF3470F62ca3A27F7EaB37942f4E80,2,True
166,0,2,0xc6d63A94B556239ccDe8905129032Dcd8627e079,0,False
165,0,0,0xc6d63A94B556239ccDe8905129032Dcd8627e079,0,False
165,0,1,0xdA1A3cc89879DaE1aB0e00AE2426bA64E483c158,2,True
165,0,2,0x982f5698fEBb2b8d1B9a560228ABBCEAfBB11568,1,True
164,0,0,0xe5DD78C224F26E306c84A9B1aa2DEF30bdf15835,1,True
164,0,1,0x4a2c5a0Af8b29cD5Fd8Eb1d02a83150A3ee10488,1,True
164,0,2,0xe6CBb459154CeD1Fa8AFC38FB1acCaBdB38d5c4f,2,True
163,0,0,0x20862Da5CbDb46Aed6409F8987ffB828Aa981db8,0,False
163,0,1,0xa07f5Ffd166Ca3Ff7567e96a0430F1496cdb470a,1,True
163,0,2,0x1A7D20F8bd74EeD5ba703dA4Fae5bdf1bA69c2Ab,1,True
162,0,0,0x010afb8548a5D1a3a3D62f58CA0a5A1329974206,1,True
162,0,1,0x010afb8548a5D1a3a3D62f58CA0a5A1329974206,1,True
162,0,2,0x4C9447296A38F56dcBced69A3bAA74bC4CE35816,0,False
162,0,3,0x5e7B645d5Bf86750CB1913122ba8A8545e2A9FD1,1,True
162,0,4,0x2D4f248fF1E4EedFaC4aa636A1e7271E44aeE5c1,0,False
162,0,5,0x5e7B645d5Bf86750CB1913122ba8A8545e2A9FD1,1,True
162,0,6,0xC3D9fe15680E80f54E6156b3eF551FD92D5d54cc,0,False
162,0,7,0x010afb8548a5D1a3a3D62f58CA0a5A1329974206,1,True
162,0,8,0x010afb8548a5D1a3a3D62f58CA0a5A1329974206,1,True
162,0,9,0x010afb8548a5D1a3a3D62f58CA0a5A1329974206,1,True
161,0,0,0x5e7B645d5Bf86750CB1913122ba8A8545e2A9FD1,1,True
161,0,1,0x3085F25455B821EeDCFf10433fee6723d34c2426,1,True
161,0,2,0x5e7B645d5Bf86750CB1913122ba8A8545e2A9FD1,1,True
161,0,3,0x5e7B645d5Bf86750CB1913122ba8A8545e2A9FD1,1,True
161,0,4,0x4C9447296A38F56dcBced69A3bAA74bC4CE35816,0,False
161,0,5,0x5e7B645d5Bf86750CB1913122ba8A8545e2A9FD1,1,True
161,0,6,0x010afb8548a5D1a3a3D62f58CA0a5A1329974206,1,True
161,0,7,0x5e7B645d5Bf86750CB1913122ba8A8545e2A9FD1,1,True
161,0,8,0x5e7B645d5Bf86750CB1913122ba8A8545e2A9FD1,1,True
161,0,9,0x5e7B645d5Bf86750CB1913122ba8A8545e2A9FD1,1,True
160,0,0,0xfD6D004e713e809292007C4F70dAF12894a2b394,2,True
160,0,1,0x24D0Db7E182fCD29DdeA14C04BCb182c89CBB0C0,2,True
160,0,2,0xC2e02535829667715E089C7c4dec3BdCB5c484F5,2,True
159,0,0,0x1A7D20F8bd74EeD5ba703dA4Fae5bdf1bA69c2Ab,0,True
159,0,1,0x5e7B645d5Bf86750CB1913122ba8A8545e2A9FD1,1,True
159,0,2,0x9b328488a8f0fa20628bb959769F0BA78de06466,1,True
159,0,3,0x1A7D20F8bd74EeD5ba703dA4Fae5bdf1bA69c2Ab,0,True
159,0,4,0x5e7B645d5Bf86750CB1913122ba8A8545e2A9FD1,1,True
159,0,5,0xBBFe30A28485a8Bb1Bc26C28c518497f2763D502,2,True
159,0,6,0x1A7D20F8bd74EeD5ba703dA4Fae5bdf1bA69c2Ab,0,True
159,0,7,0x5e7B645d5Bf86750CB1913122ba8A8545e2A9FD1,1,True
159,0,8,0x5e7B645d5Bf86750CB1913122ba8A8545e2A9FD1,1,True
159,0,9,0x5e7B645d5Bf86750CB1913122ba8A8545e2A9FD1,1,True
159,0,10,0x1A7D20F8bd74EeD5ba703dA4Fae5bdf1bA69c2Ab,0,True
159,0,11,0x5e7B645d5Bf86750CB1913122ba8A8545e2A9FD1,1,True
159,0,12,0x5e7B645d5Bf86750CB1913122ba8A8545e2A9FD1,1,True
159,0,13,0x5e7B645d5Bf86750CB1913122ba8A8545e2A9FD1,1,True
159,0,14,0x5e7B645d5Bf86750CB1913122ba8A8545e2A9FD1,1,True
159,0,15,0x5e7B645d5Bf86750CB1913122ba8A8545e2A9FD1,1,True
159,0,16,0x1A7D20F8bd74EeD5ba703dA4Fae5bdf1bA69c2Ab,0,True
159,0,17,0xdB3937Ae94C803902f7BDf82f32B7AE0De082b18,1,True
159,0,18,0x5e7B645d5Bf86750CB1913122ba8A8545e2A9FD1,1,True
159,0,19,0x1A7D20F8bd74EeD5ba703dA4Fae5bdf1bA69c2Ab,0,True
159,0,20,0x1A7D20F8bd74EeD5ba703dA4Fae5bdf1bA69c2Ab,0,True
159,0,21,0x5e7B645d5Bf86750CB1913122ba8A8545e2A9FD1,1,True
159,0,22,0x1A7D20F8bd74EeD5ba703dA4Fae5bdf1bA69c2Ab,0,True
159,0,23,0x5e7B645d5Bf86750CB1913122ba8A8545e2A9FD1,1,True
159,0,24,0x5e7B645d5Bf86750CB1913122ba8A8545e2A9FD1,1,True
159,0,25,0x5e7B645d5Bf86750CB1913122ba8A8545e2A9FD1,1,True
159,0,26,0x5e7B645d5Bf86750CB1913122ba8A8545e2A9FD1,1,True
159,0,27,0x06F65D5e97b796E47263110F305d005b2733CD1a,1,True
159,0,28,0x5e7B645d5Bf86750CB1913122ba8A8545e2A9FD1,1,True
159,0,29,0x5e7B645d5Bf86750CB1913122ba8A8545e2A9FD1,1,True
158,0,0,0x1A7D20F8bd74EeD5ba703dA4Fae5bdf1bA69c2Ab,1,True
158,0,1,0x1A7D20F8bd74EeD5ba703dA4Fae5bdf1bA69c2Ab,1,True
158,0,2,0x1A7D20F8bd74EeD5ba703dA4Fae5bdf1bA69c2Ab,1,True
158,0,3,0x1A7D20F8bd74EeD5ba703dA4Fae5bdf1bA69c2Ab,1,True
158,0,4,0x1A7D20F8bd74EeD5ba703dA4Fae5bdf1bA69c2Ab,1,True
158,0,5,0x1A7D20F8bd74EeD5ba703dA4Fae5bdf1bA69c2Ab,1,True
158,0,6,0x1A7D20F8bd74EeD5ba703dA4Fae5bdf1bA69c2Ab,1,True
158,0,7,0x1A7D20F8bd74EeD5ba703dA4Fae5bdf1bA69c2Ab,1,True
158,0,8,0x1A7D20F8bd74EeD5ba703dA4Fae5bdf1bA69c2Ab,1,True
158,0,9,0x1A7D20F8bd74EeD5ba703dA4Fae5bdf1bA69c2Ab,1,True
158,0,10,0x06F65D5e97b796E47263110F305d005b2733CD1a,0,False
158,0,11,0x1A7D20F8bd74EeD5ba703dA4Fae5bdf1bA69c2Ab,1,True
158,0,12,0x1A7D20F8bd74EeD5ba703dA4Fae5bdf1bA69c2Ab,1,True
158,0,13,0x1A7D20F8bd74EeD5ba703dA4Fae5bdf1bA69c2Ab,1,True
158,0,14,0x1A7D20F8bd74EeD5ba703dA4Fae5bdf1bA69c2Ab,1,True
158,0,15,0x52Ad58D877e12BE41C7b2282FB999240521f26A6,1,True
158,0,16,0x1A7D20F8bd74EeD5ba703dA4Fae5bdf1bA69c2Ab,1,True
158,0,17,0x1A7D20F8bd74EeD5ba703dA4Fae5bdf1bA69c2Ab,1,True
158,0,18,0xdB3937Ae94C803902f7BDf82f32B7AE0De082b18,2,True
158,0,19,0x1A7D20F8bd74EeD5ba703dA4Fae5bdf1bA69c2Ab,1,True
158,0,20,0x1A7D20F8bd74EeD5ba703dA4Fae5bdf1bA69c2Ab,1,True
158,0,21,0x1A7D20F8bd74EeD5ba703dA4Fae5bdf1bA69c2Ab,1,True
158,0,22,0x1A7D20F8bd74EeD5ba703dA4Fae5bdf1bA69c2Ab,1,True
158,0,23,0x52Ad58D877e12BE41C7b2282FB999240521f26A6,1,True
158,0,24,0x1A7D20F8bd74EeD5ba703dA4Fae5bdf1bA69c2Ab,1,True
158,0,25,0x52Ad58D877e12BE41C7b2282FB999240521f26A6,1,True
158,0,26,0xb3b5104063A5E1FAcf6503D9Ed4923622ddaF6CC,2,True
158,0,27,0x60959Ed8307EE2b0d04306f6b319AEeE8864f1Ee,0,False
158,0,28,0x1A7D20F8bd74EeD5ba703dA4Fae5bdf1bA69c2Ab,1,True
158,0,29,0x1A7D20F8bd74EeD5ba703dA4Fae5bdf1bA69c2Ab,1,True
158,0,30,0x1A7D20F8bd74EeD5ba703dA4Fae5bdf1bA69c2Ab,1,True
158,0,31,0x1A7D20F8bd74EeD5ba703dA4Fae5bdf1bA69c2Ab,1,True
158,0,32,0xdB3937Ae94C803902f7BDf82f32B7AE0De082b18,2,True
158,0,33,0x1A7D20F8bd74EeD5ba703dA4Fae5bdf1bA69c2Ab,1,True
158,0,34,0x1A7D20F8bd74EeD5ba703dA4Fae5bdf1bA69c2Ab,1,True
158,0,35,0x1A7D20F8bd74EeD5ba703dA4Fae5bdf1bA69c2Ab,1,True
158,0,36,0x1A7D20F8bd74EeD5ba703dA4Fae5bdf1bA69c2Ab,1,True
158,0,37,0x06F65D5e97b796E47263110F305d005b2733CD1a,0,False
158,0,38,0x1A7D20F8bd74EeD5ba703dA4Fae5bdf1bA69c2Ab,1,True
158,0,39,0x1A7D20F8bd74EeD5ba703dA4Fae5bdf1bA69c2Ab,1,True
158,0,40,0x1A7D20F8bd74EeD5ba703dA4Fae5bdf1bA69c2Ab,1,True
158,0,41,0x1A7D20F8bd74EeD5ba703dA4Fae5bdf1bA69c2Ab,1,True
158,0,42,0x1A7D20F8bd74EeD5ba703dA4Fae5bdf1bA69c2Ab,1,True
158,0,43,0x1A7D20F8bd74EeD5ba703dA4Fae5bdf1bA69c2Ab,1,True
158,0,44,0x1A7D20F8bd74EeD5ba703dA4Fae5bdf1bA69c2Ab,1,True
158,0,45,0x1A7D20F8bd74EeD5ba703dA4Fae5bdf1bA69c2Ab,1,True
158,0,46,0x1A7D20F8bd74EeD5ba703dA4Fae5bdf1bA69c2Ab,1,True
158,0,47,0xBBFe30A28485a8Bb1Bc26C28c518497f2763D502,2,True
158,0,48,0x1A7D20F8bd74EeD5ba703dA4Fae5bdf1bA69c2Ab,1,True
158,0,49,0x1A7D20F8bd74EeD5ba703dA4Fae5bdf1bA69c2Ab,1,True
157,0,0,0xdB3937Ae94C803902f7BDf82f32B7AE0De082b18,2,True
157,0,1,0xFaE53b889a6332009CDb4e6D48a35b36D06e1B2D,2,True
157,0,2,0xBBFe30A28485a8Bb1Bc26C28c518497f2763D502,2,True
157,0,3,0xdB3937Ae94C803902f7BDf82f32B7AE0De082b18,2,True
157,0,4,0xdB3937Ae94C803902f7BDf82f32B7AE0De082b18,2,True
157,0,5,0xdB3937Ae94C803902f7BDf82f32B7AE0De082b18,2,True
156,0,0,0x1D899a06Fb04b276aeDd87EE3A9d937292884F4a,2,True
156,0,1,0x81C69A185076558c2766c79aa96b555DF019C167,0,True
156,0,2,0xaB6AFA507adFac8A2c22C85716CB74156c897D4B,0,False
155,0,0,0xFaE53b889a6332009CDb4e6D48a35b36D06e1B2D,1,True
154,0,0,0xe5DD78C224F26E306c84A9B1aa2DEF30bdf15835,0,False
154,0,1,0x9bfDA54A453F503d487f2F32554dE73f03E24853,2,True
154,0,2,0xF035561dcE033DeD865E15E69dB06cfFC88d9213,2,True
153,0,0,0xc6d63A94B556239ccDe8905129032Dcd8627e079,2,True
153,0,1,0x9bfDA54A453F503d487f2F32554dE73f03E24853,2,True
153,0,2,0xC2e02535829667715E089C7c4dec3BdCB5c484F5,2,True
152,0,0,0xF035561dcE033DeD865E15E69dB06cfFC88d9213,2,True
152,0,1,0xc31372dB84e456193e72a162928539C8F5999Ff6,2,True
152,0,2,0xF035561dcE033DeD865E15E69dB06cfFC88d9213,2,True
151,0,0,0xa07f5Ffd166Ca3Ff7567e96a0430F1496cdb470a,1,True
151,0,1,0x9bfDA54A453F503d487f2F32554dE73f03E24853,1,True
151,0,2,0x7BaefD3ef84970077FFb5d8D7AA70eA55DBa97a8,1,True
150,0,0,0xFecd90B388f0f1dA91421b1A848013a0fe0c10ab,0,True
150,0,1,0xcc727fcBD0232ff9168b6EF361874c1da5183ac2,0,True
150,0,2,0xF035561dcE033DeD865E15E69dB06cfFC88d9213,0,True
149,0,0,0x010afb8548a5D1a3a3D62f58CA0a5A1329974206,1,True
149,0,1,0x010afb8548a5D1a3a3D62f58CA0a5A1329974206,1,True
149,0,2,0xdA1A3cc89879DaE1aB0e00AE2426bA64E483c158,1,True
148,0,0,0xe5DD78C224F26E306c84A9B1aa2DEF30bdf15835,0,False
148,0,1,0xc3a2C57a3DB661826810E7CddeDCBdf12f762070,0,False
148,0,2,0x27fE00A5a1212e9294b641BA860a383783016C67,0,False
147,0,0,0xF035561dcE033DeD865E15E69dB06cfFC88d9213,2,True
147,0,1,0x60DA07cFb273051AA9827dABFfcD298c305cd00D,2,True
147,0,2,0xfB63808C6B6FEbc4f341073211127Aa383E175cd,1,True
146,0,0,0x5e7B645d5Bf86750CB1913122ba8A8545e2A9FD1,2,True
146,0,1,0x4a2c5a0Af8b29cD5Fd8Eb1d02a83150A3ee10488,2,True
146,0,2,0x82a8439BA037f88bC73c4CCF55292e158A67f125,2,True
145,0,0,0xc30A1dfC9C42648210aA472bDc02Df98232e4820,2,True
145,0,1,0x82a8439BA037f88bC73c4CCF55292e158A67f125,2,True
145,0,2,0xBEB1FD865fEEa5006c74Bcb615Ebb00F1a05d469,0,False
144,0,0,0x1D899a06Fb04b276aeDd87EE3A9d937292884F4a,1,True
144,0,1,0x82a8439BA037f88bC73c4CCF55292e158A67f125,2,True
144,0,2,0x010afb8548a5D1a3a3D62f58CA0a5A1329974206,1,True
143,0,0,0x010afb8548a5D1a3a3D62f58CA0a5A1329974206,1,True
143,0,1,0x010afb8548a5D1a3a3D62f58CA0a5A1329974206,1,True
143,0,2,0xa07f5Ffd166Ca3Ff7567e96a0430F1496cdb470a,1,True
142,0,0,0x27fE00A5a1212e9294b641BA860a383783016C67,2,True
142,0,1,0x0F37785a3Fa5a39759Eb8E72da6c3e031fCF93DE,2,True
142,0,2,0x82a8439BA037f88bC73c4CCF55292e158A67f125,2,True
141,0,0,0x010afb8548a5D1a3a3D62f58CA0a5A1329974206,2,True
141,0,1,0x82a8439BA037f88bC73c4CCF55292e158A67f125,2,True
141,0,2,0x133D93566f9699B3Af46fE150daA8a67a9563ED6,2,True
140,0,0,0xF035561dcE033DeD865E15E69dB06cfFC88d9213,1,True
140,0,1,0x60DA07cFb273051AA9827dABFfcD298c305cd00D,2,True
140,0,2,0xFecd90B388f0f1dA91421b1A848013a0fe0c10ab,2,True
139,0,0,0x1D899a06Fb04b276aeDd87EE3A9d937292884F4a,2,True
139,0,1,0xF035561dcE033DeD865E15E69dB06cfFC88d9213,2,True
139,0,2,0x82a8439BA037f88bC73c4CCF55292e158A67f125,2,True
138,0,0,0xaB6AFA507adFac8A2c22C85716CB74156c897D4B,1,True
138,0,1,0x27fE00A5a1212e9294b641BA860a383783016C67,1,True
138,0,2,0x60DA07cFb273051AA9827dABFfcD298c305cd00D,1,True
137,0,0,0x4a2c5a0Af8b29cD5Fd8Eb1d02a83150A3ee10488,2,True
137,0,1,0xF035561dcE033DeD865E15E69dB06cfFC88d9213,1,True
137,0,2,0x5e7B645d5Bf86750CB1913122ba8A8545e2A9FD1,2,True
137,1,0,0xC2e02535829667715E089C7c4dec3BdCB5c484F5,1,True
137,1,1,0x010afb8548a5D1a3a3D62f58CA0a5A1329974206,1,True
137,1,2,0xF035561dcE033DeD865E15E69dB06cfFC88d9213,1,True
137,1,3,0x010afb8548a5D1a3a3D62f58CA0a5A1329974206,1,True
137,1,4,0x188C30E9A6527F5F0c3f7fe59B72ac7253C62F28,1,True
137,1,5,0x9bfDA54A453F503d487f2F32554dE73f03E24853,1,True
137,1,6,0xaB6AFA507adFac8A2c22C85716CB74156c897D4B,2,True
136,0,0,0xF035561dcE033DeD865E15E69dB06cfFC88d9213,2,True
136,0,1,0xF035561dcE033DeD865E15E69dB06cfFC88d9213,2,True
136,0,2,0xF035561dcE033DeD865E15E69dB06cfFC88d9213,2,True
136,1,0,0x4a2c5a0Af8b29cD5Fd8Eb1d02a83150A3ee10488,2,True
136,1,1,0xC2e02535829667715E089C7c4dec3BdCB5c484F5,2,True
136,1,2,0x010afb8548a5D1a3a3D62f58CA0a5A1329974206,2,True
136,1,3,0x010afb8548a5D1a3a3D62f58CA0a5A1329974206,2,True
136,1,4,0xF035561dcE033DeD865E15E69dB06cfFC88d9213,2,True
136,1,5,0x188C30E9A6527F5F0c3f7fe59B72ac7253C62F28,2,True
136,1,6,0x60DA07cFb273051AA9827dABFfcD298c305cd00D,2,True
135,0,0,0x82a8439BA037f88bC73c4CCF55292e158A67f125,2,True
135,0,1,0xF035561dcE033DeD865E15E69dB06cfFC88d9213,2,True
135,0,2,0xc30A1dfC9C42648210aA472bDc02Df98232e4820,1,True
135,1,0,0x010afb8548a5D1a3a3D62f58CA0a5A1329974206,2,True
135,1,1,0x82a8439BA037f88bC73c4CCF55292e158A67f125,2,True
135,1,2,0x60DA07cFb273051AA9827dABFfcD298c305cd00D,0,False
135,1,3,0x188C30E9A6527F5F0c3f7fe59B72ac7253C62F28,1,True
135,1,4,0x60DA07cFb273051AA9827dABFfcD298c305cd00D,0,False
135,1,5,0x010afb8548a5D1a3a3D62f58CA0a5A1329974206,2,True
135,1,6,0x27fE00A5a1212e9294b641BA860a383783016C67,2,True
135,2,0,0x010afb8548a5D1a3a3D62f58CA0a5A1329974206,2,True
135,2,1,0x27fE00A5a1212e9294b641BA860a383783016C67,1,True
135,2,2,0x1D899a06Fb04b276aeDd87EE3A9d937292884F4a,1,True
135,2,3,0xc3a2C57a3DB661826810E7CddeDCBdf12f762070,0,False
135,2,4,0x5e7B645d5Bf86750CB1913122ba8A8545e2A9FD1,1,True
135,2,5,0x1D899a06Fb04b276aeDd87EE3A9d937292884F4a,1,True
135,2,6,0x20862Da5CbDb46Aed6409F8987ffB828Aa981db8,1,True
135,2,7,0x27fE00A5a1212e9294b641BA860a383783016C67,1,True
135,2,8,0x82a8439BA037f88bC73c4CCF55292e158A67f125,2,True
135,2,9,0x27fE00A5a1212e9294b641BA860a383783016C67,1,True
135,2,10,0x82a8439BA037f88bC73c4CCF55292e158A67f125,2,True
135,2,11,0x7b87Fdcc70Db29777Ba00018DC3F827309a004CE,0,False
135,2,12,0xC2e02535829667715E089C7c4dec3BdCB5c484F5,2,True
135,2,13,0xC2e02535829667715E089C7c4dec3BdCB5c484F5,2,True
135,2,14,0xF035561dcE033DeD865E15E69dB06cfFC88d9213,2,True
134,0,0,0x24D0Db7E182fCD29DdeA14C04BCb182c89CBB0C0,2,True
134,0,1,0xC2e02535829667715E089C7c4dec3BdCB5c484F5,2,True
134,0,2,0x9bfDA54A453F503d487f2F32554dE73f03E24853,2,True
133,0,0,0xC2e02535829667715E089C7c4dec3BdCB5c484F5,2,True
133,0,1,0xC2e02535829667715E089C7c4dec3BdCB5c484F5,2,True
133,0,2,0x010afb8548a5D1a3a3D62f58CA0a5A1329974206,2,True
132,0,0,0x1D899a06Fb04b276aeDd87EE3A9d937292884F4a,2,True
132,0,1,0x1D899a06Fb04b276aeDd87EE3A9d937292884F4a,2,True
132,0,2,0x909850e31836fd81c404d5ed72d263C74e43183c,2,True
132,1,0,0x82a8439BA037f88bC73c4CCF55292e158A67f125,0,False
132,1,1,0x60DA07cFb273051AA9827dABFfcD298c305cd00D,2,True
132,1,2,0x82a8439BA037f88bC73c4CCF55292e158A67f125,0,False
132,1,3,0x82a8439BA037f88bC73c4CCF55292e158A67f125,0,False
132,1,4,0xc30A1dfC9C42648210aA472bDc02Df98232e4820,0,False
132,1,5,0xC2e02535829667715E089C7c4dec3BdCB5c484F5,1,True
132,1,6,0xc6654898d96e97199A8d14E534fe92dd6B2674BD,0,False
132,2,0,0x909850e31836fd81c404d5ed72d263C74e43183c,0,False
132,2,1,0x27fE00A5a1212e9294b641BA860a383783016C67,1,True
132,2,2,0x010afb8548a5D1a3a3D62f58CA0a5A1329974206,1,True
132,2,3,0x60DA07cFb273051AA9827dABFfcD298c305cd00D,1,True
132,2,4,0xaB6AFA507adFac8A2c22C85716CB74156c897D4B,1,True
132,2,5,0xb841a0A64399e0c391629EDE0ad2cE6336351b33,1,True
132,2,6,0x010afb8548a5D1a3a3D62f58CA0a5A1329974206,1,True
132,2,7,0x82a8439BA037f88bC73c4CCF55292e158A67f125,1,True
132,2,8,0x4a2c5a0Af8b29cD5Fd8Eb1d02a83150A3ee10488,1,True
132,2,9,0x27fE00A5a1212e9294b641BA860a383783016C67,1,True
132,2,10,0x5e7B645d5Bf86750CB1913122ba8A8545e2A9FD1,1,True
132,2,11,0x1D899a06Fb04b276aeDd87EE3A9d937292884F4a,0,False
132,2,12,0x5e7B645d5Bf86750CB1913122ba8A8545e2A9FD1,1,True
132,2,13,0x82a8439BA037f88bC73c4CCF55292e158A67f125,1,True
132,2,14,0x60DA07cFb273051AA9827dABFfcD298c305cd00D,1,True
131,0,0,0x5e7B645d5Bf86750CB1913122ba8A8545e2A9FD1,1,True
131,0,1,0xe7275240C52FC4316277547655C73C10529D345a,1,True
131,0,2,0xCa32e9410368d6E190c3F8D903401CfBF1b2d37F,0,True
130,0,0,0xc30A1dfC9C42648210aA472bDc02Df98232e4820,1,True
130,0,1,0x24D0Db7E182fCD29DdeA14C04BCb182c89CBB0C0,1,True
130,0,2,0xC2e02535829667715E089C7c4dec3BdCB5c484F5,1,True
129,0,0,0x133D93566f9699B3Af46fE150daA8a67a9563ED6,1,True
129,0,1,0xAe80Fe03cEc557C06980355eec1280c0bc528aAE,1,True
129,0,2,0x133D93566f9699B3Af46fE150daA8a67a9563ED6,1,True
128,0,0,0x60DA07cFb273051AA9827dABFfcD298c305cd00D,1,True
128,0,1,0x60DA07cFb273051AA9827dABFfcD298c305cd00D,1,True
128,0,2,0x8fFF1F53ffE87E5a147347839A8D199592c5F62d,0,False
127,0,0,0xF035561dcE033DeD865E15E69dB06cfFC88d9213,2,True
127,0,1,0xaB6AFA507adFac8A2c22C85716CB74156c897D4B,2,True
127,0,2,0x27fE00A5a1212e9294b641BA860a383783016C67,2,True
126,0,0,0x60DA07cFb273051AA9827dABFfcD298c305cd00D,0,False
126,0,1,0x60DA07cFb273051AA9827dABFfcD298c305cd00D,0,False
126,0,2,0x010afb8548a5D1a3a3D62f58CA0a5A1329974206,2,True
125,0,0,0xF035561dcE033DeD865E15E69dB06cfFC88d9213,2,True
125,0,1,0x49721D502266Fb9772Be25be1542a97b95fee721,2,True
125,0,2,0x1D899a06Fb04b276aeDd87EE3A9d937292884F4a,2,True
124,0,0,0x60DA07cFb273051AA9827dABFfcD298c305cd00D,2,True
124,0,1,0xaB6AFA507adFac8A2c22C85716CB74156c897D4B,2,True
124,0,2,0x60DA07cFb273051AA9827dABFfcD298c305cd00D,2,True
123,0,0,0x1D899a06Fb04b276aeDd87EE3A9d937292884F4a,0,True
123,0,1,0x60DA07cFb273051AA9827dABFfcD298c305cd00D,0,True
123,0,2,0x60DA07cFb273051AA9827dABFfcD298c305cd00D,0,True
122,0,0,0x2c7Be4D348e1E75c4C557F400264944a1A564C52,0,False
122,0,1,0x1D899a06Fb04b276aeDd87EE3A9d937292884F4a,1,True
122,0,2,0x27fE00A5a1212e9294b641BA860a383783016C67,2,True
122,1,0,0x60DA07cFb273051AA9827dABFfcD298c305cd00D,1,True
122,1,1,0x60DA07cFb273051AA9827dABFfcD298c305cd00D,1,True
122,1,2,0xaB6AFA507adFac8A2c22C85716CB74156c897D4B,2,True
122,1,3,0x5e7B645d5Bf86750CB1913122ba8A8545e2A9FD1,1,True
122,1,4,0xF035561dcE033DeD865E15E69dB06cfFC88d9213,1,True
122,1,5,0x010afb8548a5D1a3a3D62f58CA0a5A1329974206,1,True
122,1,6,0x010afb8548a5D1a3a3D62f58CA0a5A1329974206,1,True
122,2,0,0x1D899a06Fb04b276aeDd87EE3A9d937292884F4a,1,True
122,2,1,0x1D899a06Fb04b276aeDd87EE3A9d937292884F4a,1,True
122,2,2,0x5e7B645d5Bf86750CB1913122ba8A8545e2A9FD1,1,True
122,2,3,0x4a2c5a0Af8b29cD5Fd8Eb1d02a83150A3ee10488,1,True
122,2,4,0x60DA07cFb273051AA9827dABFfcD298c305cd00D,1,True
122,2,5,0x60DA07cFb273051AA9827dABFfcD298c305cd00D,1,True
122,2,6,0xFecd90B388f0f1dA91421b1A848013a0fe0c10ab,1,True
122,2,7,0x60DA07cFb273051AA9827dABFfcD298c305cd00D,1,True
122,2,8,0x60DA07cFb273051AA9827dABFfcD298c305cd00D,1,True
122,2,9,0x5e7B645d5Bf86750CB1913122ba8A8545e2A9FD1,1,True
122,2,10,0xc30A1dfC9C42648210aA472bDc02Df98232e4820,2,True
122,2,11,0xF035561dcE033DeD865E15E69dB06cfFC88d9213,1,True
122,2,12,0x24D0Db7E182fCD29DdeA14C04BCb182c89CBB0C0,2,True
122,2,13,0xF035561dcE033DeD865E15E69dB06cfFC88d9213,1,True
122,2,14,0xc30A1dfC9C42648210aA472bDc02Df98232e4820,2,True
121,0,0,0x60DA07cFb273051AA9827dABFfcD298c305cd00D,1,True
121,0,1,0x27fE00A5a1212e9294b641BA860a383783016C67,1,True
121,0,2,0xBA333F8ff556bF35D38E102a98dAF1c5F6d9D708,0,False
120,0,0,0x133D93566f9699B3Af46fE150daA8a67a9563ED6,1,True
120,0,1,0x010afb8548a5D1a3a3D62f58CA0a5A1329974206,1,True
120,0,2,0xc30A1dfC9C42648210aA472bDc02Df98232e4820,1,True
119,0,0,0x2c7Be4D348e1E75c4C557F400264944a1A564C52,2,True
119,0,1,0x2e879c8F58A470ec71cfB8F49cf4513122E46964,0,False
119,0,2,0x010afb8548a5D1a3a3D62f58CA0a5A1329974206,2,True
118,0,0,0x7BaefD3ef84970077FFb5d8D7AA70eA55DBa97a8,2,True
118,0,1,0xedE05C47c0428037eccDC76aD28E2C2dE4862094,1,True
118,0,2,0x60DA07cFb273051AA9827dABFfcD298c305cd00D,2,True
117,0,0,0x60DA07cFb273051AA9827dABFfcD298c305cd00D,2,True
117,0,1,0x60DA07cFb273051AA9827dABFfcD298c305cd00D,2,True
117,0,2,0xc30A1dfC9C42648210aA472bDc02Df98232e4820,2,True
116,0,0,0xF035561dcE033DeD865E15E69dB06cfFC88d9213,1,True
116,0,1,0x5c85985bB0c1D4A8556b27DC6FD18D4e4f5556c2,1,True
116,0,2,0x2C26AA15Bd6df2ea32d08a0E0D92ab3E32980d40,0,False
115,0,0,0x60DA07cFb273051AA9827dABFfcD298c305cd00D,2,True
115,0,1,0xF035561dcE033DeD865E15E69dB06cfFC88d9213,2,True
115,0,2,0x4a2c5a0Af8b29cD5Fd8Eb1d02a83150A3ee10488,2,True
114,0,0,0x27fE00A5a1212e9294b641BA860a383783016C67,2,True
114,0,1,0x1D899a06Fb04b276aeDd87EE3A9d937292884F4a,0,False
114,0,2,0x5e7B645d5Bf86750CB1913122ba8A8545e2A9FD1,1,True
113,0,0,0x010afb8548a5D1a3a3D62f58CA0a5A1329974206,2,True
113,0,1,0xF035561dcE033DeD865E15E69dB06cfFC88d9213,2,True
113,0,2,0xF035561dcE033DeD865E15E69dB06cfFC88d9213,2,True
112,0,0,0x2C26AA15Bd6df2ea32d08a0E0D92ab3E32980d40,2,True
112,0,1,0x2C26AA15Bd6df2ea32d08a0E0D92ab3E32980d40,2,True
112,0,2,0x2C26AA15Bd6df2ea32d08a0E0D92ab3E32980d40,2,True
111,0,0,0x2C26AA15Bd6df2ea32d08a0E0D92ab3E32980d40,1,True
111,0,1,0xb841a0A64399e0c391629EDE0ad2cE6336351b33,2,True
111,0,2,0x27fE00A5a1212e9294b641BA860a383783016C67,2,True
111,0,3,0x2C26AA15Bd6df2ea32d08a0E0D92ab3E32980d40,1,True
111,0,4,0x010afb8548a5D1a3a3D62f58CA0a5A1329974206,2,True
110,0,0,0x5e7B645d5Bf86750CB1913122ba8A8545e2A9FD1,2,True
110,0,1,0xe5DD78C224F26E306c84A9B1aa2DEF30bdf15835,0,False
110,0,2,0x60DA07cFb273051AA9827dABFfcD298c305cd00D,2,True
109,0,0,0x27fE00A5a1212e9294b641BA860a383783016C67,1,True
109,0,1,0x133D93566f9699B3Af46fE150daA8a67a9563ED6,2,True
109,0,2,0x60DA07cFb273051AA9827dABFfcD298c305cd00D,1,True
108,0,0,0x2ecbA8098C7C112532F02F2295b0df0732b96527,0,False
108,0,1,0xc30A1dfC9C42648210aA472bDc02Df98232e4820,0,False
108,0,2,0x81C69A185076558c2766c79aa96b555DF019C167,0,False
107,0,0,0xc30A1dfC9C42648210aA472bDc02Df98232e4820,2,True
107,0,1,0x60DA07cFb273051AA9827dABFfcD298c305cd00D,2,True
107,0,2,0x24D0Db7E182fCD29DdeA14C04BCb182c89CBB0C0,2,True
106,0,0,0xc30A1dfC9C42648210aA472bDc02Df98232e4820,2,True
106,0,1,0x5e7B645d5Bf86750CB1913122ba8A8545e2A9FD1,2,True
106,0,2,0x5e7B645d5Bf86750CB1913122ba8A8545e2A9FD1,2,True
105,0,0,0xd05169ddafA63b6b75B8791a2f1F8665bd6357aF,2,True
105,0,1,0x60DA07cFb273051AA9827dABFfcD298c305cd00D,2,True
105,0,2,0x60DA07cFb273051AA9827dABFfcD298c305cd00D,2,True
104,0,0,0xb841a0A64399e0c391629EDE0ad2cE6336351b33,2,True
104,0,1,0x2C26AA15Bd6df2ea32d08a0E0D92ab3E32980d40,2,True
104,0,2,0x24D0Db7E182fCD29DdeA14C04BCb182c89CBB0C0,2,True
104,0,3,0x7BaefD3ef84970077FFb5d8D7AA70eA55DBa97a8,0,False
104,0,4,0xc30A1dfC9C42648210aA472bDc02Df98232e4820,2,True
103,0,0,0x11B1785D9Ac81480c03210e89F1508c8c115888E,2,True
103,0,1,0x010afb8548a5D1a3a3D62f58CA0a5A1329974206,2,True
103,0,2,0xc30A1dfC9C42648210aA472bDc02Df98232e4820,2,True
102,0,0,0x92c776916152801d437F63DA6F63B71fe6cbE8f4,0,False
102,0,1,0x503c671DEdBCaD5470C58a80a52d9f8ce9A23886,1,True
102,0,2,0xEd5b940De6F21fcc6D1168cb78590F9AB6Cd2BA6,0,False
102,0,3,0x60DA07cFb273051AA9827dABFfcD298c305cd00D,1,True
102,0,4,0x60DA07cFb273051AA9827dABFfcD298c305cd00D,1,True
101,0,0,0x2C26AA15Bd6df2ea32d08a0E0D92ab3E32980d40,2,True
101,0,1,0x60DA07cFb273051AA9827dABFfcD298c305cd00D,2,True
101,0,2,0x909850e31836fd81c404d5ed72d263C74e43183c,2,True
100,0,0,0x010afb8548a5D1a3a3D62f58CA0a5A1329974206,2,True
100,0,1,0x503c671DEdBCaD5470C58a80a52d9f8ce9A23886,2,True
100,0,2,0x909850e31836fd81c404d5ed72d263C74e43183c,2,True
99,0,0,0x60DA07cFb273051AA9827dABFfcD298c305cd00D,2,True
99,0,1,0xa1552A4ba8655065fa9F0697653d4AFc7F2359Fc,0,False
99,0,2,0xA5aaCd9faAb88D345DEb55036257913202F40c05,2,True
98,0,0,0xF035561dcE033DeD865E15E69dB06cfFC88d9213,1,True
98,0,1,0x60DA07cFb273051AA9827dABFfcD298c305cd00D,1,True
98,0,2,0xc30A1dfC9C42648210aA472bDc02Df98232e4820,1,True
97,0,0,0x5e7B645d5Bf86750CB1913122ba8A8545e2A9FD1,0,False
97,0,1,0xe5DD78C224F26E306c84A9B1aa2DEF30bdf15835,1,True
97,0,2,0xF035561dcE033DeD865E15E69dB06cfFC88d9213,1,True
96,0,0,0x60DA07cFb273051AA9827dABFfcD298c305cd00D,2,True
96,0,1,0xF035561dcE033DeD865E15E69dB06cfFC88d9213,2,True
96,0,2,0xa1552A4ba8655065fa9F0697653d4AFc7F2359Fc,2,True
95,0,0,0xb841a0A64399e0c391629EDE0ad2cE6336351b33,2,True
95,0,1,0x2C26AA15Bd6df2ea32d08a0E0D92ab3E32980d40,2,True
95,0,2,0x5e7B645d5Bf86750CB1913122ba8A8545e2A9FD1,2,True
95,0,3,0x503c671DEdBCaD5470C58a80a52d9f8ce9A23886,2,True
95,0,4,0x85564BCF11414fBac4C1a2FB694C16574EE4e940,2,True
95,1,0,0xaB6AFA507adFac8A2c22C85716CB74156c897D4B,2,True
95,1,1,0x1D899a06Fb04b276aeDd87EE3A9d937292884F4a,2,True
95,1,2,0x010afb8548a5D1a3a3D62f58CA0a5A1329974206,2,True
95,1,3,0x60DA07cFb273051AA9827dABFfcD298c305cd00D,2,True
95,1,4,0x4a2c5a0Af8b29cD5Fd8Eb1d02a83150A3ee10488,2,True
95,1,5,0xc30A1dfC9C42648210aA472bDc02Df98232e4820,2,True
95,1,6,0xaB6AFA507adFac8A2c22C85716CB74156c897D4B,2,True
95,1,7,0x5e7B645d5Bf86750CB1913122ba8A8545e2A9FD1,2,True
95,1,8,0x82a8439BA037f88bC73c4CCF55292e158A67f125,0,False
95,1,9,0x2A1049062c6Cfd69bd38fbaf3b0559DF1DBbc92c,2,True
95,1,10,0x60DA07cFb273051AA9827dABFfcD298c305cd00D,2,True
94,0,0,0x60DA07cFb273051AA9827dABFfcD298c305cd00D,2,True
94,0,1,0xaB6AFA507adFac8A2c22C85716CB74156c897D4B,2,True
94,0,2,0xF035561dcE033DeD865E15E69dB06cfFC88d9213,2,True
93,0,0,0x60DA07cFb273051AA9827dABFfcD298c305cd00D,2,True
93,0,1,0x5e7B645d5Bf86750CB1913122ba8A8545e2A9FD1,2,True
93,0,2,0x5e7B645d5Bf86750CB1913122ba8A8545e2A9FD1,2,True
92,0,0,0x5e7B645d5Bf86750CB1913122ba8A8545e2A9FD1,2,True
92,0,1,0xAC9ba72fb61aA7c31A95df0A8b6ebA6f41EF875e,1,True
92,0,2,0xC2e02535829667715E089C7c4dec3BdCB5c484F5,1,True
91,0,0,0x21358465c27557b6F2F56d88346E921D40Ce3b37,2,True
91,0,1,0xa1552A4ba8655065fa9F0697653d4AFc7F2359Fc,2,True
91,0,2,0xa1552A4ba8655065fa9F0697653d4AFc7F2359Fc,2,True
90,0,0,0x60DA07cFb273051AA9827dABFfcD298c305cd00D,1,True
90,0,1,0x60DA07cFb273051AA9827dABFfcD298c305cd00D,1,True
90,0,2,0xC2e02535829667715E089C7c4dec3BdCB5c484F5,2,True
89,0,0,0xA5aaCd9faAb88D345DEb55036257913202F40c05,2,True
89,0,1,0xA5aaCd9faAb88D345DEb55036257913202F40c05,2,True
89,0,2,0xA5aaCd9faAb88D345DEb55036257913202F40c05,2,True
89,0,3,0x60DA07cFb273051AA9827dABFfcD298c305cd00D,2,True
89,0,4,0x333664b584D61DCd0AC937d586293FC76649324e,2,True
88,0,0,0xC2e02535829667715E089C7c4dec3BdCB5c484F5,2,True
88,0,1,0x60DA07cFb273051AA9827dABFfcD298c305cd00D,2,True
88,0,2,0x55e788CE5745eb7612F49FF54e9fCECa91b18448,0,False
87,0,0,0xA5aaCd9faAb88D345DEb55036257913202F40c05,2,True
87,0,1,0xC2e02535829667715E089C7c4dec3BdCB5c484F5,1,True
87,0,2,0x60DA07cFb273051AA9827dABFfcD298c305cd00D,1,True
86,0,0,0xA5aaCd9faAb88D345DEb55036257913202F40c05,2,True
86,0,1,0x5e7B645d5Bf86750CB1913122ba8A8545e2A9FD1,2,True
86,0,2,0x2C26AA15Bd6df2ea32d08a0E0D92ab3E32980d40,2,True
86,0,3,0x5e7B645d5Bf86750CB1913122ba8A8545e2A9FD1,2,True
86,0,4,0xC2e02535829667715E089C7c4dec3BdCB5c484F5,2,True
85,0,0,0x60DA07cFb273051AA9827dABFfcD298c305cd00D,2,True
85,0,1,0x2A1049062c6Cfd69bd38fbaf3b0559DF1DBbc92c,2,True
85,0,2,0x2C26AA15Bd6df2ea32d08a0E0D92ab3E32980d40,2,True
84,0,0,0x2C26AA15Bd6df2ea32d08a0E0D92ab3E32980d40,2,True
84,0,1,0xa1552A4ba8655065fa9F0697653d4AFc7F2359Fc,2,True
84,0,2,0xa1552A4ba8655065fa9F0697653d4AFc7F2359Fc,2,True
83,0,0,0x82a8439BA037f88bC73c4CCF55292e158A67f125,0,False
83,0,1,0xC2e02535829667715E089C7c4dec3BdCB5c484F5,2,True
83,0,2,0x733Fa895A5baaC4D774F96D48630E6277CA33351,2,True
83,0,3,0x82a8439BA037f88bC73c4CCF55292e158A67f125,0,False
83,0,4,0x7BaefD3ef84970077FFb5d8D7AA70eA55DBa97a8,2,True
82,0,0,0x909850e31836fd81c404d5ed72d263C74e43183c,2,True
82,0,1,0x733Fa895A5baaC4D774F96D48630E6277CA33351,2,True
82,0,2,0x733Fa895A5baaC4D774F96D48630E6277CA33351,2,True
82,0,3,0x5e7B645d5Bf86750CB1913122ba8A8545e2A9FD1,2,True
82,0,4,0xe5DD78C224F26E306c84A9B1aa2DEF30bdf15835,2,True
82,1,0,0xC2e02535829667715E089C7c4dec3BdCB5c484F5,1,True
82,1,1,0x5e7B645d5Bf86750CB1913122ba8A8545e2A9FD1,2,True
82,1,2,0x82a8439BA037f88bC73c4CCF55292e158A67f125,1,True
82,1,3,0x85564BCF11414fBac4C1a2FB694C16574EE4e940,0,False
82,1,4,0xfe3Bb256221B15Ce20f0E552E9F454e46021e1Ba,1,True
82,1,5,0x85564BCF11414fBac4C1a2FB694C16574EE4e940,0,False
82,1,6,0xA5aaCd9faAb88D345DEb55036257913202F40c05,0,False
82,1,7,0xA5aaCd9faAb88D345DEb55036257913202F40c05,0,False
82,1,8,0x82a8439BA037f88bC73c4CCF55292e158A67f125,1,True
82,1,9,0x82a8439BA037f88bC73c4CCF55292e158A67f125,1,True
82,1,10,0x7BaefD3ef84970077FFb5d8D7AA70eA55DBa97a8,1,True
82,2,0,0x4a2c5a0Af8b29cD5Fd8Eb1d02a83150A3ee10488,2,True
82,2,1,0x5e7B645d5Bf86750CB1913122ba8A8545e2A9FD1,2,True
82,2,2,0x9bfDA54A453F503d487f2F32554dE73f03E24853,2,True
82,2,3,0x27fE00A5a1212e9294b641BA860a383783016C67,2,True
82,2,4,0xC2e02535829667715E089C7c4dec3BdCB5c484F5,2,True
82,2,5,0x5e7B645d5Bf86750CB1913122ba8A8545e2A9FD1,2,True
82,2,6,0x503c671DEdBCaD5470C58a80a52d9f8ce9A23886,2,True
82,2,7,0xaB6AFA507adFac8A2c22C85716CB74156c897D4B,1,True
82,2,8,0x5e7B645d5Bf86750CB1913122ba8A8545e2A9FD1,2,True
82,2,9,0x27fE00A5a1212e9294b641BA860a383783016C67,2,True
82,2,10,0x4a2c5a0Af8b29cD5Fd8Eb1d02a83150A3ee10488,2,True
82,2,11,0x010afb8548a5D1a3a3D62f58CA0a5A1329974206,2,True
82,2,12,0x503c671DEdBCaD5470C58a80a52d9f8ce9A23886,2,True
82,2,13,0x5e7B645d5Bf86750CB1913122ba8A8545e2A9FD1,2,True
82,2,14,0x5e7B645d5Bf86750CB1913122ba8A8545e2A9FD1,2,True
82,2,15,0x5e7B645d5Bf86750CB1913122ba8A8545e2A9FD1,2,True
82,2,16,0x010afb8548a5D1a3a3D62f58CA0a5A1329974206,2,True
82,2,17,0xc30A1dfC9C42648210aA472bDc02Df98232e4820,0,False
82,2,18,0xd05169ddafA63b6b75B8791a2f1F8665bd6357aF,2,True
82,2,19,0xA5aaCd9faAb88D345DEb55036257913202F40c05,2,True
82,2,20,0x5e7B645d5Bf86750CB1913122ba8A8545e2A9FD1,2,True
82,2,21,0xe5DD78C224F26E306c84A9B1aa2DEF30bdf15835,2,True
82,2,22,0x60DA07cFb273051AA9827dABFfcD298c305cd00D,2,True
81,0,0,0x9bfDA54A453F503d487f2F32554dE73f03E24853,0,False
81,0,1,0xC2e02535829667715E089C7c4dec3BdCB5c484F5,2,True
81,0,2,0xC2e02535829667715E089C7c4dec3BdCB5c484F5,2,True
81,1,0,0xe5DD78C224F26E306c84A9B1aa2DEF30bdf15835,2,True
81,1,1,0x2C26AA15Bd6df2ea32d08a0E0D92ab3E32980d40,2,True
81,1,2,0xe599435b865ceF666F304031f54DfA3fB2E1bAdF,2,True
81,1,3,0x60DA07cFb273051AA9827dABFfcD298c305cd00D,2,True
81,1,4,0x27fE00A5a1212e9294b641BA860a383783016C67,2,True
81,1,5,0xF035561dcE033DeD865E15E69dB06cfFC88d9213,2,True
81,1,6,0x60DA07cFb273051AA9827dABFfcD298c305cd00D,2,True
81,2,0,0xeD42c877297DE0440Ca6333CeEDEe2D580aad174,2,True
81,2,1,0x11B1785D9Ac81480c03210e89F1508c8c115888E,2,True
81,2,2,0x24D0Db7E182fCD29DdeA14C04BCb182c89CBB0C0,2,True
81,2,3,0xC2e02535829667715E089C7c4dec3BdCB5c484F5,2,True
81,2,4,0x503c671DEdBCaD5470C58a80a52d9f8ce9A23886,2,True
81,2,5,0x85564BCF11414fBac4C1a2FB694C16574EE4e940,2,True
81,2,6,0x5e7B645d5Bf86750CB1913122ba8A8545e2A9FD1,2,True
81,2,7,0xc30A1dfC9C42648210aA472bDc02Df98232e4820,2,True
81,2,8,0x60DA07cFb273051AA9827dABFfcD298c305cd00D,2,True
81,2,9,0xC2e02535829667715E089C7c4dec3BdCB5c484F5,2,True
81,2,10,0xA5aaCd9faAb88D345DEb55036257913202F40c05,2,True
81,2,11,0xaB6AFA507adFac8A2c22C85716CB74156c897D4B,2,True
81,2,12,0xC2e02535829667715E089C7c4dec3BdCB5c484F5,2,True
81,2,13,0x60DA07cFb273051AA9827dABFfcD298c305cd00D,2,True
81,2,14,0xeD42c877297DE0440Ca6333CeEDEe2D580aad174,2,True
81,3,0,0x27fE00A5a1212e9294b641BA860a383783016C67,2,True
81,3,1,0xA5aaCd9faAb88D345DEb55036257913202F40c05,2,True
81,3,2,0xA5aaCd9faAb88D345DEb55036257913202F40c05,2,True
81,3,3,0x5e7B645d5Bf86750CB1913122ba8A8545e2A9FD1,2,True
81,3,4,0x60DA07cFb273051AA9827dABFfcD298c305cd00D,2,True
81,3,5,0x503c671DEdBCaD5470C58a80a52d9f8ce9A23886,2,True
81,3,6,0xC2e02535829667715E089C7c4dec3BdCB5c484F5,2,True
81,3,7,0xC2e02535829667715E089C7c4dec3BdCB5c484F5,2,True
81,3,8,0x9bfDA54A453F503d487f2F32554dE73f03E24853,2,True
81,3,9,0x1D899a06Fb04b276aeDd87EE3A9d937292884F4a,2,True
81,3,10,0xC2e02535829667715E089C7c4dec3BdCB5c484F5,2,True
81,3,11,0xA5aaCd9faAb88D345DEb55036257913202F40c05,2,True
81,3,12,0x2C26AA15Bd6df2ea32d08a0E0D92ab3E32980d40,2,True
81,3,13,0xA5aaCd9faAb88D345DEb55036257913202F40c05,2,True
81,3,14,0x1D899a06Fb04b276aeDd87EE3A9d937292884F4a,2,True
81,3,15,0xA5aaCd9faAb88D345DEb55036257913202F40c05,2,True
81,3,16,0x27fE00A5a1212e9294b641BA860a383783016C67,2,True
81,3,17,0x27fE00A5a1212e9294b641BA860a383783016C67,2,True
81,3,18,0x60DA07cFb273051AA9827dABFfcD298c305cd00D,2,True
81,3,19,0xC2e02535829667715E089C7c4dec3BdCB5c484F5,2,True
81,3,20,0x60DA07cFb273051AA9827dABFfcD298c305cd00D,2,True
81,3,21,0x85564BCF11414fBac4C1a2FB694C16574EE4e940,2,True
81,3,22,0x5e7B645d5Bf86750CB1913122ba8A8545e2A9FD1,2,True
81,3,23,0xb841a0A64399e0c391629EDE0ad2cE6336351b33,2,True
81,3,24,0x60DA07cFb273051AA9827dABFfcD298c305cd00D,2,True
81,3,25,0x60DA07cFb273051AA9827dABFfcD298c305cd00D,2,True
81,3,26,0xA5aaCd9faAb88D345DEb55036257913202F40c05,2,True
81,3,27,0xc30A1dfC9C42648210aA472bDc02Df98232e4820,0,False
81,3,28,0x60DA07cFb273051AA9827dABFfcD298c305cd00D,2,True
81,3,29,0x5e7B645d5Bf86750CB1913122ba8A8545e2A9FD1,2,True
81,3,30,0xC2e02535829667715E089C7c4dec3BdCB5c484F5,2,True
80,0,0,0xC2e02535829667715E089C7c4dec3BdCB5c484F5,1,True
80,0,1,0xc30A1dfC9C42648210aA472bDc02Df98232e4820,1,True
80,0,2,0xeD42c877297DE0440Ca6333CeEDEe2D580aad174,1,True
79,0,0,0x5e7B645d5Bf86750CB1913122ba8A8545e2A9FD1,1,True
79,0,1,0x010afb8548a5D1a3a3D62f58CA0a5A1329974206,2,True
79,0,2,0xA5aaCd9faAb88D345DEb55036257913202F40c05,1,True
78,0,0,0xc31372dB84e456193e72a162928539C8F5999Ff6,2,True
78,0,1,0xC2e02535829667715E089C7c4dec3BdCB5c484F5,2,True
78,0,2,0xC2e02535829667715E089C7c4dec3BdCB5c484F5,2,True
77,0,0,0x60DA07cFb273051AA9827dABFfcD298c305cd00D,2,True
77,0,1,0x60DA07cFb273051AA9827dABFfcD298c305cd00D,2,True
77,0,2,0xF035561dcE033DeD865E15E69dB06cfFC88d9213,2,True
76,0,0,0xC2e02535829667715E089C7c4dec3BdCB5c484F5,2,True
76,0,1,0x5e7B645d5Bf86750CB1913122ba8A8545e2A9FD1,2,True
76,0,2,0x82a8439BA037f88bC73c4CCF55292e158A67f125,0,False
75,0,0,0xC2e02535829667715E089C7c4dec3BdCB5c484F5,2,True
75,0,1,0x60DA07cFb273051AA9827dABFfcD298c305cd00D,2,True
75,0,2,0x85A363699C6864248a6FfCA66e4a1A5cCf9f5567,2,True
74,0,0,0x82a8439BA037f88bC73c4CCF55292e158A67f125,1,True
74,0,1,0xFecd90B388f0f1dA91421b1A848013a0fe0c10ab,1,True
74,0,2,0x5e7B645d5Bf86750CB1913122ba8A8545e2A9FD1,1,True
73,0,0,0xFecd90B388f0f1dA91421b1A848013a0fe0c10ab,1,True
73,0,1,0xC2e02535829667715E089C7c4dec3BdCB5c484F5,1,True
73,0,2,0xc30A1dfC9C42648210aA472bDc02Df98232e4820,1,True
72,0,0,0xA5aaCd9faAb88D345DEb55036257913202F40c05,0,False
72,0,1,0x010afb8548a5D1a3a3D62f58CA0a5A1329974206,2,True
72,0,2,0x9bfDA54A453F503d487f2F32554dE73f03E24853,0,False
71,0,0,0xF035561dcE033DeD865E15E69dB06cfFC88d9213,1,True
71,0,1,0xC2e02535829667715E089C7c4dec3BdCB5c484F5,1,True
71,0,2,0x60DA07cFb273051AA9827dABFfcD298c305cd00D,0,False
70,0,0,0xc30A1dfC9C42648210aA472bDc02Df98232e4820,1,True
70,0,1,0xF035561dcE033DeD865E15E69dB06cfFC88d9213,1,True
70,0,2,0xC2e02535829667715E089C7c4dec3BdCB5c484F5,1,True
69,0,0,0xfC898B18a70cE49579f8D79a32e29928C15b4Bc8,1,True
69,0,1,0x5e7B645d5Bf86750CB1913122ba8A8545e2A9FD1,1,True
69,0,2,0x5e7B645d5Bf86750CB1913122ba8A8545e2A9FD1,1,True
69,1,0,0xA5aaCd9faAb88D345DEb55036257913202F40c05,1,True
69,1,1,0x81C69A185076558c2766c79aa96b555DF019C167,1,True
69,1,2,0x010afb8548a5D1a3a3D62f58CA0a5A1329974206,2,True
69,1,3,0x010afb8548a5D1a3a3D62f58CA0a5A1329974206,2,True
69,1,4,0x5e7B645d5Bf86750CB1913122ba8A8545e2A9FD1,1,True
69,1,5,0xD60460191a4174037B4D835f416FEAfD801e703e,1,True
69,1,6,0xC2e02535829667715E089C7c4dec3BdCB5c484F5,2,True
69,2,0,0xfdcF2Cc4239bba9a6A6C578361C0Bbc2Ee75d3Ca,0,False
69,2,1,0xF035561dcE033DeD865E15E69dB06cfFC88d9213,2,True
69,2,2,0x010afb8548a5D1a3a3D62f58CA0a5A1329974206,2,True
69,2,3,0x82a8439BA037f88bC73c4CCF55292e158A67f125,0,False
69,2,4,0xc30A1dfC9C42648210aA472bDc02Df98232e4820,1,True
69,2,5,0x85A363699C6864248a6FfCA66e4a1A5cCf9f5567,2,True
69,2,6,0xC2e02535829667715E089C7c4dec3BdCB5c484F5,2,True
69,2,7,0xa9D9b530CA87f9Ce19fCb4ef60DBBDafEbC302a0,2,True
69,2,8,0x60DA07cFb273051AA9827dABFfcD298c305cd00D,2,True
69,2,9,0x7BaefD3ef84970077FFb5d8D7AA70eA55DBa97a8,2,True
69,2,10,0x82a8439BA037f88bC73c4CCF55292e158A67f125,0,False
69,2,11,0xC2e02535829667715E089C7c4dec3BdCB5c484F5,2,True
69,2,12,0xC2e02535829667715E089C7c4dec3BdCB5c484F5,2,True
69,2,13,0xfC898B18a70cE49579f8D79a32e29928C15b4Bc8,0,False
69,2,14,0x85564BCF11414fBac4C1a2FB694C16574EE4e940,2,True
69,3,0,0xC2e02535829667715E089C7c4dec3BdCB5c484F5,2,True
69,3,1,0x010afb8548a5D1a3a3D62f58CA0a5A1329974206,2,True
69,3,2,0x503c671DEdBCaD5470C58a80a52d9f8ce9A23886,1,True
69,3,3,0xC2e02535829667715E089C7c4dec3BdCB5c484F5,2,True
69,3,4,0xF035561dcE033DeD865E15E69dB06cfFC88d9213,2,True
69,3,5,0xC2e02535829667715E089C7c4dec3BdCB5c484F5,2,True
69,3,6,0x733Fa895A5baaC4D774F96D48630E6277CA33351,1,True
69,3,7,0xF035561dcE033DeD865E15E69dB06cfFC88d9213,2,True
69,3,8,0x010afb8548a5D1a3a3D62f58CA0a5A1329974206,2,True
69,3,9,0x60DA07cFb273051AA9827dABFfcD298c305cd00D,1,True
69,3,10,0x60DA07cFb273051AA9827dABFfcD298c305cd00D,1,True
69,3,11,0xC2e02535829667715E089C7c4dec3BdCB5c484F5,2,True
69,3,12,0xF035561dcE033DeD865E15E69dB06cfFC88d9213,2,True
69,3,13,0xC2e02535829667715E089C7c4dec3BdCB5c484F5,2,True
69,3,14,0x85564BCF11414fBac4C1a2FB694C16574EE4e940,1,True
69,3,15,0xC2e02535829667715E089C7c4dec3BdCB5c484F5,2,True
69,3,16,0x010afb8548a5D1a3a3D62f58CA0a5A1329974206,2,True
69,3,17,0xBEB1FD865fEEa5006c74Bcb615Ebb00F1a05d469,2,True
69,3,18,0x5e7B645d5Bf86750CB1913122ba8A8545e2A9FD1,1,True
69,3,19,0x9bfDA54A453F503d487f2F32554dE73f03E24853,2,True
69,3,20,0xF035561dcE033DeD865E15E69dB06cfFC88d9213,2,True
69,3,21,0xC2e02535829667715E089C7c4dec3BdCB5c484F5,2,True
69,3,22,0x81C69A185076558c2766c79aa96b555DF019C167,2,True
69,3,23,0x5e7B645d5Bf86750CB1913122ba8A8545e2A9FD1,1,True
69,3,24,0xc30A1dfC9C42648210aA472bDc02Df98232e4820,1,True
69,3,25,0xA5aaCd9faAb88D345DEb55036257913202F40c05,1,True
69,3,26,0x60DA07cFb273051AA9827dABFfcD298c305cd00D,1,True
69,3,27,0x010afb8548a5D1a3a3D62f58CA0a5A1329974206,2,True
69,3,28,0x733Fa895A5baaC4D774F96D48630E6277CA33351,1,True
69,3,29,0x5e7B645d5Bf86750CB1913122ba8A8545e2A9FD1,1,True
69,3,30,0x60DA07cFb273051AA9827dABFfcD298c305cd00D,1,True
68,0,0,0xeD42c877297DE0440Ca6333CeEDEe2D580aad174,1,True
68,0,1,0xc30A1dfC9C42648210aA472bDc02Df98232e4820,1,True
68,0,2,0x82a8439BA037f88bC73c4CCF55292e158A67f125,1,True
68,1,0,0xfC898B18a70cE49579f8D79a32e29928C15b4Bc8,0,False
68,1,1,0xC2e02535829667715E089C7c4dec3BdCB5c484F5,2,True
68,1,2,0x5e7B645d5Bf86750CB1913122ba8A8545e2A9FD1,1,True
68,1,3,0x60DA07cFb273051AA9827dABFfcD298c305cd00D,2,True
68,1,4,0xd05169ddafA63b6b75B8791a2f1F8665bd6357aF,1,True
68,1,5,0x909850e31836fd81c404d5ed72d263C74e43183c,0,False
68,1,6,0x010afb8548a5D1a3a3D62f58CA0a5A1329974206,1,True
67,0,0,0xeD42c877297DE0440Ca6333CeEDEe2D580aad174,2,True
67,0,1,0x85564BCF11414fBac4C1a2FB694C16574EE4e940,2,True
67,0,2,0x82a8439BA037f88bC73c4CCF55292e158A67f125,2,True
66,0,0,0x27fE00A5a1212e9294b641BA860a383783016C67,2,True
66,0,1,0xF035561dcE033DeD865E15E69dB06cfFC88d9213,2,True
66,0,2,0xD60460191a4174037B4D835f416FEAfD801e703e,2,True
65,0,0,0x60DA07cFb273051AA9827dABFfcD298c305cd00D,0,False
65,0,1,0xfC898B18a70cE49579f8D79a32e29928C15b4Bc8,1,True
65,0,2,0xBEB1FD865fEEa5006c74Bcb615Ebb00F1a05d469,1,True
64,0,0,0x5e7B645d5Bf86750CB1913122ba8A8545e2A9FD1,2,True
64,0,1,0xfC898B18a70cE49579f8D79a32e29928C15b4Bc8,2,True
64,0,2,0xfC898B18a70cE49579f8D79a32e29928C15b4Bc8,2,True
63,0,0,0xC2e02535829667715E089C7c4dec3BdCB5c484F5,2,True
63,0,1,0x60DA07cFb273051AA9827dABFfcD298c305cd00D,2,True
63,0,2,0x010afb8548a5D1a3a3D62f58CA0a5A1329974206,2,True
62,0,0,0x5e7B645d5Bf86750CB1913122ba8A8545e2A9FD1,2,True
62,0,1,0x82a8439BA037f88bC73c4CCF55292e158A67f125,2,True
62,0,2,0xfC898B18a70cE49579f8D79a32e29928C15b4Bc8,2,True
62,0,3,0x5e7B645d5Bf86750CB1913122ba8A8545e2A9FD1,2,True
62,0,4,0x82a8439BA037f88bC73c4CCF55292e158A67f125,2,True
61,0,0,0x1bc9e52bAa93Dab1a47c3168f6d82ED08856Ec83,2,True
61,0,1,0xD60460191a4174037B4D835f416FEAfD801e703e,0,False
61,0,2,0x60DA07cFb273051AA9827dABFfcD298c305cd00D,2,True
61,0,3,0xc30A1dfC9C42648210aA472bDc02Df98232e4820,2,True
61,0,4,0xC2e02535829667715E089C7c4dec3BdCB5c484F5,2,True
60,0,0,0x82a8439BA037f88bC73c4CCF55292e158A67f125,2,True
60,0,1,0x010afb8548a5D1a3a3D62f58CA0a5A1329974206,2,True
60,0,2,0x010afb8548a5D1a3a3D62f58CA0a5A1329974206,2,True
59,0,0,0xC2e02535829667715E089C7c4dec3BdCB5c484F5,2,True
59,0,1,0x60DA07cFb273051AA9827dABFfcD298c305cd00D,2,True
59,0,2,0x81C69A185076558c2766c79aa96b555DF019C167,2,True
58,0,0,0x1bc9e52bAa93Dab1a47c3168f6d82ED08856Ec83,1,True
58,0,1,0x60DA07cFb273051AA9827dABFfcD298c305cd00D,1,True
58,0,2,0x82a8439BA037f88bC73c4CCF55292e158A67f125,2,True
57,0,0,0x82a8439BA037f88bC73c4CCF55292e158A67f125,1,True
57,0,1,0xA5aaCd9faAb88D345DEb55036257913202F40c05,1,True
57,0,2,0x2a7b76feF91A276b6CCcD9364ed483ae5e312f50,1,True
57,1,0,0xc30A1dfC9C42648210aA472bDc02Df98232e4820,2,True
57,1,1,0x27fE00A5a1212e9294b641BA860a383783016C67,1,True
57,1,2,0xFecd90B388f0f1dA91421b1A848013a0fe0c10ab,2,True
57,1,3,0x010afb8548a5D1a3a3D62f58CA0a5A1329974206,2,True
57,1,4,0x31c906774Fa676fE97F615C3D5aFea8AEC72Bf78,2,True
57,1,5,0x81C69A185076558c2766c79aa96b555DF019C167,2,True
57,1,6,0x010afb8548a5D1a3a3D62f58CA0a5A1329974206,2,True
56,0,0,0x82a8439BA037f88bC73c4CCF55292e158A67f125,1,True
56,0,1,0x9bfDA54A453F503d487f2F32554dE73f03E24853,1,True
56,0,2,0x503c671DEdBCaD5470C58a80a52d9f8ce9A23886,1,True
56,1,0,0x60DA07cFb273051AA9827dABFfcD298c305cd00D,1,True
56,1,1,0x503c671DEdBCaD5470C58a80a52d9f8ce9A23886,0,False
56,1,2,0xeD42c877297DE0440Ca6333CeEDEe2D580aad174,2,True
56,1,3,0xfC898B18a70cE49579f8D79a32e29928C15b4Bc8,1,True
56,1,4,0xfC898B18a70cE49579f8D79a32e29928C15b4Bc8,1,True
56,1,5,0xA5aaCd9faAb88D345DEb55036257913202F40c05,1,True
56,1,6,0x909850e31836fd81c404d5ed72d263C74e43183c,1,True
55,0,0,0x60DA07cFb273051AA9827dABFfcD298c305cd00D,2,True
55,0,1,0x82a8439BA037f88bC73c4CCF55292e158A67f125,2,True
55,0,2,0x60DA07cFb273051AA9827dABFfcD298c305cd00D,2,True
54,0,0,0x9bfDA54A453F503d487f2F32554dE73f03E24853,2,True
54,0,1,0x85564BCF11414fBac4C1a2FB694C16574EE4e940,2,True
54,0,2,0xF035561dcE033DeD865E15E69dB06cfFC88d9213,2,True
53,0,0,0x82a8439BA037f88bC73c4CCF55292e158A67f125,1,True
53,0,1,0x010afb8548a5D1a3a3D62f58CA0a5A1329974206,2,True
53,0,2,0x010afb8548a5D1a3a3D62f58CA0a5A1329974206,2,True
53,1,0,0xC2e02535829667715E089C7c4dec3BdCB5c484F5,1,True
53,1,1,0xBEB1FD865fEEa5006c74Bcb615Ebb00F1a05d469,1,True
53,1,2,0xA5aaCd9faAb88D345DEb55036257913202F40c05,0,False
53,1,3,0x82a8439BA037f88bC73c4CCF55292e158A67f125,1,True
53,1,4,0xF035561dcE033DeD865E15E69dB06cfFC88d9213,1,True
53,1,5,0x82a8439BA037f88bC73c4CCF55292e158A67f125,1,True
53,1,6,0x85564BCF11414fBac4C1a2FB694C16574EE4e940,1,True
52,0,0,0xA5aaCd9faAb88D345DEb55036257913202F40c05,2,True
52,0,1,0x010afb8548a5D1a3a3D62f58CA0a5A1329974206,2,True
52,0,2,0x82a8439BA037f88bC73c4CCF55292e158A67f125,2,True
51,0,0,0xC2e02535829667715E089C7c4dec3BdCB5c484F5,1,True
51,0,1,0xC2e02535829667715E089C7c4dec3BdCB5c484F5,1,True
51,0,2,0x85564BCF11414fBac4C1a2FB694C16574EE4e940,1,True
50,0,0,0x81C69A185076558c2766c79aa96b555DF019C167,1,True
50,0,1,0x82a8439BA037f88bC73c4CCF55292e158A67f125,2,True
50,0,2,0x82a8439BA037f88bC73c4CCF55292e158A67f125,2,True
49,0,0,0xC2e02535829667715E089C7c4dec3BdCB5c484F5,2,True
49,0,1,0x81C69A185076558c2766c79aa96b555DF019C167,2,True
49,0,2,0xC2e02535829667715E089C7c4dec3BdCB5c484F5,2,True
48,0,0,0x82a8439BA037f88bC73c4CCF55292e158A67f125,1,True
48,0,1,0x82a8439BA037f88bC73c4CCF55292e158A67f125,1,True
48,0,2,0x503c671DEdBCaD5470C58a80a52d9f8ce9A23886,2,True
47,0,0,0x503c671DEdBCaD5470C58a80a52d9f8ce9A23886,1,True
47,0,1,0xC2e02535829667715E089C7c4dec3BdCB5c484F5,2,True
47,0,2,0xC2e02535829667715E089C7c4dec3BdCB5c484F5,2,True
46,0,0,0x82a8439BA037f88bC73c4CCF55292e158A67f125,1,True
46,0,1,0xA5aaCd9faAb88D345DEb55036257913202F40c05,1,True
46,0,2,0xA5aaCd9faAb88D345DEb55036257913202F40c05,1,True
46,1,0,0x82a8439BA037f88bC73c4CCF55292e158A67f125,1,True
46,1,1,0x010afb8548a5D1a3a3D62f58CA0a5A1329974206,2,True
46,1,2,0x010afb8548a5D1a3a3D62f58CA0a5A1329974206,2,True
46,1,3,0x010afb8548a5D1a3a3D62f58CA0a5A1329974206,2,True
46,1,4,0x82a8439BA037f88bC73c4CCF55292e158A67f125,1,True
46,1,5,0xA5aaCd9faAb88D345DEb55036257913202F40c05,0,True
46,1,6,0x82a8439BA037f88bC73c4CCF55292e158A67f125,1,True
46,2,0,0xfC898B18a70cE49579f8D79a32e29928C15b4Bc8,2,True
46,2,1,0x82a8439BA037f88bC73c4CCF55292e158A67f125,2,True
46,2,2,0xfC898B18a70cE49579f8D79a32e29928C15b4Bc8,2,True
46,2,3,0x82a8439BA037f88bC73c4CCF55292e158A67f125,2,True
46,2,4,0xA5aaCd9faAb88D345DEb55036257913202F40c05,2,True
46,2,5,0x55e788CE5745eb7612F49FF54e9fCECa91b18448,2,True
46,2,6,0x010afb8548a5D1a3a3D62f58CA0a5A1329974206,2,True
46,2,7,0xfC898B18a70cE49579f8D79a32e29928C15b4Bc8,2,True
46,2,8,0x5e7B645d5Bf86750CB1913122ba8A8545e2A9FD1,2,True
46,2,9,0x11B1785D9Ac81480c03210e89F1508c8c115888E,2,True
46,2,10,0xC2e02535829667715E089C7c4dec3BdCB5c484F5,1,True
46,2,11,0x5e7B645d5Bf86750CB1913122ba8A8545e2A9FD1,2,True
46,2,12,0x82a8439BA037f88bC73c4CCF55292e158A67f125,2,True
46,2,13,0x60DA07cFb273051AA9827dABFfcD298c305cd00D,2,True
46,2,14,0xeD42c877297DE0440Ca6333CeEDEe2D580aad174,2,True
45,0,0,0x503c671DEdBCaD5470C58a80a52d9f8ce9A23886,1,True
45,0,1,0xC2e02535829667715E089C7c4dec3BdCB5c484F5,1,True
45,0,2,0xC2e02535829667715E089C7c4dec3BdCB5c484F5,1,True
44,0,0,0x010afb8548a5D1a3a3D62f58CA0a5A1329974206,1,True
44,0,1,0xC2e02535829667715E089C7c4dec3BdCB5c484F5,1,True
44,0,2,0x276a05a2eD4637CBd1fd4994f6bD0539e4E7031D,1,True
44,1,0,0xC2e02535829667715E089C7c4dec3BdCB5c484F5,1,True
44,1,1,0x2a7b76feF91A276b6CCcD9364ed483ae5e312f50,0,False
44,1,2,0xC2e02535829667715E089C7c4dec3BdCB5c484F5,1,True
44,1,3,0x60DA07cFb273051AA9827dABFfcD298c305cd00D,1,True
44,1,4,0x60DA07cFb273051AA9827dABFfcD298c305cd00D,1,True
44,1,5,0xC2e02535829667715E089C7c4dec3BdCB5c484F5,1,True
44,1,6,0x60DA07cFb273051AA9827dABFfcD298c305cd00D,1,True
43,0,0,0x82a8439BA037f88bC73c4CCF55292e158A67f125,1,True
43,0,1,0xD60460191a4174037B4D835f416FEAfD801e703e,1,True
43,0,2,0x31c906774Fa676fE97F615C3D5aFea8AEC72Bf78,1,True
42,0,0,0x82a8439BA037f88bC73c4CCF55292e158A67f125,1,True
42,0,1,0x010afb8548a5D1a3a3D62f58CA0a5A1329974206,2,True
42,0,2,0x010afb8548a5D1a3a3D62f58CA0a5A1329974206,2,True
41,0,0,0x85564BCF11414fBac4C1a2FB694C16574EE4e940,1,True
41,0,1,0x5e7B645d5Bf86750CB1913122ba8A8545e2A9FD1,1,True
41,0,2,0xfC898B18a70cE49579f8D79a32e29928C15b4Bc8,1,True
40,0,0,0xfC898B18a70cE49579f8D79a32e29928C15b4Bc8,2,True
40,0,1,0x5e7B645d5Bf86750CB1913122ba8A8545e2A9FD1,2,True
40,0,2,0x5e7B645d5Bf86750CB1913122ba8A8545e2A9FD1,2,True
39,0,0,0x70386416A0A4d73a873D6C07518710b2632371f4,0,False
39,0,1,0xC2e02535829667715E089C7c4dec3BdCB5c484F5,1,True
39,0,2,0x82a8439BA037f88bC73c4CCF55292e158A67f125,1,True
38,0,0,0xe5DD78C224F26E306c84A9B1aa2DEF30bdf15835,1,True
38,0,1,0xC2e02535829667715E089C7c4dec3BdCB5c484F5,2,True
38,0,2,0xA5aaCd9faAb88D345DEb55036257913202F40c05,1,True
37,0,0,0x5e7B645d5Bf86750CB1913122ba8A8545e2A9FD1,1,True
37,0,1,0xC2e02535829667715E089C7c4dec3BdCB5c484F5,2,True
37,0,2,0xDB40aE9e2CBaF17bBE68d2aE221Fa499f8E42C85,1,True
36,0,0,0x27fE00A5a1212e9294b641BA860a383783016C67,2,True
36,0,1,0x503c671DEdBCaD5470C58a80a52d9f8ce9A23886,2,True
36,0,2,0xF035561dcE033DeD865E15E69dB06cfFC88d9213,2,True
35,0,0,0x82a8439BA037f88bC73c4CCF55292e158A67f125,2,True
35,0,1,0x27fE00A5a1212e9294b641BA860a383783016C67,2,True
35,0,2,0x82a8439BA037f88bC73c4CCF55292e158A67f125,2,True
34,0,0,0xA5aaCd9faAb88D345DEb55036257913202F40c05,1,True
34,0,1,0x010afb8548a5D1a3a3D62f58CA0a5A1329974206,2,True
34,0,2,0x5e7B645d5Bf86750CB1913122ba8A8545e2A9FD1,2,True
33,0,0,0x503c671DEdBCaD5470C58a80a52d9f8ce9A23886,2,True
33,0,1,0x82a8439BA037f88bC73c4CCF55292e158A67f125,2,True
33,0,2,0x82a8439BA037f88bC73c4CCF55292e158A67f125,2,True
32,0,0,0xfC898B18a70cE49579f8D79a32e29928C15b4Bc8,1,True
32,0,1,0xA5aaCd9faAb88D345DEb55036257913202F40c05,1,True
32,0,2,0x85564BCF11414fBac4C1a2FB694C16574EE4e940,1,True
31,0,0,0xAC9ba72fb61aA7c31A95df0A8b6ebA6f41EF875e,0,False
31,0,1,0x82a8439BA037f88bC73c4CCF55292e158A67f125,1,True
31,0,2,0x82a8439BA037f88bC73c4CCF55292e158A67f125,1,True
30,0,0,0x503c671DEdBCaD5470C58a80a52d9f8ce9A23886,1,True
30,0,1,0x7BaefD3ef84970077FFb5d8D7AA70eA55DBa97a8,1,True
30,0,2,0xfC898B18a70cE49579f8D79a32e29928C15b4Bc8,0,False
29,0,0,0x5e7B645d5Bf86750CB1913122ba8A8545e2A9FD1,2,True
29,0,1,0x010afb8548a5D1a3a3D62f58CA0a5A1329974206,2,True
29,0,2,0xA5aaCd9faAb88D345DEb55036257913202F40c05,2,True
28,0,0,0x85564BCF11414fBac4C1a2FB694C16574EE4e940,1,True
28,0,1,0x5e7B645d5Bf86750CB1913122ba8A8545e2A9FD1,2,True
28,0,2,0xfC898B18a70cE49579f8D79a32e29928C15b4Bc8,1,True
27,0,0,0xeD42c877297DE0440Ca6333CeEDEe2D580aad174,2,True
27,0,1,0x010afb8548a5D1a3a3D62f58CA0a5A1329974206,2,True
27,0,2,0xa9D9b530CA87f9Ce19fCb4ef60DBBDafEbC302a0,2,True
26,0,0,0xfC898B18a70cE49579f8D79a32e29928C15b4Bc8,0,True
26,0,1,0x503c671DEdBCaD5470C58a80a52d9f8ce9A23886,0,True
26,0,2,0xc31372dB84e456193e72a162928539C8F5999Ff6,0,True
25,0,0,0x503c671DEdBCaD5470C58a80a52d9f8ce9A23886,2,True
25,0,1,0x27fE00A5a1212e9294b641BA860a383783016C67,2,True
25,0,2,0xaB6AFA507adFac8A2c22C85716CB74156c897D4B,2,True
24,0,0,0xfC898B18a70cE49579f8D79a32e29928C15b4Bc8,2,True
24,0,1,0xc31372dB84e456193e72a162928539C8F5999Ff6,2,True
24,0,2,0x85564BCF11414fBac4C1a2FB694C16574EE4e940,2,True
23,0,0,0x5e7B645d5Bf86750CB1913122ba8A8545e2A9FD1,2,True
23,0,1,0xfC898B18a70cE49579f8D79a32e29928C15b4Bc8,2,True
23,0,2,0x010afb8548a5D1a3a3D62f58CA0a5A1329974206,2,True
22,0,0,0x010afb8548a5D1a3a3D62f58CA0a5A1329974206,2,True
22,0,1,0x276a05a2eD4637CBd1fd4994f6bD0539e4E7031D,1,True
22,0,2,0x010afb8548a5D1a3a3D62f58CA0a5A1329974206,2,True
21,0,0,0x5e7B645d5Bf86750CB1913122ba8A8545e2A9FD1,2,True
21,0,1,0xfC898B18a70cE49579f8D79a32e29928C15b4Bc8,2,True
21,0,2,0x5e7B645d5Bf86750CB1913122ba8A8545e2A9FD1,2,True
21,0,3,0xD60460191a4174037B4D835f416FEAfD801e703e,2,True
21,0,4,0x85564BCF11414fBac4C1a2FB694C16574EE4e940,2,True
20,0,0,0x27fE00A5a1212e9294b641BA860a383783016C67,2,True
20,0,1,0x1bc9e52bAa93Dab1a47c3168f6d82ED08856Ec83,2,True
20,0,2,0x503c671DEdBCaD5470C58a80a52d9f8ce9A23886,2,True
19,0,0,0x010afb8548a5D1a3a3D62f58CA0a5A1329974206,2,True
19,0,1,0x27fE00A5a1212e9294b641BA860a383783016C67,2,True
19,0,2,0xDB40aE9e2CBaF17bBE68d2aE221Fa499f8E42C85,1,True
18,0,0,0xfC898B18a70cE49579f8D79a32e29928C15b4Bc8,2,True
18,0,1,0x9bfDA54A453F503d487f2F32554dE73f03E24853,2,True
18,0,2,0xfC898B18a70cE49579f8D79a32e29928C15b4Bc8,2,True
17,0,0,0x27fE00A5a1212e9294b641BA860a383783016C67,1,True
17,0,1,0x010afb8548a5D1a3a3D62f58CA0a5A1329974206,2,True
17,0,2,0x503c671DEdBCaD5470C58a80a52d9f8ce9A23886,1,True
17,0,3,0xfC898B18a70cE49579f8D79a32e29928C15b4Bc8,1,True
17,0,4,0xDB40aE9e2CBaF17bBE68d2aE221Fa499f8E42C85,1,True
17,1,0,0x82a8439BA037f88bC73c4CCF55292e158A67f125,2,True
17,1,1,0x82a8439BA037f88bC73c4CCF55292e158A67f125,2,True
17,1,2,0x276a05a2eD4637CBd1fd4994f6bD0539e4E7031D,1,True
17,1,3,0xfC898B18a70cE49579f8D79a32e29928C15b4Bc8,2,True
17,1,4,0x5e7B645d5Bf86750CB1913122ba8A8545e2A9FD1,2,True
17,1,5,0x82a8439BA037f88bC73c4CCF55292e158A67f125,2,True
17,1,6,0x82a8439BA037f88bC73c4CCF55292e158A67f125,2,True
17,1,7,0x82a8439BA037f88bC73c4CCF55292e158A67f125,2,True
17,1,8,0x82a8439BA037f88bC73c4CCF55292e158A67f125,2,True
17,1,9,0x9bfDA54A453F503d487f2F32554dE73f03E24853,2,True
17,1,10,0x82a8439BA037f88bC73c4CCF55292e158A67f125,2,True
17,2,0,0x010afb8548a5D1a3a3D62f58CA0a5A1329974206,2,True
17,2,1,0x82a8439BA037f88bC73c4CCF55292e158A67f125,2,True
17,2,2,0xA5aaCd9faAb88D345DEb55036257913202F40c05,2,True
17,2,3,0x82a8439BA037f88bC73c4CCF55292e158A67f125,2,True
17,2,4,0x503c671DEdBCaD5470C58a80a52d9f8ce9A23886,1,True
17,2,5,0x82a8439BA037f88bC73c4CCF55292e158A67f125,2,True
17,2,6,0x82a8439BA037f88bC73c4CCF55292e158A67f125,2,True
17,2,7,0x82a8439BA037f88bC73c4CCF55292e158A67f125,2,True
17,2,8,0x27fE00A5a1212e9294b641BA860a383783016C67,0,False
17,2,9,0x5e7B645d5Bf86750CB1913122ba8A8545e2A9FD1,2,True
17,2,10,0x5e7B645d5Bf86750CB1913122ba8A8545e2A9FD1,2,True
17,2,11,0xeD42c877297DE0440Ca6333CeEDEe2D580aad174,2,True
17,2,12,0x82a8439BA037f88bC73c4CCF55292e158A67f125,2,True
17,2,13,0x82a8439BA037f88bC73c4CCF55292e158A67f125,2,True
17,2,14,0x85564BCF11414fBac4C1a2FB694C16574EE4e940,0,False
17,2,15,0x82a8439BA037f88bC73c4CCF55292e158A67f125,2,True
17,2,16,0xA5aaCd9faAb88D345DEb55036257913202F40c05,2,True
17,2,17,0x82a8439BA037f88bC73c4CCF55292e158A67f125,2,True
17,2,18,0xA5aaCd9faAb88D345DEb55036257913202F40c05,2,True
17,2,19,0xA5aaCd9faAb88D345DEb55036257913202F40c05,2,True
17,2,20,0xc30A1dfC9C42648210aA472bDc02Df98232e4820,2,True
17,2,21,0x82a8439BA037f88bC73c4CCF55292e158A67f125,2,True
17,2,22,0x85564BCF11414fBac4C1a2FB694C16574EE4e940,0,False
16,0,0,0x503c671DEdBCaD5470C58a80a52d9f8ce9A23886,2,True
16,0,1,0xFecd90B388f0f1dA91421b1A848013a0fe0c10ab,2,True
16,0,2,0x27fE00A5a1212e9294b641BA860a383783016C67,2,True
16,0,3,0x5e7B645d5Bf86750CB1913122ba8A8545e2A9FD1,2,True
16,0,4,0x27fE00A5a1212e9294b641BA860a383783016C67,2,True
16,1,0,0x82a8439BA037f88bC73c4CCF55292e158A67f125,2,True
16,1,1,0xfC898B18a70cE49579f8D79a32e29928C15b4Bc8,2,True
16,1,2,0xAC9ba72fb61aA7c31A95df0A8b6ebA6f41EF875e,0,False
16,1,3,0x6942B6a8F3D8084d8DEcAbFED15acEEad5cCb83E,2,True
16,1,4,0x82a8439BA037f88bC73c4CCF55292e158A67f125,2,True
16,1,5,0x82a8439BA037f88bC73c4CCF55292e158A67f125,2,True
16,1,6,0x85564BCF11414fBac4C1a2FB694C16574EE4e940,2,True
16,1,7,0x5e7B645d5Bf86750CB1913122ba8A8545e2A9FD1,2,True
16,1,8,0x82a8439BA037f88bC73c4CCF55292e158A67f125,2,True
16,1,9,0x82a8439BA037f88bC73c4CCF55292e158A67f125,2,True
16,1,10,0x82a8439BA037f88bC73c4CCF55292e158A67f125,2,True
15,0,0,0x010afb8548a5D1a3a3D62f58CA0a5A1329974206,2,True
15,0,1,0x85564BCF11414fBac4C1a2FB694C16574EE4e940,2,True
15,0,2,0xfC898B18a70cE49579f8D79a32e29928C15b4Bc8,2,True
14,0,0,0x85564BCF11414fBac4C1a2FB694C16574EE4e940,2,True
14,0,1,0x5e7B645d5Bf86750CB1913122ba8A8545e2A9FD1,2,True
14,0,2,0x010afb8548a5D1a3a3D62f58CA0a5A1329974206,1,True
14,0,3,0xfC898B18a70cE49579f8D79a32e29928C15b4Bc8,2,True
14,0,4,0x27fE00A5a1212e9294b641BA860a383783016C67,2,True
13,0,0,0xF035561dcE033DeD865E15E69dB06cfFC88d9213,2,True
13,0,1,0x5e7B645d5Bf86750CB1913122ba8A8545e2A9FD1,2,True
13,0,2,0xfC898B18a70cE49579f8D79a32e29928C15b4Bc8,1,True
13,1,0,0xfC898B18a70cE49579f8D79a32e29928C15b4Bc8,1,True
13,1,1,0x85564BCF11414fBac4C1a2FB694C16574EE4e940,1,True
13,1,2,0x81C69A185076558c2766c79aa96b555DF019C167,2,True
13,1,3,0x4bF40ACe247394e0d3856FD7740C42c28486D30f,0,False
13,1,4,0xfC898B18a70cE49579f8D79a32e29928C15b4Bc8,1,True
13,1,5,0x85564BCF11414fBac4C1a2FB694C16574EE4e940,1,True
13,1,6,0xA5aaCd9faAb88D345DEb55036257913202F40c05,2,True
12,0,0,0x85564BCF11414fBac4C1a2FB694C16574EE4e940,2,True
12,0,1,0x010afb8548a5D1a3a3D62f58CA0a5A1329974206,2,True
12,0,2,0x010afb8548a5D1a3a3D62f58CA0a5A1329974206,2,True
11,0,0,0xfC898B18a70cE49579f8D79a32e29928C15b4Bc8,2,True
11,0,1,0x5e7B645d5Bf86750CB1913122ba8A8545e2A9FD1,2,True
11,0,2,0x5e7B645d5Bf86750CB1913122ba8A8545e2A9FD1,2,True
10,0,0,0xfC898B18a70cE49579f8D79a32e29928C15b4Bc8,2,True
10,0,1,0xfC898B18a70cE49579f8D79a32e29928C15b4Bc8,2,True
10,0,2,0xA5aaCd9faAb88D345DEb55036257913202F40c05,2,True
9,0,0,0x5e7B645d5Bf86750CB1913122ba8A8545e2A9FD1,2,True
9,0,1,0xA5aaCd9faAb88D345DEb55036257913202F40c05,2,True
9,0,2,0x5e7B645d5Bf86750CB1913122ba8A8545e2A9FD1,2,True
9,0,3,0x5e7B645d5Bf86750CB1913122ba8A8545e2A9FD1,2,True
9,0,4,0x27fE00A5a1212e9294b641BA860a383783016C67,2,True
9,1,0,0x276a05a2eD4637CBd1fd4994f6bD0539e4E7031D,2,True
9,1,1,0xaB6AFA507adFac8A2c22C85716CB74156c897D4B,2,True
9,1,2,0x276a05a2eD4637CBd1fd4994f6bD0539e4E7031D,2,True
9,1,3,0x010afb8548a5D1a3a3D62f58CA0a5A1329974206,2,True
9,1,4,0xA5aaCd9faAb88D345DEb55036257913202F40c05,2,True
9,1,5,0x4a2c5a0Af8b29cD5Fd8Eb1d02a83150A3ee10488,2,True
9,1,6,0xA5aaCd9faAb88D345DEb55036257913202F40c05,2,True
9,1,7,0xD60460191a4174037B4D835f416FEAfD801e703e,2,True
9,1,8,0xfC898B18a70cE49579f8D79a32e29928C15b4Bc8,2,True
9,1,9,0x4a2c5a0Af8b29cD5Fd8Eb1d02a83150A3ee10488,2,True
9,1,10,0x276a05a2eD4637CBd1fd4994f6bD0539e4E7031D,2,True
8,0,0,0x276a05a2eD4637CBd1fd4994f6bD0539e4E7031D,1,True
8,0,1,0x5e7B645d5Bf86750CB1913122ba8A8545e2A9FD1,1,True
8,0,2,0xfC898B18a70cE49579f8D79a32e29928C15b4Bc8,1,True
7,0,0,0xA5aaCd9faAb88D345DEb55036257913202F40c05,1,True
7,0,1,0x276a05a2eD4637CBd1fd4994f6bD0539e4E7031D,1,True
7,0,2,0xFecd90B388f0f1dA91421b1A848013a0fe0c10ab,2,True
6,0,0,0x5e7B645d5Bf86750CB1913122ba8A8545e2A9FD1,2,True
6,0,1,0x276a05a2eD4637CBd1fd4994f6bD0539e4E7031D,2,True
6,0,2,0xA5aaCd9faAb88D345DEb55036257913202F40c05,2,True
5,0,0,0x276a05a2eD4637CBd1fd4994f6bD0539e4E7031D,2,True
5,0,1,0xA5aaCd9faAb88D345DEb55036257913202F40c05,2,True
5,0,2,0x5e7B645d5Bf86750CB1913122ba8A8545e2A9FD1,2,True
4,0,0,0x010afb8548a5D1a3a3D62f58CA0a5A1329974206,2,True
4,0,1,0xA5aaCd9faAb88D345DEb55036257913202F40c05,2,True
4,0,2,0x27fE00A5a1212e9294b641BA860a383783016C67,2,True
3,0,0,0x27fE00A5a1212e9294b641BA860a383783016C67,2,True
3,0,1,0x276a05a2eD4637CBd1fd4994f6bD0539e4E7031D,2,True
3,0,2,0x27fE00A5a1212e9294b641BA860a383783016C67,2,True
2,0,0,0x276a05a2eD4637CBd1fd4994f6bD0539e4E7031D,2,True
2,0,1,0xA5aaCd9faAb88D345DEb55036257913202F40c05,2,True
2,0,2,0x5e7B645d5Bf86750CB1913122ba8A8545e2A9FD1,2,True
2,1,0,0x010afb8548a5D1a3a3D62f58CA0a5A1329974206,2,True
2,1,1,0xcD7D37Ec9C19A0E0BE88e72b410aD595b9E9F0E9,2,True
2,1,2,0x5e7B645d5Bf86750CB1913122ba8A8545e2A9FD1,2,True
2,1,3,0x5e7B645d5Bf86750CB1913122ba8A8545e2A9FD1,2,True
2,1,4,0x27fE00A5a1212e9294b641BA860a383783016C67,2,True
2,1,5,0x5e7B645d5Bf86750CB1913122ba8A8545e2A9FD1,2,True
2,1,6,0x4a2c5a0Af8b29cD5Fd8Eb1d02a83150A3ee10488,2,True
1,0,0,0xA5aaCd9faAb88D345DEb55036257913202F40c05,2,True
1,0,1,0x5e7B645d5Bf86750CB1913122ba8A8545e2A9FD1,2,True
1,0,2,0x5e7B645d5Bf86750CB1913122ba8A8545e2A9FD1,2,True
1,1,0,0x276a05a2eD4637CBd1fd4994f6bD0539e4E7031D,2,True
1,1,1,0x5e7B645d5Bf86750CB1913122ba8A8545e2A9FD1,2,True
1,1,2,0xA5aaCd9faAb88D345DEb55036257913202F40c05,2,True
1,1,3,0x27fE00A5a1212e9294b641BA860a383783016C67,2,True
1,1,4,0x27fE00A5a1212e9294b641BA860a383783016C67,2,True
1,1,5,0xA5aaCd9faAb88D345DEb55036257913202F40c05,2,True
1,1,6,0x276a05a2eD4637CBd1fd4994f6bD0539e4E7031D,2,True
0,0,0,0x5e7B645d5Bf86750CB1913122ba8A8545e2A9FD1,2,True
0,0,1,0x5e7B645d5Bf86750CB1913122ba8A8545e2A9FD1,2,True
0,0,2,0x27fE00A5a1212e9294b641BA860a383783016C67,2,True
0,1,0,0xfC898B18a70cE49579f8D79a32e29928C15b4Bc8,0,False
0,1,1,0x27fE00A5a1212e9294b641BA860a383783016C67,2,True
0,1,2,0x5e7B645d5Bf86750CB1913122ba8A8545e2A9FD1,0,True
0,1,3,0x27fE00A5a1212e9294b641BA860a383783016C67,2,True
0,1,4,0x276a05a2eD4637CBd1fd4994f6bD0539e4E7031D,0,False
0,1,5,0xA5aaCd9faAb88D345DEb55036257913202F40c05,0,True
0,1,6,0xfC898B18a70cE49579f8D79a32e29928C15b4Bc8,0,False
