asserter,assertionId,assertionTimestamp,bond,currency,disputeHash,disputeTimestamp,disputer,expirationTime,id,settlementResolution,settlementTimestamp,currencySymbol,bondUSD,wasDisputed,isSettled,timeToDispute,timeToSettlement,asserterWon,disputerWon
0x33965f7d08f61a62b86c1ab9be5d82c42f4c3081,0x658fb2664289c2c798cfea75a2aba91ad1c74089b6c29e4fc8dd003a4590076c,2025-05-02 17:40:59,2e+18,0xc02aaa39b223fe8d0a0e5c4f27ead9083c756cc2,,,,2025-05-05 17:40:59,0x658fb2664289c2c798cfea75a2aba91ad1c74089b6c29e4fc8dd003a4590076c,,,WETH,3689.3986,False,False,,,False,False
0x51881a1cde5dbae15d02ae1824940b19768d8f2b,0x09ca4e5471532a0a2cf68646186f7fd203322579fe235ed47691308c06b5a3a0,2025-05-01 22:37:23,600000000.0,0xa0b86991c6218b36c1d19d4a2e9eb0ce3606eb48,,,,2025-05-02 22:37:23,0x09ca4e5471532a0a2cf68646186f7fd203322579fe235ed47691308c06b5a3a0,,,USDC,599.94,False,False,,,False,False
0x51881a1cde5dbae15d02ae1824940b19768d8f2b,0x0c9b1d20d1129a2492dfca5b807d533184104a5080ab023eb4815e8d90054ef9,2025-04-30 22:37:35,600000000.0,0xa0b86991c6218b36c1d19d4a2e9eb0ce3606eb48,,,,2025-05-01 22:37:35,0x0c9b1d20d1129a2492dfca5b807d533184104a5080ab023eb4815e8d90054ef9,True,2025-05-01 22:40:35,USDC,599.94,False,True,,86580.0,True,False
0x51881a1cde5dbae15d02ae1824940b19768d8f2b,0xaba9719cbd008fc820d748a1ecb455dfb9d90bd1d2eb76ef1755f6183dc86f5d,2025-04-29 22:37:35,600000000.0,0xa0b86991c6218b36c1d19d4a2e9eb0ce3606eb48,,,,2025-04-30 22:37:35,0xaba9719cbd008fc820d748a1ecb455dfb9d90bd1d2eb76ef1755f6183dc86f5d,True,2025-04-30 22:40:35,USDC,599.94,False,True,,86580.0,True,False
0x51881a1cde5dbae15d02ae1824940b19768d8f2b,0x91e22638f8c2de18261f5840ba88d77f4b42b3d9562b5061b507179afe1ce862,2025-04-28 22:37:35,600000000.0,0xa0b86991c6218b36c1d19d4a2e9eb0ce3606eb48,,,,2025-04-29 22:37:35,0x91e22638f8c2de18261f5840ba88d77f4b42b3d9562b5061b507179afe1ce862,True,2025-04-29 22:42:35,USDC,599.94,False,True,,86700.0,True,False
0x51881a1cde5dbae15d02ae1824940b19768d8f2b,0xf1ee918cd94f81533ad25eca2abeed8777be32df92046aaf705dfd77e8c5e133,2025-04-27 22:37:23,600000000.0,0xa0b86991c6218b36c1d19d4a2e9eb0ce3606eb48,,,,2025-04-28 22:37:23,0xf1ee918cd94f81533ad25eca2abeed8777be32df92046aaf705dfd77e8c5e133,True,2025-04-28 22:37:35,USDC,599.94,False,True,,86412.0,True,False
0x51881a1cde5dbae15d02ae1824940b19768d8f2b,0xff79b5d4b570c274c5c229bf29959e4aa6d347798ee3eb7cab0f8ee64ac88554,2025-04-26 22:37:23,600000000.0,0xa0b86991c6218b36c1d19d4a2e9eb0ce3606eb48,,,,2025-04-27 22:37:23,0xff79b5d4b570c274c5c229bf29959e4aa6d347798ee3eb7cab0f8ee64ac88554,True,2025-04-27 22:42:35,USDC,599.94,False,True,,86712.0,True,False
0x51881a1cde5dbae15d02ae1824940b19768d8f2b,0x12e59e6b3aad37f1ba8920cb741d1fea1795c8de160497401a8166ffc9673a29,2025-04-25 22:37:23,600000000.0,0xa0b86991c6218b36c1d19d4a2e9eb0ce3606eb48,,,,2025-04-26 22:37:23,0x12e59e6b3aad37f1ba8920cb741d1fea1795c8de160497401a8166ffc9673a29,True,2025-04-26 22:42:23,USDC,599.94,False,True,,86700.0,True,False
0x51881a1cde5dbae15d02ae1824940b19768d8f2b,0xdc5d219fafffe9ba905fafe648ab67a3cd01f345659a66ba534103e28c70406d,2025-04-24 22:37:35,600000000.0,0xa0b86991c6218b36c1d19d4a2e9eb0ce3606eb48,,,,2025-04-25 22:37:35,0xdc5d219fafffe9ba905fafe648ab67a3cd01f345659a66ba534103e28c70406d,True,2025-04-25 22:42:23,USDC,599.94,False,True,,86688.0,True,False
0x33965f7d08f61a62b86c1ab9be5d82c42f4c3081,0x1e7738536c63df93d5a970a77884136cd46d3f9afa2e677869cb94a10e075f45,2025-04-24 17:02:47,2e+18,0xc02aaa39b223fe8d0a0e5c4f27ead9083c756cc2,,,,2025-04-25 17:02:47,0x1e7738536c63df93d5a970a77884136cd46d3f9afa2e677869cb94a10e075f45,True,2025-04-25 17:07:35,WETH,3689.3986,False,True,,86688.0,True,False
0x51881a1cde5dbae15d02ae1824940b19768d8f2b,0x11fa05e4b676c4d411f04775ab0740e09a697c18798ce90cb8dd864d71b3eb5d,2025-04-23 22:37:35,600000000.0,0xa0b86991c6218b36c1d19d4a2e9eb0ce3606eb48,,,,2025-04-24 22:37:35,0x11fa05e4b676c4d411f04775ab0740e09a697c18798ce90cb8dd864d71b3eb5d,True,2025-04-24 22:42:35,USDC,599.94,False,True,,86700.0,True,False
0x51881a1cde5dbae15d02ae1824940b19768d8f2b,0xa1f0c59c600aea91162cc2e2efdb4f20ee5371110bb996786db8cb1b07a7e1a5,2025-04-22 22:37:23,600000000.0,0xa0b86991c6218b36c1d19d4a2e9eb0ce3606eb48,,,,2025-04-23 22:37:23,0xa1f0c59c600aea91162cc2e2efdb4f20ee5371110bb996786db8cb1b07a7e1a5,True,2025-04-23 22:37:35,USDC,599.94,False,True,,86412.0,True,False
0xb8034521bb1a343d556e5005680b3f17ffc74bed,0x078c83fe2a4543b8b28ab61d77f053e400e0f1b915de29024d8ee6e60f88a4b2,2025-04-22 18:31:23,2e+18,0xc02aaa39b223fe8d0a0e5c4f27ead9083c756cc2,,,,2025-04-23 18:31:23,0x078c83fe2a4543b8b28ab61d77f053e400e0f1b915de29024d8ee6e60f88a4b2,True,2025-04-23 18:32:47,WETH,3689.3986,False,True,,86484.0,True,False
0x33965f7d08f61a62b86c1ab9be5d82c42f4c3081,0x477de759cdd5a66d703d3153e472fb8ee3dac386bb2ea9623f40f121c969b339,2025-04-22 03:57:35,2e+18,0xc02aaa39b223fe8d0a0e5c4f27ead9083c756cc2,,,,2025-04-24 03:57:35,0x477de759cdd5a66d703d3153e472fb8ee3dac386bb2ea9623f40f121c969b339,True,2025-04-24 04:02:23,WETH,3689.3986,False,True,,173088.0,True,False
0x51881a1cde5dbae15d02ae1824940b19768d8f2b,0x3811759f8e6a7636c8b779990aa6735a65fc3c9752269b673a279eae06d1b781,2025-04-21 22:37:23,600000000.0,0xa0b86991c6218b36c1d19d4a2e9eb0ce3606eb48,,,,2025-04-22 22:37:23,0x3811759f8e6a7636c8b779990aa6735a65fc3c9752269b673a279eae06d1b781,True,2025-04-22 22:37:35,USDC,599.94,False,True,,86412.0,True,False
0x51881a1cde5dbae15d02ae1824940b19768d8f2b,0x7ccc1c2df0d3a7085cf30bda2582034a033ef07f7d993346d6afd30908b2cc01,2025-04-20 22:37:23,600000000.0,0xa0b86991c6218b36c1d19d4a2e9eb0ce3606eb48,,,,2025-04-21 22:37:23,0x7ccc1c2df0d3a7085cf30bda2582034a033ef07f7d993346d6afd30908b2cc01,True,2025-04-21 22:42:23,USDC,599.94,False,True,,86700.0,True,False
0x51881a1cde5dbae15d02ae1824940b19768d8f2b,0x3ee06c49ebe44f91fa8e3ff06535d0019665f6f8bd4e9729b91a4413386ebb64,2025-04-19 22:37:23,600000000.0,0xa0b86991c6218b36c1d19d4a2e9eb0ce3606eb48,,,,2025-04-20 22:37:23,0x3ee06c49ebe44f91fa8e3ff06535d0019665f6f8bd4e9729b91a4413386ebb64,True,2025-04-20 22:42:35,USDC,599.94,False,True,,86712.0,True,False
0x51881a1cde5dbae15d02ae1824940b19768d8f2b,0xc2edc0a241cc3b39da94f89819a574474662b4a92cdfb2ea0b9d5abf05d79e44,2025-04-18 22:37:23,600000000.0,0xa0b86991c6218b36c1d19d4a2e9eb0ce3606eb48,,,,2025-04-19 22:37:23,0xc2edc0a241cc3b39da94f89819a574474662b4a92cdfb2ea0b9d5abf05d79e44,True,2025-04-19 22:42:23,USDC,599.94,False,True,,86700.0,True,False
0x51881a1cde5dbae15d02ae1824940b19768d8f2b,0xa2e3e2a0d3bf2e9b5e5488bf6beeff23817de0a6f5ceb283751d5d58d1f852aa,2025-04-17 22:37:23,600000000.0,0xa0b86991c6218b36c1d19d4a2e9eb0ce3606eb48,,,,2025-04-18 22:37:23,0xa2e3e2a0d3bf2e9b5e5488bf6beeff23817de0a6f5ceb283751d5d58d1f852aa,True,2025-04-18 22:42:23,USDC,599.94,False,True,,86700.0,True,False
0x51881a1cde5dbae15d02ae1824940b19768d8f2b,0x3609014bc4b3f71a9742b2fa6b3d56b73e6550fd92da844b2e0a5d6010a91af5,2025-04-16 22:37:23,600000000.0,0xa0b86991c6218b36c1d19d4a2e9eb0ce3606eb48,,,,2025-04-17 22:37:23,0x3609014bc4b3f71a9742b2fa6b3d56b73e6550fd92da844b2e0a5d6010a91af5,True,2025-04-17 22:37:35,USDC,599.94,False,True,,86412.0,True,False
0x51881a1cde5dbae15d02ae1824940b19768d8f2b,0xb2875b057386b5b98475b4d160da09d7f84d131f53422cc1f0f841c82d26c657,2025-04-15 22:37:47,600000000.0,0xa0b86991c6218b36c1d19d4a2e9eb0ce3606eb48,,,,2025-04-16 22:37:47,0xb2875b057386b5b98475b4d160da09d7f84d131f53422cc1f0f841c82d26c657,True,2025-04-16 22:42:23,USDC,599.94,False,True,,86676.0,True,False
0x51881a1cde5dbae15d02ae1824940b19768d8f2b,0xefba6572317daa2e10695adcf862d885ff5283201945298eb124d354a39c9efe,2025-04-14 22:37:23,600000000.0,0xa0b86991c6218b36c1d19d4a2e9eb0ce3606eb48,,,,2025-04-15 22:37:23,0xefba6572317daa2e10695adcf862d885ff5283201945298eb124d354a39c9efe,True,2025-04-15 22:37:35,USDC,599.94,False,True,,86412.0,True,False
0x51881a1cde5dbae15d02ae1824940b19768d8f2b,0x2ab7f000de0b55e3d3a9be1239d2ca7efb4468e991b92539fe2e3b1070de4031,2025-04-13 22:37:23,600000000.0,0xa0b86991c6218b36c1d19d4a2e9eb0ce3606eb48,,,,2025-04-14 22:37:23,0x2ab7f000de0b55e3d3a9be1239d2ca7efb4468e991b92539fe2e3b1070de4031,True,2025-04-14 22:42:23,USDC,599.94,False,True,,86700.0,True,False
0x51881a1cde5dbae15d02ae1824940b19768d8f2b,0xfbfa17587d0c94921472d5ec449f0037eeb528d96cf8a4df16aabf083eea467d,2025-04-12 22:37:23,600000000.0,0xa0b86991c6218b36c1d19d4a2e9eb0ce3606eb48,,,,2025-04-13 22:37:23,0xfbfa17587d0c94921472d5ec449f0037eeb528d96cf8a4df16aabf083eea467d,True,2025-04-13 22:42:35,USDC,599.94,False,True,,86712.0,True,False
0x51881a1cde5dbae15d02ae1824940b19768d8f2b,0x3fd3d7437bac2409430d3d9a9ad7c96d9ccd4be876c581818a6331534dd6676f,2025-04-11 22:37:35,600000000.0,0xa0b86991c6218b36c1d19d4a2e9eb0ce3606eb48,,,,2025-04-12 22:37:35,0x3fd3d7437bac2409430d3d9a9ad7c96d9ccd4be876c581818a6331534dd6676f,True,2025-04-12 22:37:47,USDC,599.94,False,True,,86412.0,True,False
0x51881a1cde5dbae15d02ae1824940b19768d8f2b,0xd1b6037c98c18cd1b320a620f4337055ec9776b521a344f2e40f4f90c0fd401f,2025-04-10 22:37:23,600000000.0,0xa0b86991c6218b36c1d19d4a2e9eb0ce3606eb48,,,,2025-04-11 22:37:23,0xd1b6037c98c18cd1b320a620f4337055ec9776b521a344f2e40f4f90c0fd401f,True,2025-04-11 22:37:35,USDC,599.94,False,True,,86412.0,True,False
0x51881a1cde5dbae15d02ae1824940b19768d8f2b,0xa8fd789a5b8c2c116b30f86aab91e004606f59d9e3f856dd5a094c183b78f982,2025-04-09 22:37:35,600000000.0,0xa0b86991c6218b36c1d19d4a2e9eb0ce3606eb48,,,,2025-04-10 22:37:35,0xa8fd789a5b8c2c116b30f86aab91e004606f59d9e3f856dd5a094c183b78f982,True,2025-04-10 22:42:35,USDC,599.94,False,True,,86700.0,True,False
0x51881a1cde5dbae15d02ae1824940b19768d8f2b,0x64d847bc6750fa48a29db62810a33b0c488ebb3d05059d416c10386661767b3f,2025-04-08 22:37:35,600000000.0,0xa0b86991c6218b36c1d19d4a2e9eb0ce3606eb48,,,,2025-04-09 22:37:35,0x64d847bc6750fa48a29db62810a33b0c488ebb3d05059d416c10386661767b3f,True,2025-04-09 22:42:35,USDC,599.94,False,True,,86700.0,True,False
0x51881a1cde5dbae15d02ae1824940b19768d8f2b,0x079347a6781056cb689c5e7bc981984f927c59eb62e250ca913a7f5c1f6dc75d,2025-04-07 22:37:23,600000000.0,0xa0b86991c6218b36c1d19d4a2e9eb0ce3606eb48,,,,2025-04-08 22:37:23,0x079347a6781056cb689c5e7bc981984f927c59eb62e250ca913a7f5c1f6dc75d,True,2025-04-08 22:37:35,USDC,599.94,False,True,,86412.0,True,False
0x51881a1cde5dbae15d02ae1824940b19768d8f2b,0x451f7d5ac23d9a77c328296d04eab3ca09974af775851b3ed5ab17b0823c380f,2025-04-06 22:37:47,600000000.0,0xa0b86991c6218b36c1d19d4a2e9eb0ce3606eb48,,,,2025-04-07 22:37:47,0x451f7d5ac23d9a77c328296d04eab3ca09974af775851b3ed5ab17b0823c380f,True,2025-04-07 22:42:23,USDC,599.94,False,True,,86676.0,True,False
0x51881a1cde5dbae15d02ae1824940b19768d8f2b,0xce9e1870303230c040889b06e43a85f141273e1bd707e2e6d0a223e68d443e8a,2025-04-03 22:37:23,600000000.0,0xa0b86991c6218b36c1d19d4a2e9eb0ce3606eb48,,,,2025-04-04 22:37:23,0xce9e1870303230c040889b06e43a85f141273e1bd707e2e6d0a223e68d443e8a,True,2025-04-04 22:37:35,USDC,599.94,False,True,,86412.0,True,False
0x33965f7d08f61a62b86c1ab9be5d82c42f4c3081,0xb872f9c48f72e954886e81308b9c373c925659068ca508d740f2222b9af91d39,2025-04-03 20:02:47,2e+18,0xc02aaa39b223fe8d0a0e5c4f27ead9083c756cc2,,,,2025-04-06 20:02:47,0xb872f9c48f72e954886e81308b9c373c925659068ca508d740f2222b9af91d39,True,2025-04-06 20:07:23,WETH,3689.3986,False,True,,259476.0,True,False
0x51881a1cde5dbae15d02ae1824940b19768d8f2b,0x0ea62ee3cdc6c038fdde7ef1a9b39bb8f2e01b23685650af6b3aa9163cc89b08,2025-04-02 22:37:23,600000000.0,0xa0b86991c6218b36c1d19d4a2e9eb0ce3606eb48,,,,2025-04-03 22:37:23,0x0ea62ee3cdc6c038fdde7ef1a9b39bb8f2e01b23685650af6b3aa9163cc89b08,True,2025-04-03 22:37:47,USDC,599.94,False,True,,86424.0,True,False
0x51881a1cde5dbae15d02ae1824940b19768d8f2b,0xea66347594f64fb13f4689a3eeab116064dab69c9951f7edb1387f113ef93a75,2025-04-01 22:37:23,600000000.0,0xa0b86991c6218b36c1d19d4a2e9eb0ce3606eb48,,,,2025-04-02 22:37:23,0xea66347594f64fb13f4689a3eeab116064dab69c9951f7edb1387f113ef93a75,True,2025-04-02 22:37:35,USDC,599.94,False,True,,86412.0,True,False
0x51881a1cde5dbae15d02ae1824940b19768d8f2b,0x586d8166127b107bea229bf69aa3e74bb8418278076312ab17d1fd2444bd7d75,2025-03-31 22:37:23,600000000.0,0xa0b86991c6218b36c1d19d4a2e9eb0ce3606eb48,,,,2025-04-01 22:37:23,0x586d8166127b107bea229bf69aa3e74bb8418278076312ab17d1fd2444bd7d75,True,2025-04-01 22:37:35,USDC,599.94,False,True,,86412.0,True,False
0x51881a1cde5dbae15d02ae1824940b19768d8f2b,0x637b1aa58d9de5050e20273ead6f70018c311574246b7834febd1401b308d7d8,2025-03-30 22:37:23,600000000.0,0xa0b86991c6218b36c1d19d4a2e9eb0ce3606eb48,,,,2025-03-31 22:37:23,0x637b1aa58d9de5050e20273ead6f70018c311574246b7834febd1401b308d7d8,True,2025-03-31 22:42:35,USDC,599.94,False,True,,86712.0,True,False
0x51881a1cde5dbae15d02ae1824940b19768d8f2b,0xd1dfb256d4fed31b9367470bef3f6daad044931ba9e9726dc325eed8f39dace2,2025-03-29 22:37:23,600000000.0,0xa0b86991c6218b36c1d19d4a2e9eb0ce3606eb48,,,,2025-03-30 22:37:23,0xd1dfb256d4fed31b9367470bef3f6daad044931ba9e9726dc325eed8f39dace2,True,2025-03-30 22:37:47,USDC,599.94,False,True,,86424.0,True,False
0x51881a1cde5dbae15d02ae1824940b19768d8f2b,0x255e4a4445c4f4d13b65abd20203c841103b6260a24fb00f7df782cc5d704466,2025-03-28 22:37:23,600000000.0,0xa0b86991c6218b36c1d19d4a2e9eb0ce3606eb48,,,,2025-03-29 22:37:23,0x255e4a4445c4f4d13b65abd20203c841103b6260a24fb00f7df782cc5d704466,True,2025-03-29 22:37:35,USDC,599.94,False,True,,86412.0,True,False
0x51881a1cde5dbae15d02ae1824940b19768d8f2b,0x630a014b608e3818b4c26602b451f6dd12a63c5db3fea0673a7a99aeb9e27ad8,2025-03-27 22:37:23,600000000.0,0xa0b86991c6218b36c1d19d4a2e9eb0ce3606eb48,,,,2025-03-28 22:37:23,0x630a014b608e3818b4c26602b451f6dd12a63c5db3fea0673a7a99aeb9e27ad8,True,2025-03-28 22:37:35,USDC,599.94,False,True,,86412.0,True,False
0x33965f7d08f61a62b86c1ab9be5d82c42f4c3081,0x544463fc14c5672a35460260657d0ef2e20a9161fd5c3ef26f695fb97083f215,2025-03-27 00:02:59,2e+18,0xc02aaa39b223fe8d0a0e5c4f27ead9083c756cc2,,,,2025-03-30 00:02:59,0x544463fc14c5672a35460260657d0ef2e20a9161fd5c3ef26f695fb97083f215,True,2025-03-30 00:07:35,WETH,3689.3986,False,True,,259476.0,True,False
0x51881a1cde5dbae15d02ae1824940b19768d8f2b,0xa2638a15123b5d2c3e2989f464e93d1db4810f32464e1a858d50747b02b2f361,2025-03-26 22:37:23,600000000.0,0xa0b86991c6218b36c1d19d4a2e9eb0ce3606eb48,,,,2025-03-27 22:37:23,0xa2638a15123b5d2c3e2989f464e93d1db4810f32464e1a858d50747b02b2f361,True,2025-03-27 22:37:35,USDC,599.94,False,True,,86412.0,True,False
0x51881a1cde5dbae15d02ae1824940b19768d8f2b,0x8b1ca21a00c22c97d15f6c245b60b72973e54dea326cc7ae9e6a29e6ab8d8132,2025-03-25 22:37:23,600000000.0,0xa0b86991c6218b36c1d19d4a2e9eb0ce3606eb48,,,,2025-03-26 22:37:23,0x8b1ca21a00c22c97d15f6c245b60b72973e54dea326cc7ae9e6a29e6ab8d8132,True,2025-03-26 22:42:35,USDC,599.94,False,True,,86712.0,True,False
0x51881a1cde5dbae15d02ae1824940b19768d8f2b,0x2d9817442eceead5e68dbb73fb4bfd128cfcdb6cd0cc1b28fd39ff008b2a638c,2025-03-24 22:37:23,600000000.0,0xa0b86991c6218b36c1d19d4a2e9eb0ce3606eb48,,,,2025-03-25 22:37:23,0x2d9817442eceead5e68dbb73fb4bfd128cfcdb6cd0cc1b28fd39ff008b2a638c,True,2025-03-25 22:37:35,USDC,599.94,False,True,,86412.0,True,False
0x51881a1cde5dbae15d02ae1824940b19768d8f2b,0x8c1139c8e3e4ecc8a5cb04d7559ca04d7d216a7fe1cb17adac45fe710eacb925,2025-03-23 22:37:23,600000000.0,0xa0b86991c6218b36c1d19d4a2e9eb0ce3606eb48,,,,2025-03-24 22:37:23,0x8c1139c8e3e4ecc8a5cb04d7559ca04d7d216a7fe1cb17adac45fe710eacb925,True,2025-03-24 22:37:35,USDC,599.94,False,True,,86412.0,True,False
0x51881a1cde5dbae15d02ae1824940b19768d8f2b,0x34f3612cf26cf20d4aba9a824985277b45d9dcf09a69f27a656c6e7a8f599565,2025-03-22 22:37:23,600000000.0,0xa0b86991c6218b36c1d19d4a2e9eb0ce3606eb48,,,,2025-03-23 22:37:23,0x34f3612cf26cf20d4aba9a824985277b45d9dcf09a69f27a656c6e7a8f599565,True,2025-03-23 22:42:23,USDC,599.94,False,True,,86700.0,True,False
0x51881a1cde5dbae15d02ae1824940b19768d8f2b,0xe85acfc1a05792aab2df6cc38985f9fd5c71b9da8ccf680443df89d9716ed40f,2025-03-21 22:37:35,600000000.0,0xa0b86991c6218b36c1d19d4a2e9eb0ce3606eb48,,,,2025-03-22 22:37:35,0xe85acfc1a05792aab2df6cc38985f9fd5c71b9da8ccf680443df89d9716ed40f,True,2025-03-22 22:42:23,USDC,599.94,False,True,,86688.0,True,False
0x51881a1cde5dbae15d02ae1824940b19768d8f2b,0x3ae811079dc0517c7fa910220b9b6f025cc13484fd317187933d16fa2dd2334f,2025-03-20 22:37:23,600000000.0,0xa0b86991c6218b36c1d19d4a2e9eb0ce3606eb48,,,,2025-03-21 22:37:23,0x3ae811079dc0517c7fa910220b9b6f025cc13484fd317187933d16fa2dd2334f,True,2025-03-21 22:37:35,USDC,599.94,False,True,,86412.0,True,False
0x51881a1cde5dbae15d02ae1824940b19768d8f2b,0x857a344a4e5116bea229bad0e1e6526b4a3e0cddf2bea2703ee2f0216b680ed3,2025-03-19 22:37:23,600000000.0,0xa0b86991c6218b36c1d19d4a2e9eb0ce3606eb48,,,,2025-03-20 22:37:23,0x857a344a4e5116bea229bad0e1e6526b4a3e0cddf2bea2703ee2f0216b680ed3,True,2025-03-20 22:42:23,USDC,599.94,False,True,,86700.0,True,False
0x51881a1cde5dbae15d02ae1824940b19768d8f2b,0xcc8f3bbdc4d008aeb213ab4969a9d129d0a00ab4da01d234bbbebd1671fc61df,2025-03-18 22:37:23,600000000.0,0xa0b86991c6218b36c1d19d4a2e9eb0ce3606eb48,,,,2025-03-19 22:37:23,0xcc8f3bbdc4d008aeb213ab4969a9d129d0a00ab4da01d234bbbebd1671fc61df,True,2025-03-19 22:42:35,USDC,599.94,False,True,,86712.0,True,False
0x51881a1cde5dbae15d02ae1824940b19768d8f2b,0xc3249200dbae4d2b1b5bb8769f68ce8680efcfaa41d12d4f89be4f57201a975f,2025-03-17 22:37:47,600000000.0,0xa0b86991c6218b36c1d19d4a2e9eb0ce3606eb48,,,,2025-03-18 22:37:47,0xc3249200dbae4d2b1b5bb8769f68ce8680efcfaa41d12d4f89be4f57201a975f,True,2025-03-18 22:42:23,USDC,599.94,False,True,,86676.0,True,False
0x51881a1cde5dbae15d02ae1824940b19768d8f2b,0x8657506f004b03754e161d1ad7322b8edcd4f52a9e594cb80a624ee6a9d1556a,2025-03-16 22:37:23,600000000.0,0xa0b86991c6218b36c1d19d4a2e9eb0ce3606eb48,,,,2025-03-17 22:37:23,0x8657506f004b03754e161d1ad7322b8edcd4f52a9e594cb80a624ee6a9d1556a,True,2025-03-17 22:37:35,USDC,599.94,False,True,,86412.0,True,False
0x51881a1cde5dbae15d02ae1824940b19768d8f2b,0x90db2a5dbe8be3b47b81404ed747e05652e792d60d61efcd849419ffff8f58eb,2025-03-15 22:37:23,600000000.0,0xa0b86991c6218b36c1d19d4a2e9eb0ce3606eb48,,,,2025-03-16 22:37:23,0x90db2a5dbe8be3b47b81404ed747e05652e792d60d61efcd849419ffff8f58eb,True,2025-03-16 22:37:35,USDC,599.94,False,True,,86412.0,True,False
0x33965f7d08f61a62b86c1ab9be5d82c42f4c3081,0xd51eccb0f6c7fec4f61d5cce32795e83601effa60d92e989f6d57d2051a22c3a,2025-03-15 02:02:47,2e+18,0xc02aaa39b223fe8d0a0e5c4f27ead9083c756cc2,,,,2025-03-18 02:02:47,0xd51eccb0f6c7fec4f61d5cce32795e83601effa60d92e989f6d57d2051a22c3a,True,2025-03-18 02:07:23,WETH,3689.3986,False,True,,259476.0,True,False
0x33965f7d08f61a62b86c1ab9be5d82c42f4c3081,0xae87343d9684ca6e51b2d660e5cc8bd23e2683d3e76633a4b9cadb5596ecffc7,2025-03-15 01:42:47,2e+18,0xc02aaa39b223fe8d0a0e5c4f27ead9083c756cc2,,,,2025-03-18 01:42:47,0xae87343d9684ca6e51b2d660e5cc8bd23e2683d3e76633a4b9cadb5596ecffc7,True,2025-03-18 01:47:35,WETH,3689.3986,False,True,,259488.0,True,False
0x51881a1cde5dbae15d02ae1824940b19768d8f2b,0x2929f00c327e69dfe101acc09fa517508bb80ef3e4f0ff167bb54466b6c85075,2025-03-14 22:37:35,600000000.0,0xa0b86991c6218b36c1d19d4a2e9eb0ce3606eb48,,,,2025-03-15 22:37:35,0x2929f00c327e69dfe101acc09fa517508bb80ef3e4f0ff167bb54466b6c85075,True,2025-03-15 22:42:35,USDC,599.94,False,True,,86700.0,True,False
0x51881a1cde5dbae15d02ae1824940b19768d8f2b,0x57bcdd5844daa7773b061bbc8d19c7b130b25fd6b2b762251f6ef400502b47ee,2025-03-13 22:37:23,600000000.0,0xa0b86991c6218b36c1d19d4a2e9eb0ce3606eb48,,,,2025-03-14 22:37:23,0x57bcdd5844daa7773b061bbc8d19c7b130b25fd6b2b762251f6ef400502b47ee,True,2025-03-14 22:37:35,USDC,599.94,False,True,,86412.0,True,False
0x51881a1cde5dbae15d02ae1824940b19768d8f2b,0x621640cb209b91f591f184f25d0265a7d7ccd045d0a7f32f16a94758ff3162c0,2025-03-12 22:37:23,600000000.0,0xa0b86991c6218b36c1d19d4a2e9eb0ce3606eb48,,,,2025-03-13 22:37:23,0x621640cb209b91f591f184f25d0265a7d7ccd045d0a7f32f16a94758ff3162c0,True,2025-03-13 22:42:35,USDC,599.94,False,True,,86712.0,True,False
0x51881a1cde5dbae15d02ae1824940b19768d8f2b,0xcdb3f6ada6fdf76b7c1d8d88a76368b7dc786ea2fa3a167673dd7af06b3766d2,2025-03-11 22:37:23,600000000.0,0xa0b86991c6218b36c1d19d4a2e9eb0ce3606eb48,,,,2025-03-12 22:37:23,0xcdb3f6ada6fdf76b7c1d8d88a76368b7dc786ea2fa3a167673dd7af06b3766d2,True,2025-03-12 22:37:35,USDC,599.94,False,True,,86412.0,True,False
0x51881a1cde5dbae15d02ae1824940b19768d8f2b,0xa020021a1c131120c064f3804974c98c3751d1f42c4ac85026234ea05acaaf6f,2025-03-10 22:38:23,600000000.0,0xa0b86991c6218b36c1d19d4a2e9eb0ce3606eb48,,,,2025-03-11 22:38:23,0xa020021a1c131120c064f3804974c98c3751d1f42c4ac85026234ea05acaaf6f,True,2025-03-11 22:42:35,USDC,599.94,False,True,,86652.0,True,False
0x51881a1cde5dbae15d02ae1824940b19768d8f2b,0xd4bbf1e1999ea5e16e5fa2c39cdbabc335b9818f4483c7502a98c6e08105c044,2025-03-09 22:37:23,600000000.0,0xa0b86991c6218b36c1d19d4a2e9eb0ce3606eb48,,,,2025-03-10 22:37:23,0xd4bbf1e1999ea5e16e5fa2c39cdbabc335b9818f4483c7502a98c6e08105c044,True,2025-03-10 22:37:35,USDC,599.94,False,True,,86412.0,True,False
0x51881a1cde5dbae15d02ae1824940b19768d8f2b,0x68d7f50e46eb07a53cc7dc80959e02e5cbf3fa10030b1353345c297b86b6a21e,2025-03-08 22:37:35,600000000.0,0xa0b86991c6218b36c1d19d4a2e9eb0ce3606eb48,,,,2025-03-09 22:37:35,0x68d7f50e46eb07a53cc7dc80959e02e5cbf3fa10030b1353345c297b86b6a21e,True,2025-03-09 22:42:35,USDC,599.94,False,True,,86700.0,True,False
0x51881a1cde5dbae15d02ae1824940b19768d8f2b,0x3a919adff071f60588c59c1d58faeb70fe6aa15ceec508c8ea6c4cd50876212d,2025-03-07 22:37:23,600000000.0,0xa0b86991c6218b36c1d19d4a2e9eb0ce3606eb48,,,,2025-03-08 22:37:23,0x3a919adff071f60588c59c1d58faeb70fe6aa15ceec508c8ea6c4cd50876212d,True,2025-03-08 22:37:35,USDC,599.94,False,True,,86412.0,True,False
0x51881a1cde5dbae15d02ae1824940b19768d8f2b,0x3d73fc95faec080b84765a6df44e3605c0f012fedf638e574c9a04752b61f6f3,2025-03-06 22:37:23,600000000.0,0xa0b86991c6218b36c1d19d4a2e9eb0ce3606eb48,,,,2025-03-07 22:37:23,0x3d73fc95faec080b84765a6df44e3605c0f012fedf638e574c9a04752b61f6f3,True,2025-03-07 22:37:35,USDC,599.94,False,True,,86412.0,True,False
0x51881a1cde5dbae15d02ae1824940b19768d8f2b,0xcee29e0b0ad0726839c1ec58ed60ae602c367cda95ddae9f97337d4b42c4daa8,2025-03-06 04:16:59,600000000.0,0xa0b86991c6218b36c1d19d4a2e9eb0ce3606eb48,,,,2025-03-07 04:16:59,0xcee29e0b0ad0726839c1ec58ed60ae602c367cda95ddae9f97337d4b42c4daa8,True,2025-03-07 04:17:35,USDC,599.94,False,True,,86436.0,True,False
0x51881a1cde5dbae15d02ae1824940b19768d8f2b,0xf639cc4c56d19252559ae7d30e8beda84fc5c22445c9c4bff5be90b007c082f5,2025-03-05 22:37:23,600000000.0,0xa0b86991c6218b36c1d19d4a2e9eb0ce3606eb48,,,,2025-03-06 22:37:23,0xf639cc4c56d19252559ae7d30e8beda84fc5c22445c9c4bff5be90b007c082f5,True,2025-03-06 22:42:35,USDC,599.94,False,True,,86712.0,True,False
0x51881a1cde5dbae15d02ae1824940b19768d8f2b,0xb37e169e992e10b211903869e1ee4ea8883722daa7b28a1e86952751526d0925,2025-03-04 22:35:59,600000000.0,0xa0b86991c6218b36c1d19d4a2e9eb0ce3606eb48,,,,2025-03-05 22:35:59,0xb37e169e992e10b211903869e1ee4ea8883722daa7b28a1e86952751526d0925,True,2025-03-05 22:37:23,USDC,599.94,False,True,,86484.0,True,False
0x51881a1cde5dbae15d02ae1824940b19768d8f2b,0xca278ce6c8a40aaf59a248d6bb6d6a87697512af606667057e1871807cbd28ea,2025-03-03 22:37:11,600000000.0,0xa0b86991c6218b36c1d19d4a2e9eb0ce3606eb48,,,,2025-03-04 22:37:11,0xca278ce6c8a40aaf59a248d6bb6d6a87697512af606667057e1871807cbd28ea,True,2025-03-04 22:37:35,USDC,599.94,False,True,,86424.0,True,False
0x51881a1cde5dbae15d02ae1824940b19768d8f2b,0xb9c2ab090d512181330d20f90225dda7a8e95a393f5a60ebb5ee9eca9f91e4ae,2025-03-02 22:36:35,600000000.0,0xa0b86991c6218b36c1d19d4a2e9eb0ce3606eb48,,,,2025-03-03 22:36:35,0xb9c2ab090d512181330d20f90225dda7a8e95a393f5a60ebb5ee9eca9f91e4ae,True,2025-03-03 22:37:11,USDC,599.94,False,True,,86436.0,True,False
0x51881a1cde5dbae15d02ae1824940b19768d8f2b,0x144f53b610bdc5ee924446d30713166badb0202951c88ef64031efe2560e353b,2025-03-01 22:35:23,600000000.0,0xa0b86991c6218b36c1d19d4a2e9eb0ce3606eb48,,,,2025-03-02 22:35:23,0x144f53b610bdc5ee924446d30713166badb0202951c88ef64031efe2560e353b,True,2025-03-02 22:36:35,USDC,599.94,False,True,,86472.0,True,False
0x51881a1cde5dbae15d02ae1824940b19768d8f2b,0x48efb6601e516b32db4871481ef91c057008596cdf43af2dec2a5e8cea906916,2025-02-28 23:06:35,600000000.0,0xa0b86991c6218b36c1d19d4a2e9eb0ce3606eb48,,,,2025-03-01 23:06:35,0x48efb6601e516b32db4871481ef91c057008596cdf43af2dec2a5e8cea906916,True,2025-03-01 23:07:23,USDC,599.94,False,True,,86448.0,True,False
0x51881a1cde5dbae15d02ae1824940b19768d8f2b,0x4df4bc8bec4ed2ec519488ca16a7044afdda714fc992291f49eb73ea5808c74d,2025-02-27 22:37:11,600000000.0,0xa0b86991c6218b36c1d19d4a2e9eb0ce3606eb48,,,,2025-02-28 22:37:11,0x4df4bc8bec4ed2ec519488ca16a7044afdda714fc992291f49eb73ea5808c74d,True,2025-02-28 22:37:23,USDC,599.94,False,True,,86412.0,True,False
0x51881a1cde5dbae15d02ae1824940b19768d8f2b,0xec1166b9a8303b7a90033276e7678047f13a354de9ce19aeafc73ffbc15c0761,2025-02-26 22:36:35,600000000.0,0xa0b86991c6218b36c1d19d4a2e9eb0ce3606eb48,,,,2025-02-27 22:36:35,0xec1166b9a8303b7a90033276e7678047f13a354de9ce19aeafc73ffbc15c0761,True,2025-02-27 22:37:11,USDC,599.94,False,True,,86436.0,True,False
0x51881a1cde5dbae15d02ae1824940b19768d8f2b,0xfb59213f2242b8516b0c94e5a642d1c23cd21b94c6c2d425e3e6d4d06afbbf55,2025-02-25 22:36:59,600000000.0,0xa0b86991c6218b36c1d19d4a2e9eb0ce3606eb48,,,,2025-02-26 22:36:59,0xfb59213f2242b8516b0c94e5a642d1c23cd21b94c6c2d425e3e6d4d06afbbf55,True,2025-02-26 22:37:35,USDC,599.94,False,True,,86436.0,True,False
0x51881a1cde5dbae15d02ae1824940b19768d8f2b,0xf41df933eacee5f506ec1009a9b499b812aa9e33679c6c4ddd15a574539a59be,2025-02-24 22:36:35,600000000.0,0xa0b86991c6218b36c1d19d4a2e9eb0ce3606eb48,,,,2025-02-25 22:36:35,0xf41df933eacee5f506ec1009a9b499b812aa9e33679c6c4ddd15a574539a59be,True,2025-02-25 22:36:59,USDC,599.94,False,True,,86424.0,True,False
0x51881a1cde5dbae15d02ae1824940b19768d8f2b,0xe12f61705b1d5cb0b7509a2ab2b83262f44f9c5e5210b9cf348670064e43b199,2025-02-23 22:35:23,600000000.0,0xa0b86991c6218b36c1d19d4a2e9eb0ce3606eb48,,,,2025-02-24 22:35:23,0xe12f61705b1d5cb0b7509a2ab2b83262f44f9c5e5210b9cf348670064e43b199,True,2025-02-24 22:36:35,USDC,599.94,False,True,,86472.0,True,False
0x33965f7d08f61a62b86c1ab9be5d82c42f4c3081,0x5f25fc5ee2e6ccdd2fcd230565a1364324ae34e6b5c75e95e2aba14b35141149,2025-02-23 06:37:47,2e+18,0xc02aaa39b223fe8d0a0e5c4f27ead9083c756cc2,,,,2025-02-26 06:37:47,0x5f25fc5ee2e6ccdd2fcd230565a1364324ae34e6b5c75e95e2aba14b35141149,True,2025-02-26 06:42:35,WETH,3689.3986,False,True,,259488.0,True,False
0x51881a1cde5dbae15d02ae1824940b19768d8f2b,0x994acc4ff36836a78e3185df4ac51e9cac2021bdc01c5fb01be728a43395d31a,2025-02-22 22:35:23,600000000.0,0xa0b86991c6218b36c1d19d4a2e9eb0ce3606eb48,,,,2025-02-23 22:35:23,0x994acc4ff36836a78e3185df4ac51e9cac2021bdc01c5fb01be728a43395d31a,True,2025-02-23 22:37:35,USDC,599.94,False,True,,86532.0,True,False
0x51881a1cde5dbae15d02ae1824940b19768d8f2b,0x861476b478f92cd72f383a3b5e48c787eda939768364b938873bd37fc9a6f3b6,2025-02-21 22:36:23,600000000.0,0xa0b86991c6218b36c1d19d4a2e9eb0ce3606eb48,,,,2025-02-22 22:36:23,0x861476b478f92cd72f383a3b5e48c787eda939768364b938873bd37fc9a6f3b6,True,2025-02-22 22:37:35,USDC,599.94,False,True,,86472.0,True,False
0x33965f7d08f61a62b86c1ab9be5d82c42f4c3081,0xc17355f77d77b5a834ae87fd0fbc61fafd19c1ff9f90b541bbd7e5395d2fac64,2025-02-21 03:02:47,2e+18,0xc02aaa39b223fe8d0a0e5c4f27ead9083c756cc2,,,,2025-02-24 03:02:47,0xc17355f77d77b5a834ae87fd0fbc61fafd19c1ff9f90b541bbd7e5395d2fac64,True,2025-02-24 03:07:35,WETH,3689.3986,False,True,,259488.0,True,False
0x51881a1cde5dbae15d02ae1824940b19768d8f2b,0xa9f2c8d3e034497eeb1a1a92ea55f399b59d39001eaf1a680290397d5c74be4e,2025-02-20 22:36:47,600000000.0,0xa0b86991c6218b36c1d19d4a2e9eb0ce3606eb48,,,,2025-02-21 22:36:47,0xa9f2c8d3e034497eeb1a1a92ea55f399b59d39001eaf1a680290397d5c74be4e,True,2025-02-21 22:37:35,USDC,599.94,False,True,,86448.0,True,False
0x51881a1cde5dbae15d02ae1824940b19768d8f2b,0x7be0b507f3af080b6cc1364dfbf2688028374126ca174983812d9ef7026f5b4e,2025-02-19 22:34:59,600000000.0,0xa0b86991c6218b36c1d19d4a2e9eb0ce3606eb48,,,,2025-02-20 22:34:59,0x7be0b507f3af080b6cc1364dfbf2688028374126ca174983812d9ef7026f5b4e,True,2025-02-20 22:36:47,USDC,599.94,False,True,,86508.0,True,False
0x51881a1cde5dbae15d02ae1824940b19768d8f2b,0xea5c6993c5df36feed877e2c64cb24c0efa3ca57971ca82df8549469e5454523,2025-02-18 22:36:35,600000000.0,0xa0b86991c6218b36c1d19d4a2e9eb0ce3606eb48,,,,2025-02-19 22:36:35,0xea5c6993c5df36feed877e2c64cb24c0efa3ca57971ca82df8549469e5454523,True,2025-02-19 22:37:35,USDC,599.94,False,True,,86460.0,True,False
0x51881a1cde5dbae15d02ae1824940b19768d8f2b,0xe3a5984baaba76288d5b23e2ffee3c609bea71575939823a8656e593e615cbd6,2025-02-17 22:35:23,600000000.0,0xa0b86991c6218b36c1d19d4a2e9eb0ce3606eb48,,,,2025-02-18 22:35:23,0xe3a5984baaba76288d5b23e2ffee3c609bea71575939823a8656e593e615cbd6,True,2025-02-18 22:36:35,USDC,599.94,False,True,,86472.0,True,False
0x51881a1cde5dbae15d02ae1824940b19768d8f2b,0xc88a263e62df8a4eb9b24d2aae7aadf2446616502a2964061977a52f751b920f,2025-02-16 22:34:47,600000000.0,0xa0b86991c6218b36c1d19d4a2e9eb0ce3606eb48,,,,2025-02-17 22:34:47,0xc88a263e62df8a4eb9b24d2aae7aadf2446616502a2964061977a52f751b920f,True,2025-02-17 22:35:23,USDC,599.94,False,True,,86436.0,True,False
0x51881a1cde5dbae15d02ae1824940b19768d8f2b,0x63e3c30335c0a64f368c05ccd1eb6d676418c43fe781fb28ffa03a210d943428,2025-02-15 22:35:47,600000000.0,0xa0b86991c6218b36c1d19d4a2e9eb0ce3606eb48,,,,2025-02-16 22:35:47,0x63e3c30335c0a64f368c05ccd1eb6d676418c43fe781fb28ffa03a210d943428,True,2025-02-16 22:37:35,USDC,599.94,False,True,,86508.0,True,False
0x51881a1cde5dbae15d02ae1824940b19768d8f2b,0xce4d7f51f819f71ed534d32012b1b7f626c10c9bbe8369aabdcd430546649489,2025-02-14 22:35:23,600000000.0,0xa0b86991c6218b36c1d19d4a2e9eb0ce3606eb48,,,,2025-02-15 22:35:23,0xce4d7f51f819f71ed534d32012b1b7f626c10c9bbe8369aabdcd430546649489,True,2025-02-15 22:35:47,USDC,599.94,False,True,,86424.0,True,False
0x51881a1cde5dbae15d02ae1824940b19768d8f2b,0x3ebc4652c54951d4cb3b0bdb79f2a5e8db941ed85a7ea78e41b561582f3f9cb9,2025-02-13 22:35:47,600000000.0,0xa0b86991c6218b36c1d19d4a2e9eb0ce3606eb48,,,,2025-02-14 22:35:47,0x3ebc4652c54951d4cb3b0bdb79f2a5e8db941ed85a7ea78e41b561582f3f9cb9,True,2025-02-14 22:37:35,USDC,599.94,False,True,,86508.0,True,False
0x51881a1cde5dbae15d02ae1824940b19768d8f2b,0xf373d36e7fef6264f04f8e68db2189b3e048bf65d268a9dc107a45ed39084fac,2025-02-12 22:35:47,600000000.0,0xa0b86991c6218b36c1d19d4a2e9eb0ce3606eb48,,,,2025-02-13 22:35:47,0xf373d36e7fef6264f04f8e68db2189b3e048bf65d268a9dc107a45ed39084fac,True,2025-02-13 22:37:23,USDC,599.94,False,True,,86496.0,True,False
0x51881a1cde5dbae15d02ae1824940b19768d8f2b,0xfbc14a7269e71c3a3fa52c50797050e921ead925f465694f28486e56d7f09d06,2025-02-11 22:36:23,600000000.0,0xa0b86991c6218b36c1d19d4a2e9eb0ce3606eb48,,,,2025-02-12 22:36:23,0xfbc14a7269e71c3a3fa52c50797050e921ead925f465694f28486e56d7f09d06,True,2025-02-12 22:37:47,USDC,599.94,False,True,,86484.0,True,False
0xb51faf692f3bb754caa0ad4598b6a1e2e3bd69c2,0xe768a129af9be38d4af40eb7e8f59131718939df2c5f96467e7ab2f15209f16a,2025-02-11 14:47:59,2e+18,0xc02aaa39b223fe8d0a0e5c4f27ead9083c756cc2,,,,2025-02-13 14:47:59,0xe768a129af9be38d4af40eb7e8f59131718939df2c5f96467e7ab2f15209f16a,True,2025-02-13 14:52:35,WETH,3689.3986,False,True,,173076.0,True,False
0x51881a1cde5dbae15d02ae1824940b19768d8f2b,0x1930142e52853a25d17506f362c168dbd046f5854b1500462acef11d047c26f8,2025-02-10 22:35:11,600000000.0,0xa0b86991c6218b36c1d19d4a2e9eb0ce3606eb48,,,,2025-02-11 22:35:11,0x1930142e52853a25d17506f362c168dbd046f5854b1500462acef11d047c26f8,True,2025-02-11 22:36:23,USDC,599.94,False,True,,86472.0,True,False
0x51881a1cde5dbae15d02ae1824940b19768d8f2b,0xa357a48c97210da77846c20f595e133f16f58865483414b5bd4cf3259e0a57d9,2025-02-09 22:35:11,600000000.0,0xa0b86991c6218b36c1d19d4a2e9eb0ce3606eb48,,,,2025-02-10 22:35:11,0xa357a48c97210da77846c20f595e133f16f58865483414b5bd4cf3259e0a57d9,True,2025-02-10 22:37:23,USDC,599.94,False,True,,86532.0,True,False
0x51881a1cde5dbae15d02ae1824940b19768d8f2b,0x868c06cdf004e181ee5527d6ff908c6f9904c84a2f31cdb3379eb55e198febac,2025-02-08 22:34:35,600000000.0,0xa0b86991c6218b36c1d19d4a2e9eb0ce3606eb48,,,,2025-02-09 22:34:35,0x868c06cdf004e181ee5527d6ff908c6f9904c84a2f31cdb3379eb55e198febac,True,2025-02-09 22:35:11,USDC,599.94,False,True,,86436.0,True,False
0x51881a1cde5dbae15d02ae1824940b19768d8f2b,0xd2c1a45e9e22141dd422d76ecd006c7e68f24acd121f2f7828e9f02c3bb252d0,2025-02-07 22:35:23,600000000.0,0xa0b86991c6218b36c1d19d4a2e9eb0ce3606eb48,,,,2025-02-08 22:35:23,0xd2c1a45e9e22141dd422d76ecd006c7e68f24acd121f2f7828e9f02c3bb252d0,True,2025-02-08 22:37:23,USDC,599.94,False,True,,86520.0,True,False
0x51881a1cde5dbae15d02ae1824940b19768d8f2b,0x65f2a071a3ce52ba86cdde1e908a74084dfc06b08ecf6943b8b16052cb96f9b2,2025-02-06 22:34:59,600000000.0,0xa0b86991c6218b36c1d19d4a2e9eb0ce3606eb48,,,,2025-02-07 22:34:59,0x65f2a071a3ce52ba86cdde1e908a74084dfc06b08ecf6943b8b16052cb96f9b2,True,2025-02-07 22:35:23,USDC,599.94,False,True,,86424.0,True,False
0x51881a1cde5dbae15d02ae1824940b19768d8f2b,0x7bc00b69077266ade2ab5140b89db76070c37ffc1649ac3e025c54e0873888a5,2025-02-05 22:36:47,600000000.0,0xa0b86991c6218b36c1d19d4a2e9eb0ce3606eb48,,,,2025-02-06 22:36:47,0x7bc00b69077266ade2ab5140b89db76070c37ffc1649ac3e025c54e0873888a5,True,2025-02-06 22:38:11,USDC,599.94,False,True,,86484.0,True,False
0x33965f7d08f61a62b86c1ab9be5d82c42f4c3081,0x8838057307a9e3cdff55d089f2057a256327bc0c88802de9b5edc883808fa95b,2025-02-05 15:52:59,2e+18,0xc02aaa39b223fe8d0a0e5c4f27ead9083c756cc2,,,,2025-02-08 15:52:59,0x8838057307a9e3cdff55d089f2057a256327bc0c88802de9b5edc883808fa95b,True,2025-02-08 15:57:35,WETH,3689.3986,False,True,,259476.0,True,False
0x51881a1cde5dbae15d02ae1824940b19768d8f2b,0x5a5d249286ae35dd2ce2dbde0348e5cff5175242424226fc5e205f65bd31c722,2025-02-04 22:34:35,600000000.0,0xa0b86991c6218b36c1d19d4a2e9eb0ce3606eb48,,,,2025-02-05 22:34:35,0x5a5d249286ae35dd2ce2dbde0348e5cff5175242424226fc5e205f65bd31c722,True,2025-02-05 22:36:47,USDC,599.94,False,True,,86532.0,True,False
0x51881a1cde5dbae15d02ae1824940b19768d8f2b,0xad99dde01647fd7a2e5eafacd13443b4209c2b3e8339aa8fac1a2b1cb53f350f,2025-02-03 22:34:35,600000000.0,0xa0b86991c6218b36c1d19d4a2e9eb0ce3606eb48,,,,2025-02-04 22:34:35,0xad99dde01647fd7a2e5eafacd13443b4209c2b3e8339aa8fac1a2b1cb53f350f,True,2025-02-04 22:37:23,USDC,599.94,False,True,,86568.0,True,False
0x51881a1cde5dbae15d02ae1824940b19768d8f2b,0xfb28273d8828a5ff09bc25e0469fc33106fa63d32a25a0e3891eb02e19706ff6,2025-02-02 22:34:35,600000000.0,0xa0b86991c6218b36c1d19d4a2e9eb0ce3606eb48,,,,2025-02-03 22:34:35,0xfb28273d8828a5ff09bc25e0469fc33106fa63d32a25a0e3891eb02e19706ff6,True,2025-02-03 22:37:35,USDC,599.94,False,True,,86580.0,True,False
0x51881a1cde5dbae15d02ae1824940b19768d8f2b,0xec5bb44372b2672af265a022ed2c2688b3c3b134b431dd27915512ddc97597e4,2025-02-01 22:34:11,600000000.0,0xa0b86991c6218b36c1d19d4a2e9eb0ce3606eb48,,,,2025-02-02 22:34:11,0xec5bb44372b2672af265a022ed2c2688b3c3b134b431dd27915512ddc97597e4,True,2025-02-02 22:34:35,USDC,599.94,False,True,,86424.0,True,False
0x51881a1cde5dbae15d02ae1824940b19768d8f2b,0xa9e6e7db4c1628ace27230d31a9069ebb10c4b3731f076dd85892107cc146101,2025-01-31 22:34:23,600000000.0,0xa0b86991c6218b36c1d19d4a2e9eb0ce3606eb48,,,,2025-02-01 22:34:23,0xa9e6e7db4c1628ace27230d31a9069ebb10c4b3731f076dd85892107cc146101,True,2025-02-01 22:37:35,USDC,599.94,False,True,,86592.0,True,False
0x51881a1cde5dbae15d02ae1824940b19768d8f2b,0xab12a221834f5878569f990bdc18f9f7a2c0e9fa66aeabb8311aff0317b7a962,2025-01-30 22:34:23,600000000.0,0xa0b86991c6218b36c1d19d4a2e9eb0ce3606eb48,,,,2025-01-31 22:34:23,0xab12a221834f5878569f990bdc18f9f7a2c0e9fa66aeabb8311aff0317b7a962,True,2025-01-31 22:37:35,USDC,599.94,False,True,,86592.0,True,False
0xfe1627d3ae476f5fcc22f733e11ab1153ed7b4e4,0x6a62d9fe37f636a7f9f8e3a0f6cd754f39abdf863960349570acb6061aa0f3cc,2025-01-30 21:45:35,2.7e+17,0xc02aaa39b223fe8d0a0e5c4f27ead9083c756cc2,,,,2025-02-02 21:45:35,0x6a62d9fe37f636a7f9f8e3a0f6cd754f39abdf863960349570acb6061aa0f3cc,True,2025-02-02 21:47:35,WETH,498.06881100000004,False,True,,259320.0,True,False
0x51881a1cde5dbae15d02ae1824940b19768d8f2b,0xc031392ac84efff2f5158a969456cd693f73e2825524325f672a70ecaf0d9212,2025-01-29 22:34:35,600000000.0,0xa0b86991c6218b36c1d19d4a2e9eb0ce3606eb48,,,,2025-01-30 22:34:35,0xc031392ac84efff2f5158a969456cd693f73e2825524325f672a70ecaf0d9212,True,2025-01-30 22:37:35,USDC,599.94,False,True,,86580.0,True,False
0x33965f7d08f61a62b86c1ab9be5d82c42f4c3081,0x1c1c31ddec3609071d7a3b030da57e75b0eaa01611445287b1a9bf4aa6e90c30,2025-01-29 00:12:35,2e+18,0xc02aaa39b223fe8d0a0e5c4f27ead9083c756cc2,,,,2025-01-31 00:12:35,0x1c1c31ddec3609071d7a3b030da57e75b0eaa01611445287b1a9bf4aa6e90c30,True,2025-01-31 00:17:35,WETH,3689.3986,False,True,,173100.0,True,False
0x51881a1cde5dbae15d02ae1824940b19768d8f2b,0x2a37262663625825d5e396a4c29f0a99f79274e1ea3a27a03d21dae57bc904df,2025-01-28 22:34:47,600000000.0,0xa0b86991c6218b36c1d19d4a2e9eb0ce3606eb48,,,,2025-01-29 22:34:47,0x2a37262663625825d5e396a4c29f0a99f79274e1ea3a27a03d21dae57bc904df,True,2025-01-29 22:37:35,USDC,599.94,False,True,,86568.0,True,False
0x51881a1cde5dbae15d02ae1824940b19768d8f2b,0xb596239e90e3ffa8780b4b78bff1a170b32441096599add02c8aa5c5d009ade9,2025-01-27 22:34:47,600000000.0,0xa0b86991c6218b36c1d19d4a2e9eb0ce3606eb48,,,,2025-01-28 22:34:47,0xb596239e90e3ffa8780b4b78bff1a170b32441096599add02c8aa5c5d009ade9,True,2025-01-28 22:37:23,USDC,599.94,False,True,,86556.0,True,False
0x51881a1cde5dbae15d02ae1824940b19768d8f2b,0x525af3e325ae113ec9e8f4899f8484f798c3b6eaedd80fdca4ce1a424618178d,2025-01-26 22:33:23,600000000.0,0xa0b86991c6218b36c1d19d4a2e9eb0ce3606eb48,,,,2025-01-27 22:33:23,0x525af3e325ae113ec9e8f4899f8484f798c3b6eaedd80fdca4ce1a424618178d,True,2025-01-27 22:34:47,USDC,599.94,False,True,,86484.0,True,False
0x51881a1cde5dbae15d02ae1824940b19768d8f2b,0x8ae9a84be140dbe9500dfdcac7d01998ce2543ad06dafb0f51b455910d79017b,2025-01-25 22:35:11,600000000.0,0xa0b86991c6218b36c1d19d4a2e9eb0ce3606eb48,,,,2025-01-26 22:35:11,0x8ae9a84be140dbe9500dfdcac7d01998ce2543ad06dafb0f51b455910d79017b,True,2025-01-26 22:37:23,USDC,599.94,False,True,,86532.0,True,False
0x51881a1cde5dbae15d02ae1824940b19768d8f2b,0xa65af46c60aa20ba8a8516a2423d3969f32bdada175d70f61e11e9396d349614,2025-01-24 22:34:47,600000000.0,0xa0b86991c6218b36c1d19d4a2e9eb0ce3606eb48,,,,2025-01-25 22:34:47,0xa65af46c60aa20ba8a8516a2423d3969f32bdada175d70f61e11e9396d349614,True,2025-01-25 22:35:11,USDC,599.94,False,True,,86424.0,True,False
0x51881a1cde5dbae15d02ae1824940b19768d8f2b,0xba175b798800982b84548977d7cac432f2378af851d91e0f09ba8ae256d2a25a,2025-01-23 22:34:23,600000000.0,0xa0b86991c6218b36c1d19d4a2e9eb0ce3606eb48,,,,2025-01-24 22:34:23,0xba175b798800982b84548977d7cac432f2378af851d91e0f09ba8ae256d2a25a,True,2025-01-24 22:34:47,USDC,599.94,False,True,,86424.0,True,False
0x51881a1cde5dbae15d02ae1824940b19768d8f2b,0x0e60c0400763baa45266b83b5dd810146dcf0d606e30380df351ae561297e8d1,2025-01-22 22:36:23,600000000.0,0xa0b86991c6218b36c1d19d4a2e9eb0ce3606eb48,,,,2025-01-23 22:36:23,0x0e60c0400763baa45266b83b5dd810146dcf0d606e30380df351ae561297e8d1,True,2025-01-23 22:37:23,USDC,599.94,False,True,,86460.0,True,False
0x51881a1cde5dbae15d02ae1824940b19768d8f2b,0x4551747517e1183a8872f90477c7d09fd5465cb47c4db08f7302bf9def0e06c2,2025-01-21 22:36:35,600000000.0,0xa0b86991c6218b36c1d19d4a2e9eb0ce3606eb48,,,,2025-01-22 22:36:35,0x4551747517e1183a8872f90477c7d09fd5465cb47c4db08f7302bf9def0e06c2,True,2025-01-22 22:37:23,USDC,599.94,False,True,,86448.0,True,False
0x51881a1cde5dbae15d02ae1824940b19768d8f2b,0x2d511d6bbd29154b45d047181bfa372ad466454997cc23f765d8a320b86cb2d1,2025-01-20 22:35:23,600000000.0,0xa0b86991c6218b36c1d19d4a2e9eb0ce3606eb48,,,,2025-01-21 22:35:23,0x2d511d6bbd29154b45d047181bfa372ad466454997cc23f765d8a320b86cb2d1,True,2025-01-21 22:36:35,USDC,599.94,False,True,,86472.0,True,False
0x51881a1cde5dbae15d02ae1824940b19768d8f2b,0x132d60b63578a454d3b4e39c09d8c523b99e694efc1c6cfd50636362a4175b33,2025-01-20 08:56:59,600000000.0,0xa0b86991c6218b36c1d19d4a2e9eb0ce3606eb48,,,,2025-01-21 08:56:59,0x132d60b63578a454d3b4e39c09d8c523b99e694efc1c6cfd50636362a4175b33,True,2025-01-21 08:57:23,USDC,599.94,False,True,,86424.0,True,False
0x51881a1cde5dbae15d02ae1824940b19768d8f2b,0x9b425662d521e568845608073eab5d7eab1cdda89b6eb56fbb0345d436964236,2025-01-18 22:34:35,600000000.0,0xa0b86991c6218b36c1d19d4a2e9eb0ce3606eb48,,,,2025-01-19 22:34:35,0x9b425662d521e568845608073eab5d7eab1cdda89b6eb56fbb0345d436964236,True,2025-01-19 22:37:23,USDC,599.94,False,True,,86568.0,True,False
0x51881a1cde5dbae15d02ae1824940b19768d8f2b,0xbbec5e1205aed83ccd3c16aa6aab97227a65ca741ce5653b39b5c652667a94fc,2025-01-17 22:35:35,600000000.0,0xa0b86991c6218b36c1d19d4a2e9eb0ce3606eb48,,,,2025-01-18 22:35:35,0xbbec5e1205aed83ccd3c16aa6aab97227a65ca741ce5653b39b5c652667a94fc,True,2025-01-18 22:37:23,USDC,599.94,False,True,,86508.0,True,False
0x51881a1cde5dbae15d02ae1824940b19768d8f2b,0x2021c8cc180bd70e8794c49a75b651fb7a8345599e2b7e2b9ae7933defe9a654,2025-01-16 22:35:35,600000000.0,0xa0b86991c6218b36c1d19d4a2e9eb0ce3606eb48,,,,2025-01-17 22:35:35,0x2021c8cc180bd70e8794c49a75b651fb7a8345599e2b7e2b9ae7933defe9a654,True,2025-01-17 22:37:35,USDC,599.94,False,True,,86520.0,True,False
0x51881a1cde5dbae15d02ae1824940b19768d8f2b,0x9b4b766a29dc7364a270d76b3d08ed87c715190bb524a948c83539df07eb2f79,2025-01-15 22:35:23,600000000.0,0xa0b86991c6218b36c1d19d4a2e9eb0ce3606eb48,,,,2025-01-16 22:35:23,0x9b4b766a29dc7364a270d76b3d08ed87c715190bb524a948c83539df07eb2f79,True,2025-01-16 22:35:35,USDC,599.94,False,True,,86412.0,True,False
0x51881a1cde5dbae15d02ae1824940b19768d8f2b,0x93feee324eaa1df3488e2cdd36dd96f58373145d112d66aa838f495131dc9d1f,2025-01-14 22:35:23,600000000.0,0xa0b86991c6218b36c1d19d4a2e9eb0ce3606eb48,,,,2025-01-15 22:35:23,0x93feee324eaa1df3488e2cdd36dd96f58373145d112d66aa838f495131dc9d1f,True,2025-01-15 22:37:35,USDC,599.94,False,True,,86532.0,True,False
0x51881a1cde5dbae15d02ae1824940b19768d8f2b,0x9a4aba2b84996b630be826cf52a1a42d586248e548443821befcb0da0ce41630,2025-01-13 22:34:47,600000000.0,0xa0b86991c6218b36c1d19d4a2e9eb0ce3606eb48,,,,2025-01-14 22:34:47,0x9a4aba2b84996b630be826cf52a1a42d586248e548443821befcb0da0ce41630,True,2025-01-14 22:35:23,USDC,599.94,False,True,,86436.0,True,False
0x51881a1cde5dbae15d02ae1824940b19768d8f2b,0x2f217a037d54fe307b07c5e565417d464a92811a3ebb136cf5d556aa73504764,2025-01-12 22:36:11,600000000.0,0xa0b86991c6218b36c1d19d4a2e9eb0ce3606eb48,,,,2025-01-13 22:36:11,0x2f217a037d54fe307b07c5e565417d464a92811a3ebb136cf5d556aa73504764,True,2025-01-13 22:37:47,USDC,599.94,False,True,,86496.0,True,False
0x51881a1cde5dbae15d02ae1824940b19768d8f2b,0xa1dc93af610a101eccf5ea8858a9d30096c17eab343d0318d05190357073229b,2025-01-11 22:35:59,600000000.0,0xa0b86991c6218b36c1d19d4a2e9eb0ce3606eb48,,,,2025-01-12 22:35:59,0xa1dc93af610a101eccf5ea8858a9d30096c17eab343d0318d05190357073229b,True,2025-01-12 22:36:11,USDC,599.94,False,True,,86412.0,True,False
0x33965f7d08f61a62b86c1ab9be5d82c42f4c3081,0x1f1fd6e5d3ab4f10e20ae4944f1b4a9362c88f96c582145deebae77e686c7452,2025-01-11 22:22:47,2e+18,0xc02aaa39b223fe8d0a0e5c4f27ead9083c756cc2,,,,2025-01-14 22:22:47,0x1f1fd6e5d3ab4f10e20ae4944f1b4a9362c88f96c582145deebae77e686c7452,True,2025-01-14 22:27:23,WETH,3689.3986,False,True,,259476.0,True,False
0x33965f7d08f61a62b86c1ab9be5d82c42f4c3081,0xfc0727f7c90d8e57ad840d0176ca4c261972e90e27959313467cb31493564831,2025-01-11 21:12:47,2e+18,0xc02aaa39b223fe8d0a0e5c4f27ead9083c756cc2,,,,2025-01-14 21:12:47,0xfc0727f7c90d8e57ad840d0176ca4c261972e90e27959313467cb31493564831,True,2025-01-14 21:17:35,WETH,3689.3986,False,True,,259488.0,True,False
0x51881a1cde5dbae15d02ae1824940b19768d8f2b,0x662e96ec6ba3292768af6cc8b3f13c1b199c83de91a7814db732bb5c530f9513,2025-01-10 22:36:59,600000000.0,0xa0b86991c6218b36c1d19d4a2e9eb0ce3606eb48,,,,2025-01-11 22:36:59,0x662e96ec6ba3292768af6cc8b3f13c1b199c83de91a7814db732bb5c530f9513,True,2025-01-11 22:37:59,USDC,599.94,False,True,,86460.0,True,False
0x51881a1cde5dbae15d02ae1824940b19768d8f2b,0x00734fa4ddc79c6a1ea43b2f1a6e3bc2c69d188199465f561556d928c6c2aa7f,2025-01-09 22:36:59,600000000.0,0xa0b86991c6218b36c1d19d4a2e9eb0ce3606eb48,,,,2025-01-10 22:36:59,0x00734fa4ddc79c6a1ea43b2f1a6e3bc2c69d188199465f561556d928c6c2aa7f,True,2025-01-10 22:37:23,USDC,599.94,False,True,,86424.0,True,False
0x51881a1cde5dbae15d02ae1824940b19768d8f2b,0x4b5ac9147a89eeb062391233f7f6bbf9b8ab85078ad7857d11356a3203f4a019,2025-01-08 22:36:35,600000000.0,0xa0b86991c6218b36c1d19d4a2e9eb0ce3606eb48,,,,2025-01-09 22:36:35,0x4b5ac9147a89eeb062391233f7f6bbf9b8ab85078ad7857d11356a3203f4a019,True,2025-01-09 22:36:59,USDC,599.94,False,True,,86424.0,True,False
0x51881a1cde5dbae15d02ae1824940b19768d8f2b,0x8cf3f46257685d26c2d38378982cb924c12a065d608081da752c472d5bddef8b,2025-01-07 22:36:59,600000000.0,0xa0b86991c6218b36c1d19d4a2e9eb0ce3606eb48,,,,2025-01-08 22:36:59,0x8cf3f46257685d26c2d38378982cb924c12a065d608081da752c472d5bddef8b,True,2025-01-08 22:37:23,USDC,599.94,False,True,,86424.0,True,False
0x51881a1cde5dbae15d02ae1824940b19768d8f2b,0x78dad454b354dc859e5b7a97059ab9b96acab18d810ddc3c0345273929158757,2025-01-06 22:37:11,600000000.0,0xa0b86991c6218b36c1d19d4a2e9eb0ce3606eb48,,,,2025-01-07 22:37:11,0x78dad454b354dc859e5b7a97059ab9b96acab18d810ddc3c0345273929158757,True,2025-01-07 22:37:35,USDC,599.94,False,True,,86424.0,True,False
0x51881a1cde5dbae15d02ae1824940b19768d8f2b,0x4c273070a45f14e4468e9f40d9fc0b2e0c6e1854b0741283d65dfc8a092fe17b,2025-01-05 22:35:47,600000000.0,0xa0b86991c6218b36c1d19d4a2e9eb0ce3606eb48,,,,2025-01-06 22:35:47,0x4c273070a45f14e4468e9f40d9fc0b2e0c6e1854b0741283d65dfc8a092fe17b,True,2025-01-06 22:37:11,USDC,599.94,False,True,,86484.0,True,False
0x51881a1cde5dbae15d02ae1824940b19768d8f2b,0x6932cf8a6f88244ab7dfc34c5e9d140acb937df76148eafc25b92a19d6a81c6c,2025-01-04 22:35:11,600000000.0,0xa0b86991c6218b36c1d19d4a2e9eb0ce3606eb48,,,,2025-01-05 22:35:11,0x6932cf8a6f88244ab7dfc34c5e9d140acb937df76148eafc25b92a19d6a81c6c,True,2025-01-05 22:35:47,USDC,599.94,False,True,,86436.0,True,False
0x51881a1cde5dbae15d02ae1824940b19768d8f2b,0x7a89f2aaba2f1a82fb42c7dfab8e85469ac7d16f564d97d2e71a79d391dd90aa,2025-01-03 22:36:11,600000000.0,0xa0b86991c6218b36c1d19d4a2e9eb0ce3606eb48,,,,2025-01-04 22:36:11,0x7a89f2aaba2f1a82fb42c7dfab8e85469ac7d16f564d97d2e71a79d391dd90aa,True,2025-01-04 22:37:23,USDC,599.94,False,True,,86472.0,True,False
0x51881a1cde5dbae15d02ae1824940b19768d8f2b,0x2d4856695c0fa7c02f4569d29378f4ea8c680c2b55e96bdeb518efdeedca6094,2025-01-02 22:36:59,600000000.0,0xa0b86991c6218b36c1d19d4a2e9eb0ce3606eb48,,,,2025-01-03 22:36:59,0x2d4856695c0fa7c02f4569d29378f4ea8c680c2b55e96bdeb518efdeedca6094,True,2025-01-03 22:37:23,USDC,599.94,False,True,,86424.0,True,False
0x51881a1cde5dbae15d02ae1824940b19768d8f2b,0x513a9bf5f0318c813fd27134b7ddc8c4ec673f9a42b092512a1234b99146fa19,2025-01-01 22:36:11,600000000.0,0xa0b86991c6218b36c1d19d4a2e9eb0ce3606eb48,,,,2025-01-02 22:36:11,0x513a9bf5f0318c813fd27134b7ddc8c4ec673f9a42b092512a1234b99146fa19,True,2025-01-02 22:36:59,USDC,599.94,False,True,,86448.0,True,False
0x51881a1cde5dbae15d02ae1824940b19768d8f2b,0xcfaf755030c5bf8d000f43a9ddde2bfa3fdbeaa71e94ac535766087b779a9383,2024-12-31 22:35:47,600000000.0,0xa0b86991c6218b36c1d19d4a2e9eb0ce3606eb48,,,,2025-01-01 22:35:47,0xcfaf755030c5bf8d000f43a9ddde2bfa3fdbeaa71e94ac535766087b779a9383,True,2025-01-01 22:36:11,USDC,599.94,False,True,,86424.0,True,False
0x51881a1cde5dbae15d02ae1824940b19768d8f2b,0x1d9dae663976650392fd7745ebc98f8749dbd46eac099deb91ae2b6eb80b6a82,2024-12-30 22:35:59,600000000.0,0xa0b86991c6218b36c1d19d4a2e9eb0ce3606eb48,,,,2024-12-31 22:35:59,0x1d9dae663976650392fd7745ebc98f8749dbd46eac099deb91ae2b6eb80b6a82,True,2024-12-31 22:37:35,USDC,599.94,False,True,,86496.0,True,False
0x51881a1cde5dbae15d02ae1824940b19768d8f2b,0xbdf8955ea0d3980fa134394ce9cc1fb4544482e40bfb800af12b9901b53f3c37,2024-12-29 22:35:47,600000000.0,0xa0b86991c6218b36c1d19d4a2e9eb0ce3606eb48,,,,2024-12-30 22:35:47,0xbdf8955ea0d3980fa134394ce9cc1fb4544482e40bfb800af12b9901b53f3c37,True,2024-12-30 22:35:59,USDC,599.94,False,True,,86412.0,True,False
0x51881a1cde5dbae15d02ae1824940b19768d8f2b,0x9838173d5ecad3d486d2f2e7dd1196443cdee94dcd908b453dc59263c8fd90b6,2024-12-28 22:35:35,600000000.0,0xa0b86991c6218b36c1d19d4a2e9eb0ce3606eb48,,,,2024-12-29 22:35:35,0x9838173d5ecad3d486d2f2e7dd1196443cdee94dcd908b453dc59263c8fd90b6,True,2024-12-29 22:35:47,USDC,599.94,False,True,,86412.0,True,False
0x51881a1cde5dbae15d02ae1824940b19768d8f2b,0x6ca1e7d99406f5dac2e129df46a64da4db1e9a12284211d1113e4be40f2043bd,2024-12-27 22:36:23,600000000.0,0xa0b86991c6218b36c1d19d4a2e9eb0ce3606eb48,,,,2024-12-28 22:36:23,0x6ca1e7d99406f5dac2e129df46a64da4db1e9a12284211d1113e4be40f2043bd,True,2024-12-28 22:37:35,USDC,599.94,False,True,,86472.0,True,False
0x51881a1cde5dbae15d02ae1824940b19768d8f2b,0xec6d60aaf100b4ec6f17038d9181195d6bb8dd12e649ba4bffc5cc92f3c1ae4d,2024-12-26 22:35:47,600000000.0,0xa0b86991c6218b36c1d19d4a2e9eb0ce3606eb48,,,,2024-12-27 22:35:47,0xec6d60aaf100b4ec6f17038d9181195d6bb8dd12e649ba4bffc5cc92f3c1ae4d,True,2024-12-27 22:36:23,USDC,599.94,False,True,,86436.0,True,False
0x33965f7d08f61a62b86c1ab9be5d82c42f4c3081,0xaf9cc40a05b14776bdda4a68059e13049e60b507b29bdf12003a784da643d821,2024-12-26 18:17:47,2e+18,0xc02aaa39b223fe8d0a0e5c4f27ead9083c756cc2,,,,2024-12-29 18:17:47,0xaf9cc40a05b14776bdda4a68059e13049e60b507b29bdf12003a784da643d821,True,2024-12-29 18:22:23,WETH,3689.3986,False,True,,259476.0,True,False
0x51881a1cde5dbae15d02ae1824940b19768d8f2b,0x6cbc23fba5267c11078f16068042a3b5b152cd0f505a32cce98b2af520ad343f,2024-12-25 22:35:47,600000000.0,0xa0b86991c6218b36c1d19d4a2e9eb0ce3606eb48,,,,2024-12-26 22:35:47,0x6cbc23fba5267c11078f16068042a3b5b152cd0f505a32cce98b2af520ad343f,True,2024-12-26 22:37:47,USDC,599.94,False,True,,86520.0,True,False
0x51881a1cde5dbae15d02ae1824940b19768d8f2b,0x34164867a77fd7eac7d3f58ff298e706944041638b62d1ed0f74411ba5b33d17,2024-12-24 22:35:35,600000000.0,0xa0b86991c6218b36c1d19d4a2e9eb0ce3606eb48,,,,2024-12-25 22:35:35,0x34164867a77fd7eac7d3f58ff298e706944041638b62d1ed0f74411ba5b33d17,True,2024-12-25 22:35:47,USDC,599.94,False,True,,86412.0,True,False
0x51881a1cde5dbae15d02ae1824940b19768d8f2b,0x4ece209974634c7efda7cd261b63b315a9adcfe6d81952857240745688f2aaec,2024-12-23 22:36:11,600000000.0,0xa0b86991c6218b36c1d19d4a2e9eb0ce3606eb48,,,,2024-12-24 22:36:11,0x4ece209974634c7efda7cd261b63b315a9adcfe6d81952857240745688f2aaec,True,2024-12-24 22:37:23,USDC,599.94,False,True,,86472.0,True,False
0x51881a1cde5dbae15d02ae1824940b19768d8f2b,0x0821eca9ba58250d171ad80b84533c3ae84faffdbb36bda89c74efb4ad9751da,2024-12-22 22:35:59,600000000.0,0xa0b86991c6218b36c1d19d4a2e9eb0ce3606eb48,,,,2024-12-23 22:35:59,0x0821eca9ba58250d171ad80b84533c3ae84faffdbb36bda89c74efb4ad9751da,True,2024-12-23 22:36:11,USDC,599.94,False,True,,86412.0,True,False
0x51881a1cde5dbae15d02ae1824940b19768d8f2b,0x5051cc59a006f6e43c71ecd52d8113ce94d636c7d0a0fda695f3ebfae7758eb4,2024-12-21 22:35:11,600000000.0,0xa0b86991c6218b36c1d19d4a2e9eb0ce3606eb48,,,,2024-12-22 22:35:11,0x5051cc59a006f6e43c71ecd52d8113ce94d636c7d0a0fda695f3ebfae7758eb4,True,2024-12-22 22:35:59,USDC,599.94,False,True,,86448.0,True,False
0x51881a1cde5dbae15d02ae1824940b19768d8f2b,0xa763f70b844c02665437ba28238019729480f319745f51d99f6d2d97384fd400,2024-12-20 22:35:59,600000000.0,0xa0b86991c6218b36c1d19d4a2e9eb0ce3606eb48,,,,2024-12-21 22:35:59,0xa763f70b844c02665437ba28238019729480f319745f51d99f6d2d97384fd400,True,2024-12-21 22:37:23,USDC,599.94,False,True,,86484.0,True,False
0x51881a1cde5dbae15d02ae1824940b19768d8f2b,0x0989b5db4b197056d71d7f171c591051264b386f78ad89c6473bc542c6c63a64,2024-12-19 22:36:35,600000000.0,0xa0b86991c6218b36c1d19d4a2e9eb0ce3606eb48,,,,2024-12-20 22:36:35,0x0989b5db4b197056d71d7f171c591051264b386f78ad89c6473bc542c6c63a64,True,2024-12-20 22:37:23,USDC,599.94,False,True,,86448.0,True,False
0x51881a1cde5dbae15d02ae1824940b19768d8f2b,0x268c2d71c29ed8a32548099a9cc14dc8c8cfe038b011ef80a1b1d8dc178d8470,2024-12-18 22:37:35,600000000.0,0xa0b86991c6218b36c1d19d4a2e9eb0ce3606eb48,,,,2024-12-19 22:37:35,0x268c2d71c29ed8a32548099a9cc14dc8c8cfe038b011ef80a1b1d8dc178d8470,True,2024-12-19 22:42:23,USDC,599.94,False,True,,86688.0,True,False
0x51881a1cde5dbae15d02ae1824940b19768d8f2b,0x0afebafd4da821acfb81182a2a01568d79c2146797ca8e98267b08c1b21a77b8,2024-12-17 22:37:11,600000000.0,0xa0b86991c6218b36c1d19d4a2e9eb0ce3606eb48,,,,2024-12-18 22:37:11,0x0afebafd4da821acfb81182a2a01568d79c2146797ca8e98267b08c1b21a77b8,True,2024-12-18 22:37:23,USDC,599.94,False,True,,86412.0,True,False
0x51881a1cde5dbae15d02ae1824940b19768d8f2b,0x0ac8e22d93c6b439a17542811d520531a4402e5326c891493410139f236281ba,2024-12-16 22:37:35,600000000.0,0xa0b86991c6218b36c1d19d4a2e9eb0ce3606eb48,,,,2024-12-17 22:37:35,0x0ac8e22d93c6b439a17542811d520531a4402e5326c891493410139f236281ba,True,2024-12-17 22:42:23,USDC,599.94,False,True,,86688.0,True,False
0x51881a1cde5dbae15d02ae1824940b19768d8f2b,0xf0f75e38d61b9a5d503261d461ec4f8061bd0d321b1eb56ab58d879cafec760f,2024-12-15 22:37:11,600000000.0,0xa0b86991c6218b36c1d19d4a2e9eb0ce3606eb48,,,,2024-12-16 22:37:11,0xf0f75e38d61b9a5d503261d461ec4f8061bd0d321b1eb56ab58d879cafec760f,True,2024-12-16 22:37:23,USDC,599.94,False,True,,86412.0,True,False
0x51881a1cde5dbae15d02ae1824940b19768d8f2b,0x3005a73cc134b5530f52adb35ac67d30692da506d49a511f1f12b1fe86657d74,2024-12-14 22:37:23,600000000.0,0xa0b86991c6218b36c1d19d4a2e9eb0ce3606eb48,,,,2024-12-15 22:37:23,0x3005a73cc134b5530f52adb35ac67d30692da506d49a511f1f12b1fe86657d74,True,2024-12-15 22:42:23,USDC,599.94,False,True,,86700.0,True,False
0x51881a1cde5dbae15d02ae1824940b19768d8f2b,0xf67664fbbb70456f000e605af40dea02fa60cf62e8cadafdf42caa56d9e32c8f,2024-12-13 22:37:59,600000000.0,0xa0b86991c6218b36c1d19d4a2e9eb0ce3606eb48,,,,2024-12-14 22:37:59,0xf67664fbbb70456f000e605af40dea02fa60cf62e8cadafdf42caa56d9e32c8f,True,2024-12-14 22:42:35,USDC,599.94,False,True,,86676.0,True,False
0x51881a1cde5dbae15d02ae1824940b19768d8f2b,0x892674773fe4461ef3d9ea3f8b5af316173303f6dccb7d034141be1ddbb09b9e,2024-12-12 22:38:11,600000000.0,0xa0b86991c6218b36c1d19d4a2e9eb0ce3606eb48,,,,2024-12-13 22:38:11,0x892674773fe4461ef3d9ea3f8b5af316173303f6dccb7d034141be1ddbb09b9e,True,2024-12-13 22:42:35,USDC,599.94,False,True,,86664.0,True,False
0x33965f7d08f61a62b86c1ab9be5d82c42f4c3081,0x351b92b095f9bc2004b79af2882478fde9f4769b25309f3cd727dfc220423a45,2024-12-12 19:12:35,2e+18,0xc02aaa39b223fe8d0a0e5c4f27ead9083c756cc2,,,,2024-12-14 19:12:35,0x351b92b095f9bc2004b79af2882478fde9f4769b25309f3cd727dfc220423a45,True,2024-12-14 19:17:23,WETH,3689.3986,False,True,,173088.0,True,False
0x51881a1cde5dbae15d02ae1824940b19768d8f2b,0x4f62be0ca5bc58d42f345f72caf6fd9c8559b56cc3353c8bbbfd1c67aa386569,2024-12-11 22:38:23,600000000.0,0xa0b86991c6218b36c1d19d4a2e9eb0ce3606eb48,,,,2024-12-12 22:38:23,0x4f62be0ca5bc58d42f345f72caf6fd9c8559b56cc3353c8bbbfd1c67aa386569,True,2024-12-12 22:42:35,USDC,599.94,False,True,,86652.0,True,False
0x33965f7d08f61a62b86c1ab9be5d82c42f4c3081,0x2f1219495ac8cec57ec4bf5e6d7f7f07471969b06481c314b3c167580f53ab70,2024-12-11 09:42:47,2e+18,0xc02aaa39b223fe8d0a0e5c4f27ead9083c756cc2,,,,2024-12-13 09:42:47,0x2f1219495ac8cec57ec4bf5e6d7f7f07471969b06481c314b3c167580f53ab70,True,2024-12-13 09:47:47,WETH,3689.3986,False,True,,173100.0,True,False
0x51881a1cde5dbae15d02ae1824940b19768d8f2b,0xe46fbdd52f38a11615c7159749b0bb41048bf44966310081ed90ab60b856320f,2024-12-10 22:38:35,600000000.0,0xa0b86991c6218b36c1d19d4a2e9eb0ce3606eb48,,,,2024-12-11 22:38:35,0xe46fbdd52f38a11615c7159749b0bb41048bf44966310081ed90ab60b856320f,True,2024-12-11 22:42:35,USDC,599.94,False,True,,86640.0,True,False
0x51881a1cde5dbae15d02ae1824940b19768d8f2b,0x44d2b3323fc3a11bcbce9f70896cb671b46cfc9fa2739c0d8034e36b1793d8be,2024-12-09 22:38:47,600000000.0,0xa0b86991c6218b36c1d19d4a2e9eb0ce3606eb48,,,,2024-12-10 22:38:47,0x44d2b3323fc3a11bcbce9f70896cb671b46cfc9fa2739c0d8034e36b1793d8be,True,2024-12-10 22:43:11,USDC,599.94,False,True,,86664.0,True,False
0x51881a1cde5dbae15d02ae1824940b19768d8f2b,0x3591016af4cfe9d98f8153ec046bf153f734d56a780292fc9667d21c3555268e,2024-12-08 22:36:59,600000000.0,0xa0b86991c6218b36c1d19d4a2e9eb0ce3606eb48,,,,2024-12-09 22:36:59,0x3591016af4cfe9d98f8153ec046bf153f734d56a780292fc9667d21c3555268e,True,2024-12-09 22:37:47,USDC,599.94,False,True,,86448.0,True,False
0x51881a1cde5dbae15d02ae1824940b19768d8f2b,0xa585c264da9709dec70b1f31cd6bd0eb6ba91832507c00cf00f95094939f8e4c,2024-12-07 22:37:47,600000000.0,0xa0b86991c6218b36c1d19d4a2e9eb0ce3606eb48,,,,2024-12-08 22:37:47,0xa585c264da9709dec70b1f31cd6bd0eb6ba91832507c00cf00f95094939f8e4c,True,2024-12-08 22:42:35,USDC,599.94,False,True,,86688.0,True,False
0x51881a1cde5dbae15d02ae1824940b19768d8f2b,0x2357a14a2ee3737e2518f09902f6d171a9c744c23e444d6436e3681fb9879e0c,2024-12-06 22:38:35,600000000.0,0xa0b86991c6218b36c1d19d4a2e9eb0ce3606eb48,,,,2024-12-07 22:38:35,0x2357a14a2ee3737e2518f09902f6d171a9c744c23e444d6436e3681fb9879e0c,True,2024-12-07 22:42:47,USDC,599.94,False,True,,86652.0,True,False
0x33965f7d08f61a62b86c1ab9be5d82c42f4c3081,0x7f7e861fc6771d70e56afc451b2965ce1326d4f56c78f9e892838b46967eeaf7,2024-12-06 15:12:47,2e+18,0xc02aaa39b223fe8d0a0e5c4f27ead9083c756cc2,,,,2024-12-08 15:12:47,0x7f7e861fc6771d70e56afc451b2965ce1326d4f56c78f9e892838b46967eeaf7,True,2024-12-08 15:17:35,WETH,3689.3986,False,True,,173088.0,True,False
0x33965f7d08f61a62b86c1ab9be5d82c42f4c3081,0x1671e1e59febc080fad0bd14f660f9d0307304483ba26d6ad68e5f7fa68e9ab5,2024-12-06 12:47:47,2e+18,0xc02aaa39b223fe8d0a0e5c4f27ead9083c756cc2,,,,2024-12-08 12:47:47,0x1671e1e59febc080fad0bd14f660f9d0307304483ba26d6ad68e5f7fa68e9ab5,True,2024-12-08 12:52:35,WETH,3689.3986,False,True,,173088.0,True,False
0x51881a1cde5dbae15d02ae1824940b19768d8f2b,0xd6613bb9b583e21f938768ac015c9bbdbd3091f298561c9bc2c9e948e8a34fb0,2024-12-05 22:37:59,600000000.0,0xa0b86991c6218b36c1d19d4a2e9eb0ce3606eb48,,,,2024-12-06 22:37:59,0xd6613bb9b583e21f938768ac015c9bbdbd3091f298561c9bc2c9e948e8a34fb0,True,2024-12-06 22:38:35,USDC,599.94,False,True,,86436.0,True,False
0x51881a1cde5dbae15d02ae1824940b19768d8f2b,0xcfced035eccd241af1aaf6342f969b39270994cc3dbc34ce3f09fb53d3b41a7b,2024-12-04 22:38:59,600000000.0,0xa0b86991c6218b36c1d19d4a2e9eb0ce3606eb48,,,,2024-12-05 22:38:59,0xcfced035eccd241af1aaf6342f969b39270994cc3dbc34ce3f09fb53d3b41a7b,True,2024-12-05 22:42:35,USDC,599.94,False,True,,86616.0,True,False
0x51881a1cde5dbae15d02ae1824940b19768d8f2b,0xee51b7c44cbeb2906084185d5bb5b1084c7c82b794692154f891630e72f87107,2024-12-03 22:37:59,600000000.0,0xa0b86991c6218b36c1d19d4a2e9eb0ce3606eb48,,,,2024-12-04 22:37:59,0xee51b7c44cbeb2906084185d5bb5b1084c7c82b794692154f891630e72f87107,True,2024-12-04 22:38:59,USDC,599.94,False,True,,86460.0,True,False
0x51881a1cde5dbae15d02ae1824940b19768d8f2b,0x69fbd935c978677afe685053304d21677ca2e32d78d9f71e4d52fc5082f39fa7,2024-12-02 22:37:59,600000000.0,0xa0b86991c6218b36c1d19d4a2e9eb0ce3606eb48,,,,2024-12-03 22:37:59,0x69fbd935c978677afe685053304d21677ca2e32d78d9f71e4d52fc5082f39fa7,True,2024-12-03 22:42:35,USDC,599.94,False,True,,86676.0,True,False
0x51881a1cde5dbae15d02ae1824940b19768d8f2b,0x60a9ff7512ec8709dc0554a37d4d5eca4f7a02df15f61da42fac679067cd5bc5,2024-12-01 22:37:11,600000000.0,0xa0b86991c6218b36c1d19d4a2e9eb0ce3606eb48,,,,2024-12-02 22:37:11,0x60a9ff7512ec8709dc0554a37d4d5eca4f7a02df15f61da42fac679067cd5bc5,True,2024-12-02 22:37:35,USDC,599.94,False,True,,86424.0,True,False
0x51881a1cde5dbae15d02ae1824940b19768d8f2b,0xf053bf9e043da50972dd9446c659ccd0e1707cca00b4fff8a88f381430b5d60e,2024-11-30 22:36:59,600000000.0,0xa0b86991c6218b36c1d19d4a2e9eb0ce3606eb48,,,,2024-12-01 22:36:59,0xf053bf9e043da50972dd9446c659ccd0e1707cca00b4fff8a88f381430b5d60e,True,2024-12-01 22:37:11,USDC,599.94,False,True,,86412.0,True,False
0x51881a1cde5dbae15d02ae1824940b19768d8f2b,0x48129a05a717441e907c7f2b4612754f1c54fb613f031c6d61ad7f0514f2a1db,2024-11-29 22:37:23,600000000.0,0xa0b86991c6218b36c1d19d4a2e9eb0ce3606eb48,,,,2024-11-30 22:37:23,0x48129a05a717441e907c7f2b4612754f1c54fb613f031c6d61ad7f0514f2a1db,True,2024-11-30 22:42:23,USDC,599.94,False,True,,86700.0,True,False
0x51881a1cde5dbae15d02ae1824940b19768d8f2b,0x521b3a3162f45df5ee3e20ba5d8924391bba3750b8f700d6ef83670964aa475e,2024-11-28 22:38:11,600000000.0,0xa0b86991c6218b36c1d19d4a2e9eb0ce3606eb48,,,,2024-11-29 22:38:11,0x521b3a3162f45df5ee3e20ba5d8924391bba3750b8f700d6ef83670964aa475e,True,2024-11-29 22:42:23,USDC,599.94,False,True,,86652.0,True,False
0x51881a1cde5dbae15d02ae1824940b19768d8f2b,0x185ee41fbaad7c0c02e4c3a358a1957d0c8f2f95f500f0ccdc74e3bf97cce7c5,2024-11-27 22:37:47,600000000.0,0xa0b86991c6218b36c1d19d4a2e9eb0ce3606eb48,,,,2024-11-28 22:37:47,0x185ee41fbaad7c0c02e4c3a358a1957d0c8f2f95f500f0ccdc74e3bf97cce7c5,True,2024-11-28 22:38:11,USDC,599.94,False,True,,86424.0,True,False
0x51881a1cde5dbae15d02ae1824940b19768d8f2b,0xbf91d5bd737ffefd14c9f259212f6fba2ebf19438c597a89668485e3ea707f36,2024-11-26 22:37:59,600000000.0,0xa0b86991c6218b36c1d19d4a2e9eb0ce3606eb48,,,,2024-11-27 22:37:59,0xbf91d5bd737ffefd14c9f259212f6fba2ebf19438c597a89668485e3ea707f36,True,2024-11-27 22:42:23,USDC,599.94,False,True,,86664.0,True,False
0x51881a1cde5dbae15d02ae1824940b19768d8f2b,0xcacb85c36186c1620560306c3f9e93713f0d9ecd4aa87fd813d7db53c8911c2e,2024-11-25 22:36:47,600000000.0,0xa0b86991c6218b36c1d19d4a2e9eb0ce3606eb48,,,,2024-11-26 22:36:47,0xcacb85c36186c1620560306c3f9e93713f0d9ecd4aa87fd813d7db53c8911c2e,True,2024-11-26 22:37:23,USDC,599.94,False,True,,86436.0,True,False
0x51881a1cde5dbae15d02ae1824940b19768d8f2b,0x56b3a76bea60127de73c6f40e17bbab473b0006f58d453247da14e0a0684f5ee,2024-11-24 22:37:23,600000000.0,0xa0b86991c6218b36c1d19d4a2e9eb0ce3606eb48,,,,2024-11-25 22:37:23,0x56b3a76bea60127de73c6f40e17bbab473b0006f58d453247da14e0a0684f5ee,True,2024-11-25 22:38:59,USDC,599.94,False,True,,86496.0,True,False
0x51881a1cde5dbae15d02ae1824940b19768d8f2b,0x4c4b8c939722f5b6174d037ea7441dc6c42ff06a3d1b34eca586100ead305b1d,2024-11-23 22:37:23,600000000.0,0xa0b86991c6218b36c1d19d4a2e9eb0ce3606eb48,,,,2024-11-24 22:37:23,0x4c4b8c939722f5b6174d037ea7441dc6c42ff06a3d1b34eca586100ead305b1d,True,2024-11-24 22:37:35,USDC,599.94,False,True,,86412.0,True,False
0x51881a1cde5dbae15d02ae1824940b19768d8f2b,0xca182367ace004f2431243e1a28ff6f44691c181b9cc48fb2560d025196855e3,2024-11-22 22:37:35,600000000.0,0xa0b86991c6218b36c1d19d4a2e9eb0ce3606eb48,,,,2024-11-23 22:37:35,0xca182367ace004f2431243e1a28ff6f44691c181b9cc48fb2560d025196855e3,True,2024-11-23 22:42:35,USDC,599.94,False,True,,86700.0,True,False
0x33965f7d08f61a62b86c1ab9be5d82c42f4c3081,0x1e5f3f7ca6c72e56e39eae7916e14ad90153c2ca65f6a426d395b7a2f514bcbd,2024-11-22 22:17:47,2e+18,0xc02aaa39b223fe8d0a0e5c4f27ead9083c756cc2,,,,2024-11-25 22:17:47,0x1e5f3f7ca6c72e56e39eae7916e14ad90153c2ca65f6a426d395b7a2f514bcbd,True,2024-11-25 22:21:23,WETH,3689.3986,False,True,,259416.0,True,False
0x51881a1cde5dbae15d02ae1824940b19768d8f2b,0x108836b070c1484d271ab707619421111ad9522939da1bf2448cf73c56384014,2024-11-21 22:38:11,600000000.0,0xa0b86991c6218b36c1d19d4a2e9eb0ce3606eb48,,,,2024-11-22 22:38:11,0x108836b070c1484d271ab707619421111ad9522939da1bf2448cf73c56384014,True,2024-11-22 22:42:35,USDC,599.94,False,True,,86664.0,True,False
0x51881a1cde5dbae15d02ae1824940b19768d8f2b,0xa24f379b8b37168dbc3610b0ca058895d587d2e77791863acccb8ce2d0296dc8,2024-11-20 22:37:35,600000000.0,0xa0b86991c6218b36c1d19d4a2e9eb0ce3606eb48,,,,2024-11-21 22:37:35,0xa24f379b8b37168dbc3610b0ca058895d587d2e77791863acccb8ce2d0296dc8,True,2024-11-21 22:38:11,USDC,599.94,False,True,,86436.0,True,False
0x51881a1cde5dbae15d02ae1824940b19768d8f2b,0x94d784d208505787b208edab513c57ef94d010a8cb1badf2c48c6c8c242343a4,2024-11-19 22:37:59,600000000.0,0xa0b86991c6218b36c1d19d4a2e9eb0ce3606eb48,,,,2024-11-20 22:37:59,0x94d784d208505787b208edab513c57ef94d010a8cb1badf2c48c6c8c242343a4,True,2024-11-20 22:42:23,USDC,599.94,False,True,,86664.0,True,False
0x51881a1cde5dbae15d02ae1824940b19768d8f2b,0x62e4f871e18a9bbfe25d75f55abed91dc6e2a5976cb2279c2ad4f96bf531a752,2024-11-18 22:38:11,600000000.0,0xa0b86991c6218b36c1d19d4a2e9eb0ce3606eb48,,,,2024-11-19 22:38:11,0x62e4f871e18a9bbfe25d75f55abed91dc6e2a5976cb2279c2ad4f96bf531a752,True,2024-11-19 22:42:23,USDC,599.94,False,True,,86652.0,True,False
0x51881a1cde5dbae15d02ae1824940b19768d8f2b,0x1f2d17ae575f8de150cec84bb3b2e8763698f91d168344943ba60822e5a1218b,2024-11-17 22:37:11,600000000.0,0xa0b86991c6218b36c1d19d4a2e9eb0ce3606eb48,,,,2024-11-18 22:37:11,0x1f2d17ae575f8de150cec84bb3b2e8763698f91d168344943ba60822e5a1218b,True,2024-11-18 22:37:35,USDC,599.94,False,True,,86424.0,True,False
0x51881a1cde5dbae15d02ae1824940b19768d8f2b,0x82d90cddfce03869910c643e507bb7e6715d615af3856d8e11dd129fe2518ce7,2024-11-16 22:36:23,600000000.0,0xa0b86991c6218b36c1d19d4a2e9eb0ce3606eb48,,,,2024-11-17 22:36:23,0x82d90cddfce03869910c643e507bb7e6715d615af3856d8e11dd129fe2518ce7,True,2024-11-17 22:37:11,USDC,599.94,False,True,,86448.0,True,False
0x51881a1cde5dbae15d02ae1824940b19768d8f2b,0x2b407f0625c1883af7a406ea00605771d234fe9f47b47da82f906e299b7ee65f,2024-11-15 22:39:11,600000000.0,0xa0b86991c6218b36c1d19d4a2e9eb0ce3606eb48,,,,2024-11-16 22:39:11,0x2b407f0625c1883af7a406ea00605771d234fe9f47b47da82f906e299b7ee65f,True,2024-11-16 22:42:35,USDC,599.94,False,True,,86604.0,True,False
0x51881a1cde5dbae15d02ae1824940b19768d8f2b,0xe318d1dc6c86593d12a3e567126dab5ebb7419d3e9d5eff2f61abf5a4983eda7,2024-11-14 22:37:59,600000000.0,0xa0b86991c6218b36c1d19d4a2e9eb0ce3606eb48,,,,2024-11-15 22:37:59,0xe318d1dc6c86593d12a3e567126dab5ebb7419d3e9d5eff2f61abf5a4983eda7,True,2024-11-15 22:39:11,USDC,599.94,False,True,,86472.0,True,False
0x51881a1cde5dbae15d02ae1824940b19768d8f2b,0x79855dedaf01027739f5f4483b4596fe13c75b3a0eda182acb9930a909418862,2024-11-13 22:36:35,600000000.0,0xa0b86991c6218b36c1d19d4a2e9eb0ce3606eb48,,,,2024-11-14 22:36:35,0x79855dedaf01027739f5f4483b4596fe13c75b3a0eda182acb9930a909418862,True,2024-11-14 22:37:59,USDC,599.94,False,True,,86484.0,True,False
0x51881a1cde5dbae15d02ae1824940b19768d8f2b,0xe1c487e84feaea4fe11c718f09440b8ecfa5db2d9fb17f38df99f228dfcd0895,2024-11-12 22:37:23,600000000.0,0xa0b86991c6218b36c1d19d4a2e9eb0ce3606eb48,,,,2024-11-13 22:37:23,0xe1c487e84feaea4fe11c718f09440b8ecfa5db2d9fb17f38df99f228dfcd0895,True,2024-11-13 22:42:35,USDC,599.94,False,True,,86712.0,True,False
0x51881a1cde5dbae15d02ae1824940b19768d8f2b,0x92d25b0221eb5e6cf48187e01891ce2dae0b8e91fdb56fe0b5c1c5f7283d5104,2024-11-11 22:36:11,600000000.0,0xa0b86991c6218b36c1d19d4a2e9eb0ce3606eb48,,,,2024-11-12 22:36:11,0x92d25b0221eb5e6cf48187e01891ce2dae0b8e91fdb56fe0b5c1c5f7283d5104,True,2024-11-12 22:37:23,USDC,599.94,False,True,,86472.0,True,False
0x51881a1cde5dbae15d02ae1824940b19768d8f2b,0xc69f7de29479e57d102e206dfc59a4b42580c33995f7dd3b39cea04ede3f7715,2024-11-10 22:35:35,600000000.0,0xa0b86991c6218b36c1d19d4a2e9eb0ce3606eb48,,,,2024-11-11 22:35:35,0xc69f7de29479e57d102e206dfc59a4b42580c33995f7dd3b39cea04ede3f7715,True,2024-11-11 22:36:11,USDC,599.94,False,True,,86436.0,True,False
0x51881a1cde5dbae15d02ae1824940b19768d8f2b,0x9b097deb2b5b7547e9a041b4487400113dc16b5c274651ada30888a33843de57,2024-11-09 22:35:23,600000000.0,0xa0b86991c6218b36c1d19d4a2e9eb0ce3606eb48,,,,2024-11-10 22:35:23,0x9b097deb2b5b7547e9a041b4487400113dc16b5c274651ada30888a33843de57,True,2024-11-10 22:35:35,USDC,599.94,False,True,,86412.0,True,False
0x51881a1cde5dbae15d02ae1824940b19768d8f2b,0x2132db2ef7d0d94a18493fad40d98807a587e5ff2b713c813ed0de40bfcd902d,2024-11-08 22:36:23,600000000.0,0xa0b86991c6218b36c1d19d4a2e9eb0ce3606eb48,,,,2024-11-09 22:36:23,0x2132db2ef7d0d94a18493fad40d98807a587e5ff2b713c813ed0de40bfcd902d,True,2024-11-09 22:37:23,USDC,599.94,False,True,,86460.0,True,False
0x51881a1cde5dbae15d02ae1824940b19768d8f2b,0x7a93ad0dbcf40685e2d82ef7126245c58fc08cd11d3025f0aea733fa2e28bef6,2024-11-07 22:36:23,600000000.0,0xa0b86991c6218b36c1d19d4a2e9eb0ce3606eb48,,,,2024-11-08 22:36:23,0x7a93ad0dbcf40685e2d82ef7126245c58fc08cd11d3025f0aea733fa2e28bef6,True,2024-11-08 22:37:35,USDC,599.94,False,True,,86472.0,True,False
0x51881a1cde5dbae15d02ae1824940b19768d8f2b,0xed948ae844c08a34bd5938cd933bf6b73317c474ef5ec4b16be4a77f26c77ad6,2024-11-06 22:36:59,600000000.0,0xa0b86991c6218b36c1d19d4a2e9eb0ce3606eb48,,,,2024-11-07 22:36:59,0xed948ae844c08a34bd5938cd933bf6b73317c474ef5ec4b16be4a77f26c77ad6,True,2024-11-07 22:37:35,USDC,599.94,False,True,,86436.0,True,False
0x51881a1cde5dbae15d02ae1824940b19768d8f2b,0x5bfbc763ac65d9c1a5bf86d3be85ae3cacf8ca6c2499dba75f7e7b57af47e40c,2024-11-05 22:36:59,600000000.0,0xa0b86991c6218b36c1d19d4a2e9eb0ce3606eb48,,,,2024-11-06 22:36:59,0x5bfbc763ac65d9c1a5bf86d3be85ae3cacf8ca6c2499dba75f7e7b57af47e40c,True,2024-11-06 22:37:23,USDC,599.94,False,True,,86424.0,True,False
0x51881a1cde5dbae15d02ae1824940b19768d8f2b,0x86a8a19ca6198136d91ecec3eaebf9c83c29477c55e4cb7cf441af848499c9f7,2024-11-04 22:34:47,600000000.0,0xa0b86991c6218b36c1d19d4a2e9eb0ce3606eb48,,,,2024-11-05 22:34:47,0x86a8a19ca6198136d91ecec3eaebf9c83c29477c55e4cb7cf441af848499c9f7,True,2024-11-05 22:36:59,USDC,599.94,False,True,,86532.0,True,False
0x51881a1cde5dbae15d02ae1824940b19768d8f2b,0x05efcdef3c66aae47528bf1ed184cfca2fdd2fb3e76d0ebb01f452bc337bdfba,2024-11-03 22:36:47,600000000.0,0xa0b86991c6218b36c1d19d4a2e9eb0ce3606eb48,,,,2024-11-04 22:36:47,0x05efcdef3c66aae47528bf1ed184cfca2fdd2fb3e76d0ebb01f452bc337bdfba,True,2024-11-04 22:37:35,USDC,599.94,False,True,,86448.0,True,False
0x33965f7d08f61a62b86c1ab9be5d82c42f4c3081,0x28a50ebd35ec7e6911d1eeff7e8805a01bd8a2e04dcde3037031f9b319251cd1,2024-11-03 00:27:47,2e+18,0xc02aaa39b223fe8d0a0e5c4f27ead9083c756cc2,,,,2024-11-06 00:27:47,0x28a50ebd35ec7e6911d1eeff7e8805a01bd8a2e04dcde3037031f9b319251cd1,True,2024-11-06 00:32:35,WETH,3689.3986,False,True,,259488.0,True,False
0x51881a1cde5dbae15d02ae1824940b19768d8f2b,0xe647afaa51265cb91c4be61e91f80aa6544a7e334b27fe361f54948bc3f30f80,2024-11-02 22:36:35,600000000.0,0xa0b86991c6218b36c1d19d4a2e9eb0ce3606eb48,,,,2024-11-03 22:36:35,0xe647afaa51265cb91c4be61e91f80aa6544a7e334b27fe361f54948bc3f30f80,True,2024-11-03 22:36:47,USDC,599.94,False,True,,86412.0,True,False
0x51881a1cde5dbae15d02ae1824940b19768d8f2b,0x418b0c1c841f3d213c79b26db9578ada7e92390fbad9925c7d3f992234e189c0,2024-11-01 22:36:59,600000000.0,0xa0b86991c6218b36c1d19d4a2e9eb0ce3606eb48,,,,2024-11-02 22:36:59,0x418b0c1c841f3d213c79b26db9578ada7e92390fbad9925c7d3f992234e189c0,True,2024-11-02 22:37:35,USDC,599.94,False,True,,86436.0,True,False
0x51881a1cde5dbae15d02ae1824940b19768d8f2b,0xa3f46b4b3944f52facec27e944d78ee45c8169d4532a776542d59e8fed083c9e,2024-10-31 22:36:59,600000000.0,0xa0b86991c6218b36c1d19d4a2e9eb0ce3606eb48,,,,2024-11-01 22:36:59,0xa3f46b4b3944f52facec27e944d78ee45c8169d4532a776542d59e8fed083c9e,True,2024-11-01 22:37:23,USDC,599.94,False,True,,86424.0,True,False
0x51881a1cde5dbae15d02ae1824940b19768d8f2b,0x1137ab5d5f75ba782d4e1a90eb466280d0d31ba1af126f699ba13162519d5ab5,2024-10-30 22:36:59,600000000.0,0xa0b86991c6218b36c1d19d4a2e9eb0ce3606eb48,,,,2024-10-31 22:36:59,0x1137ab5d5f75ba782d4e1a90eb466280d0d31ba1af126f699ba13162519d5ab5,True,2024-10-31 22:37:23,USDC,599.94,False,True,,86424.0,True,False
0x51881a1cde5dbae15d02ae1824940b19768d8f2b,0x4d39d4feb7d095b0e258d6ec44bef018601e6d4810cf473d741ded1e2b95c34d,2024-10-29 22:37:35,600000000.0,0xa0b86991c6218b36c1d19d4a2e9eb0ce3606eb48,,,,2024-10-30 22:37:35,0x4d39d4feb7d095b0e258d6ec44bef018601e6d4810cf473d741ded1e2b95c34d,True,2024-10-30 22:42:23,USDC,599.94,False,True,,86688.0,True,False
0x51881a1cde5dbae15d02ae1824940b19768d8f2b,0x32babc8fd1368562124eec020f07ba66de8d9acad1a445e6392e0943fcfe35bd,2024-10-28 22:37:11,600000000.0,0xa0b86991c6218b36c1d19d4a2e9eb0ce3606eb48,,,,2024-10-29 22:37:11,0x32babc8fd1368562124eec020f07ba66de8d9acad1a445e6392e0943fcfe35bd,True,2024-10-29 22:37:35,USDC,599.94,False,True,,86424.0,True,False
0x33965f7d08f61a62b86c1ab9be5d82c42f4c3081,0x3e14ba19cbaa07079a236ae1146b8d684c08c54e225bbea8a4124443d1acfab8,2024-10-28 19:43:23,2e+18,0xc02aaa39b223fe8d0a0e5c4f27ead9083c756cc2,,,,2024-10-30 19:43:23,0x3e14ba19cbaa07079a236ae1146b8d684c08c54e225bbea8a4124443d1acfab8,True,2024-10-30 19:47:23,WETH,3689.3986,False,True,,173040.0,True,False
0x51881a1cde5dbae15d02ae1824940b19768d8f2b,0xe789e590f3debaafb1ea62ffe6d6e86fcbd57618e46708312586886c290779cf,2024-10-27 22:36:35,600000000.0,0xa0b86991c6218b36c1d19d4a2e9eb0ce3606eb48,,,,2024-10-28 22:36:35,0xe789e590f3debaafb1ea62ffe6d6e86fcbd57618e46708312586886c290779cf,True,2024-10-28 22:37:11,USDC,599.94,False,True,,86436.0,True,False
0x51881a1cde5dbae15d02ae1824940b19768d8f2b,0x2a1573ab34c89090ca8acc3666a04a09a69b0cd2f2b0743f6cb748edcbf80955,2024-10-26 22:36:23,600000000.0,0xa0b86991c6218b36c1d19d4a2e9eb0ce3606eb48,,,,2024-10-27 22:36:23,0x2a1573ab34c89090ca8acc3666a04a09a69b0cd2f2b0743f6cb748edcbf80955,True,2024-10-27 22:36:35,USDC,599.94,False,True,,86412.0,True,False
0x51881a1cde5dbae15d02ae1824940b19768d8f2b,0xf12a785ed9dd2619f9085107099ffe93c9bcd9d550355d0e214b4b77447daf1b,2024-10-25 22:37:23,600000000.0,0xa0b86991c6218b36c1d19d4a2e9eb0ce3606eb48,,,,2024-10-26 22:37:23,0xf12a785ed9dd2619f9085107099ffe93c9bcd9d550355d0e214b4b77447daf1b,True,2024-10-26 22:42:23,USDC,599.94,False,True,,86700.0,True,False
0x51881a1cde5dbae15d02ae1824940b19768d8f2b,0x108449b53580e1de0e8a781924ff441ac415d416aa05c36f115e11e16e20b02b,2024-10-24 22:36:35,600000000.0,0xa0b86991c6218b36c1d19d4a2e9eb0ce3606eb48,,,,2024-10-25 22:36:35,0x108449b53580e1de0e8a781924ff441ac415d416aa05c36f115e11e16e20b02b,True,2024-10-25 22:37:23,USDC,599.94,False,True,,86448.0,True,False
0x51881a1cde5dbae15d02ae1824940b19768d8f2b,0xdfcad6bbaaf95047330fdcbcb5b833a2d00afc7d15b75df3ab89323dd1a897b1,2024-10-23 22:37:11,600000000.0,0xa0b86991c6218b36c1d19d4a2e9eb0ce3606eb48,,,,2024-10-24 22:37:11,0xdfcad6bbaaf95047330fdcbcb5b833a2d00afc7d15b75df3ab89323dd1a897b1,True,2024-10-24 22:37:35,USDC,599.94,False,True,,86424.0,True,False
0x51881a1cde5dbae15d02ae1824940b19768d8f2b,0x842d3d45b36dfcfa9b702e1030a1113f3695a39f9ed547001fc4520121e3b355,2024-10-22 22:36:59,600000000.0,0xa0b86991c6218b36c1d19d4a2e9eb0ce3606eb48,,,,2024-10-23 22:36:59,0x842d3d45b36dfcfa9b702e1030a1113f3695a39f9ed547001fc4520121e3b355,True,2024-10-23 22:37:11,USDC,599.94,False,True,,86412.0,True,False
0x51881a1cde5dbae15d02ae1824940b19768d8f2b,0x84c1e84e61976133bfea2f7d1e20f47f04197a2b8d20deb27ea93ee9d4da80c7,2024-10-21 22:37:11,600000000.0,0xa0b86991c6218b36c1d19d4a2e9eb0ce3606eb48,,,,2024-10-22 22:37:11,0x84c1e84e61976133bfea2f7d1e20f47f04197a2b8d20deb27ea93ee9d4da80c7,True,2024-10-22 22:37:35,USDC,599.94,False,True,,86424.0,True,False
0x51881a1cde5dbae15d02ae1824940b19768d8f2b,0x0b8eee147a5237a36c0683a17a24b430ee6b65231d96cd4fda2ba49fe7165c12,2024-10-20 22:37:23,600000000.0,0xa0b86991c6218b36c1d19d4a2e9eb0ce3606eb48,,,,2024-10-21 22:37:23,0x0b8eee147a5237a36c0683a17a24b430ee6b65231d96cd4fda2ba49fe7165c12,True,2024-10-21 22:43:11,USDC,599.94,False,True,,86748.0,True,False
0x51881a1cde5dbae15d02ae1824940b19768d8f2b,0x60cba86270f2b5a4e71d355e3bea253dff207b91bbdc3d9422b63d3f89a0711c,2024-10-19 22:37:47,600000000.0,0xa0b86991c6218b36c1d19d4a2e9eb0ce3606eb48,,,,2024-10-20 22:37:47,0x60cba86270f2b5a4e71d355e3bea253dff207b91bbdc3d9422b63d3f89a0711c,True,2024-10-20 22:42:35,USDC,599.94,False,True,,86688.0,True,False
0x51881a1cde5dbae15d02ae1824940b19768d8f2b,0xcdaf3b68764b90361dab555c9026a9ac4d2fa73f711a626965c0d8ce20e0818f,2024-10-18 22:36:59,600000000.0,0xa0b86991c6218b36c1d19d4a2e9eb0ce3606eb48,,,,2024-10-19 22:36:59,0xcdaf3b68764b90361dab555c9026a9ac4d2fa73f711a626965c0d8ce20e0818f,True,2024-10-19 22:37:47,USDC,599.94,False,True,,86448.0,True,False
0x51881a1cde5dbae15d02ae1824940b19768d8f2b,0x0ab42747f09725ed9d1bd1aa0a0f7a5f13f71bfa00e6cb851b187aadfa5e61e6,2024-10-17 22:37:35,600000000.0,0xa0b86991c6218b36c1d19d4a2e9eb0ce3606eb48,,,,2024-10-18 22:37:35,0x0ab42747f09725ed9d1bd1aa0a0f7a5f13f71bfa00e6cb851b187aadfa5e61e6,True,2024-10-18 22:42:35,USDC,599.94,False,True,,86700.0,True,False
0x51881a1cde5dbae15d02ae1824940b19768d8f2b,0x186e0f168edbcca044d3ce015a8bc995079846371a1ebef1a50bb85d5a4ef7e9,2024-10-16 22:36:47,600000000.0,0xa0b86991c6218b36c1d19d4a2e9eb0ce3606eb48,,,,2024-10-17 22:36:47,0x186e0f168edbcca044d3ce015a8bc995079846371a1ebef1a50bb85d5a4ef7e9,True,2024-10-17 22:37:35,USDC,599.94,False,True,,86448.0,True,False
0x33965f7d08f61a62b86c1ab9be5d82c42f4c3081,0x4ef7130a72771e622fb7c699aa02a20c746be55f109ea8d72302953c406bb616,2024-10-16 20:22:47,2e+18,0xc02aaa39b223fe8d0a0e5c4f27ead9083c756cc2,,,,2024-10-19 20:22:47,0x4ef7130a72771e622fb7c699aa02a20c746be55f109ea8d72302953c406bb616,True,2024-10-19 20:27:35,WETH,3689.3986,False,True,,259488.0,True,False
0x51881a1cde5dbae15d02ae1824940b19768d8f2b,0xbe51f0f81d9b6f0f2c69962c43f83f6558a5cec2dc910914211bd9126aa790bc,2024-10-15 22:36:35,600000000.0,0xa0b86991c6218b36c1d19d4a2e9eb0ce3606eb48,,,,2024-10-16 22:36:35,0xbe51f0f81d9b6f0f2c69962c43f83f6558a5cec2dc910914211bd9126aa790bc,True,2024-10-16 22:36:47,USDC,599.94,False,True,,86412.0,True,False
0x33965f7d08f61a62b86c1ab9be5d82c42f4c3081,0xfb693487203ba56c9cc0ebc0f6dea2f799994f39a302ecccbcf50fc61c7aa161,2024-10-14 23:42:47,2e+18,0xc02aaa39b223fe8d0a0e5c4f27ead9083c756cc2,,,,2024-10-16 23:42:47,0xfb693487203ba56c9cc0ebc0f6dea2f799994f39a302ecccbcf50fc61c7aa161,True,2024-10-16 23:47:23,WETH,3689.3986,False,True,,173076.0,True,False
0x51881a1cde5dbae15d02ae1824940b19768d8f2b,0x32ad92c9a29a8ed4c034d653db379b7266409691ce979fc1e71774458916e395,2024-10-14 22:37:47,600000000.0,0xa0b86991c6218b36c1d19d4a2e9eb0ce3606eb48,,,,2024-10-15 22:37:47,0x32ad92c9a29a8ed4c034d653db379b7266409691ce979fc1e71774458916e395,True,2024-10-15 22:42:47,USDC,599.94,False,True,,86700.0,True,False
0x51881a1cde5dbae15d02ae1824940b19768d8f2b,0xdc8ba447284a64d3e7b73110c5590b39582ed9163e3ae9b1f7dbdd9b7a160bdd,2024-10-13 22:36:11,600000000.0,0xa0b86991c6218b36c1d19d4a2e9eb0ce3606eb48,,,,2024-10-14 22:36:11,0xdc8ba447284a64d3e7b73110c5590b39582ed9163e3ae9b1f7dbdd9b7a160bdd,True,2024-10-14 22:37:23,USDC,599.94,False,True,,86472.0,True,False
0x51881a1cde5dbae15d02ae1824940b19768d8f2b,0x21f24cd12d312fb575405c0a5fc713a3be6eccbb9fa0cefbf78ebeca9a711206,2024-10-12 22:37:11,600000000.0,0xa0b86991c6218b36c1d19d4a2e9eb0ce3606eb48,,,,2024-10-13 22:37:11,0x21f24cd12d312fb575405c0a5fc713a3be6eccbb9fa0cefbf78ebeca9a711206,True,2024-10-13 22:37:35,USDC,599.94,False,True,,86424.0,True,False
0x51881a1cde5dbae15d02ae1824940b19768d8f2b,0xab62fcf9b328dd90e063cf2a555d5eb0bbfb84527830e01df321dddd81b15e46,2024-10-11 22:37:35,600000000.0,0xa0b86991c6218b36c1d19d4a2e9eb0ce3606eb48,,,,2024-10-12 22:37:35,0xab62fcf9b328dd90e063cf2a555d5eb0bbfb84527830e01df321dddd81b15e46,True,2024-10-12 22:42:35,USDC,599.94,False,True,,86700.0,True,False
0x51881a1cde5dbae15d02ae1824940b19768d8f2b,0xce354ad37f31712d3e0ff0938a5b2efe53a3858a29b2f74bb6f2e925e3e78d4d,2024-10-10 22:37:23,600000000.0,0xa0b86991c6218b36c1d19d4a2e9eb0ce3606eb48,,,,2024-10-11 22:37:23,0xce354ad37f31712d3e0ff0938a5b2efe53a3858a29b2f74bb6f2e925e3e78d4d,True,2024-10-11 22:37:35,USDC,599.94,False,True,,86412.0,True,False
0x51881a1cde5dbae15d02ae1824940b19768d8f2b,0x18592eba6663223f61e9139f02101287ab576669f18de9f045bc4afbf535674c,2024-10-09 22:36:47,600000000.0,0xa0b86991c6218b36c1d19d4a2e9eb0ce3606eb48,,,,2024-10-10 22:36:47,0x18592eba6663223f61e9139f02101287ab576669f18de9f045bc4afbf535674c,True,2024-10-10 22:37:23,USDC,599.94,False,True,,86436.0,True,False
0x51881a1cde5dbae15d02ae1824940b19768d8f2b,0x36419e79477f8633058a4de0428e13e5f379270f15dc2830e51f398b57094eaa,2024-10-08 22:36:59,600000000.0,0xa0b86991c6218b36c1d19d4a2e9eb0ce3606eb48,,,,2024-10-09 22:36:59,0x36419e79477f8633058a4de0428e13e5f379270f15dc2830e51f398b57094eaa,True,2024-10-09 22:38:11,USDC,599.94,False,True,,86472.0,True,False
0x33965f7d08f61a62b86c1ab9be5d82c42f4c3081,0x54e798a4888bc2a516fd61b17a60561e5638f878b63ea8f9333a42422648bb33,2024-10-08 09:05:35,5e+17,0xc02aaa39b223fe8d0a0e5c4f27ead9083c756cc2,,,,2024-10-10 09:05:35,0x54e798a4888bc2a516fd61b17a60561e5638f878b63ea8f9333a42422648bb33,True,2024-10-10 09:08:59,WETH,922.34965,False,True,,173004.0,True,False
0x33965f7d08f61a62b86c1ab9be5d82c42f4c3081,0x24c12cd9aa1c8807b58954277b22c8664c11a30cf47d4c4a3f73c5b90256f712,2024-10-08 09:05:11,5e+17,0xc02aaa39b223fe8d0a0e5c4f27ead9083c756cc2,,,,2024-10-10 09:05:11,0x24c12cd9aa1c8807b58954277b22c8664c11a30cf47d4c4a3f73c5b90256f712,True,2024-10-10 09:08:47,WETH,922.34965,False,True,,173016.0,True,False
0x33965f7d08f61a62b86c1ab9be5d82c42f4c3081,0xefb4c9cbadb9df5fb7e48e1fc8dbcd0051cc736d3e02544ea1171c5ebc81567a,2024-10-08 09:04:47,5e+17,0xc02aaa39b223fe8d0a0e5c4f27ead9083c756cc2,,,,2024-10-10 09:04:47,0xefb4c9cbadb9df5fb7e48e1fc8dbcd0051cc736d3e02544ea1171c5ebc81567a,True,2024-10-10 09:08:35,WETH,922.34965,False,True,,173028.0,True,False
0x33965f7d08f61a62b86c1ab9be5d82c42f4c3081,0xd53b92de5d6a50483196e9217c3820fe0bb4df2316882734ac52343b7e227edd,2024-10-08 09:04:23,5e+17,0xc02aaa39b223fe8d0a0e5c4f27ead9083c756cc2,,,,2024-10-10 09:04:23,0xd53b92de5d6a50483196e9217c3820fe0bb4df2316882734ac52343b7e227edd,True,2024-10-10 09:08:23,WETH,922.34965,False,True,,173040.0,True,False
0x33965f7d08f61a62b86c1ab9be5d82c42f4c3081,0xf006b1b3476eb2fce05a47aa995d36e410eb182c5851999e53b02377c57d38ae,2024-10-08 09:03:59,5e+17,0xc02aaa39b223fe8d0a0e5c4f27ead9083c756cc2,,,,2024-10-10 09:03:59,0xf006b1b3476eb2fce05a47aa995d36e410eb182c5851999e53b02377c57d38ae,True,2024-10-10 09:08:11,WETH,922.34965,False,True,,173052.0,True,False
0x33965f7d08f61a62b86c1ab9be5d82c42f4c3081,0xd38343b720d5f27910aab1b2c19873acb1cef9d6364e26c62f5c93f3489b29cb,2024-10-08 09:03:35,5e+17,0xc02aaa39b223fe8d0a0e5c4f27ead9083c756cc2,,,,2024-10-10 09:03:35,0xd38343b720d5f27910aab1b2c19873acb1cef9d6364e26c62f5c93f3489b29cb,True,2024-10-10 09:07:59,WETH,922.34965,False,True,,173064.0,True,False
0x33965f7d08f61a62b86c1ab9be5d82c42f4c3081,0x1c8abdea0a3bd87c3c16b1bbf5d9aedccb36fa01c3e42ce29c566e2492e60b23,2024-10-08 09:03:11,5e+17,0xc02aaa39b223fe8d0a0e5c4f27ead9083c756cc2,,,,2024-10-10 09:03:11,0x1c8abdea0a3bd87c3c16b1bbf5d9aedccb36fa01c3e42ce29c566e2492e60b23,True,2024-10-10 09:07:47,WETH,922.34965,False,True,,173076.0,True,False
0x33965f7d08f61a62b86c1ab9be5d82c42f4c3081,0x801410881ef36f2efdfa7bf3a99eaf5f3467923a791a7ebcd09c03cb2b430f1c,2024-10-08 09:02:47,5e+17,0xc02aaa39b223fe8d0a0e5c4f27ead9083c756cc2,,,,2024-10-10 09:02:47,0x801410881ef36f2efdfa7bf3a99eaf5f3467923a791a7ebcd09c03cb2b430f1c,True,2024-10-10 09:07:35,WETH,922.34965,False,True,,173088.0,True,False
0x51881a1cde5dbae15d02ae1824940b19768d8f2b,0x41e5103b879f5aae64903ba8040298514cbc3b1900a561745fa5396919223a36,2024-10-07 22:37:35,600000000.0,0xa0b86991c6218b36c1d19d4a2e9eb0ce3606eb48,,,,2024-10-08 22:37:35,0x41e5103b879f5aae64903ba8040298514cbc3b1900a561745fa5396919223a36,True,2024-10-08 22:43:11,USDC,599.94,False,True,,86736.0,True,False
0x51881a1cde5dbae15d02ae1824940b19768d8f2b,0x042e5d27743b4f116a85ee502d366ba0ba8cc1423201d695c85897ec306898e4,2024-10-06 22:36:47,600000000.0,0xa0b86991c6218b36c1d19d4a2e9eb0ce3606eb48,,,,2024-10-07 22:36:47,0x042e5d27743b4f116a85ee502d366ba0ba8cc1423201d695c85897ec306898e4,True,2024-10-07 22:37:23,USDC,599.94,False,True,,86436.0,True,False
0x51881a1cde5dbae15d02ae1824940b19768d8f2b,0x6a16bf8696b04fcadb93c2ae7a595ad1b49f769693f1b061e07255e78ef314df,2024-10-05 22:36:47,600000000.0,0xa0b86991c6218b36c1d19d4a2e9eb0ce3606eb48,,,,2024-10-06 22:36:47,0x6a16bf8696b04fcadb93c2ae7a595ad1b49f769693f1b061e07255e78ef314df,True,2024-10-06 22:37:35,USDC,599.94,False,True,,86448.0,True,False
0x51881a1cde5dbae15d02ae1824940b19768d8f2b,0x42e3d7844193e40e3d1abfce4036362be429733cc61456523cd72491777b5b49,2024-10-04 22:36:23,600000000.0,0xa0b86991c6218b36c1d19d4a2e9eb0ce3606eb48,,,,2024-10-05 22:36:23,0x42e3d7844193e40e3d1abfce4036362be429733cc61456523cd72491777b5b49,True,2024-10-05 22:36:47,USDC,599.94,False,True,,86424.0,True,False
0x33965f7d08f61a62b86c1ab9be5d82c42f4c3081,0x991ab17bdea69a157241d153fc5e3458ff5f2d4f7a68b69880c49246f31b5d86,2024-10-04 18:37:35,2e+18,0xc02aaa39b223fe8d0a0e5c4f27ead9083c756cc2,,,,2024-10-06 18:37:35,0x991ab17bdea69a157241d153fc5e3458ff5f2d4f7a68b69880c49246f31b5d86,True,2024-10-06 18:42:23,WETH,3689.3986,False,True,,173088.0,True,False
0x51881a1cde5dbae15d02ae1824940b19768d8f2b,0x43f273b7d5d21273694ba6c415ffc5e97a13f4dcf028d95c4893ea9cb2aa9712,2024-10-03 22:36:59,600000000.0,0xa0b86991c6218b36c1d19d4a2e9eb0ce3606eb48,,,,2024-10-04 22:36:59,0x43f273b7d5d21273694ba6c415ffc5e97a13f4dcf028d95c4893ea9cb2aa9712,True,2024-10-04 22:37:35,USDC,599.94,False,True,,86436.0,True,False
0x51881a1cde5dbae15d02ae1824940b19768d8f2b,0xb4f29da6602fe7c974dde4080779e5d6e1c4566f8503f45c9c8cbfde0ae17ed4,2024-10-02 22:37:11,600000000.0,0xa0b86991c6218b36c1d19d4a2e9eb0ce3606eb48,,,,2024-10-03 22:37:11,0xb4f29da6602fe7c974dde4080779e5d6e1c4566f8503f45c9c8cbfde0ae17ed4,True,2024-10-03 22:37:35,USDC,599.94,False,True,,86424.0,True,False
0x51881a1cde5dbae15d02ae1824940b19768d8f2b,0xbea1d3fa0e24e9dd047927feb6baf4259a5f9d7ab9d22b7fb0c8da2069d22616,2024-10-01 22:37:23,600000000.0,0xa0b86991c6218b36c1d19d4a2e9eb0ce3606eb48,,,,2024-10-02 22:37:23,0xbea1d3fa0e24e9dd047927feb6baf4259a5f9d7ab9d22b7fb0c8da2069d22616,True,2024-10-02 22:42:47,USDC,599.94,False,True,,86724.0,True,False
0x51881a1cde5dbae15d02ae1824940b19768d8f2b,0x892043c537bced37e5eaedb1e2ac3afd4c9c8737798943162886b139b4fec4a4,2024-09-30 22:36:35,600000000.0,0xa0b86991c6218b36c1d19d4a2e9eb0ce3606eb48,,,,2024-10-01 22:36:35,0x892043c537bced37e5eaedb1e2ac3afd4c9c8737798943162886b139b4fec4a4,True,2024-10-01 22:37:23,USDC,599.94,False,True,,86448.0,True,False
0x51881a1cde5dbae15d02ae1824940b19768d8f2b,0x39f68b216abad71849112e9579a8987683fb55dbd734ad0097919888f29f2795,2024-09-29 22:35:47,600000000.0,0xa0b86991c6218b36c1d19d4a2e9eb0ce3606eb48,,,,2024-09-30 22:35:47,0x39f68b216abad71849112e9579a8987683fb55dbd734ad0097919888f29f2795,True,2024-09-30 22:36:35,USDC,599.94,False,True,,86448.0,True,False
0x51881a1cde5dbae15d02ae1824940b19768d8f2b,0xe7b04ef87dd756f8c11098564f46faa91e5da7b5d3aaaf2a1d36acbaec3206cc,2024-09-28 22:35:59,600000000.0,0xa0b86991c6218b36c1d19d4a2e9eb0ce3606eb48,,,,2024-09-29 22:35:59,0xe7b04ef87dd756f8c11098564f46faa91e5da7b5d3aaaf2a1d36acbaec3206cc,True,2024-09-29 22:37:35,USDC,599.94,False,True,,86496.0,True,False
0x51881a1cde5dbae15d02ae1824940b19768d8f2b,0x0be0df4e8cbdb91cf31d9cc24afa5bc161053a56c33aa0eb1392c85403def7d2,2024-09-27 22:36:47,600000000.0,0xa0b86991c6218b36c1d19d4a2e9eb0ce3606eb48,,,,2024-09-28 22:36:47,0x0be0df4e8cbdb91cf31d9cc24afa5bc161053a56c33aa0eb1392c85403def7d2,True,2024-09-28 22:37:35,USDC,599.94,False,True,,86448.0,True,False
0x51881a1cde5dbae15d02ae1824940b19768d8f2b,0xf68d4c6b80c3ebc3109971a0b6ef6153790efd86f90a6d6347ec6870e39751df,2024-09-26 22:37:23,600000000.0,0xa0b86991c6218b36c1d19d4a2e9eb0ce3606eb48,,,,2024-09-27 22:37:23,0xf68d4c6b80c3ebc3109971a0b6ef6153790efd86f90a6d6347ec6870e39751df,True,2024-09-27 22:42:35,USDC,599.94,False,True,,86712.0,True,False
0x51881a1cde5dbae15d02ae1824940b19768d8f2b,0x15fd132e90ac0b5f1c1e726493f16f341a407d61588355d523e0e695c8dbf29b,2024-09-25 22:36:47,600000000.0,0xa0b86991c6218b36c1d19d4a2e9eb0ce3606eb48,,,,2024-09-26 22:36:47,0x15fd132e90ac0b5f1c1e726493f16f341a407d61588355d523e0e695c8dbf29b,True,2024-09-26 22:37:23,USDC,599.94,False,True,,86436.0,True,False
0x51881a1cde5dbae15d02ae1824940b19768d8f2b,0x6dc45cb44a5f3eb2915e6a1e6a69661c5025e463d6e5ef2f4935a5de832d4d3b,2024-09-24 22:36:59,600000000.0,0xa0b86991c6218b36c1d19d4a2e9eb0ce3606eb48,,,,2024-09-25 22:36:59,0x6dc45cb44a5f3eb2915e6a1e6a69661c5025e463d6e5ef2f4935a5de832d4d3b,True,2024-09-25 22:38:11,USDC,599.94,False,True,,86472.0,True,False
0x51881a1cde5dbae15d02ae1824940b19768d8f2b,0x3bbc4e99ead8c0e4ecba85f7b425d584ab155c435e8c18f9d18a9af6a259ba27,2024-09-23 22:36:59,600000000.0,0xa0b86991c6218b36c1d19d4a2e9eb0ce3606eb48,,,,2024-09-24 22:36:59,0x3bbc4e99ead8c0e4ecba85f7b425d584ab155c435e8c18f9d18a9af6a259ba27,True,2024-09-24 22:37:35,USDC,599.94,False,True,,86436.0,True,False
0x51881a1cde5dbae15d02ae1824940b19768d8f2b,0xaad5b9b6dc56114eb6bbd023d178ef3178f49ac1881a23e602cb6096b72afca3,2024-09-22 22:36:11,600000000.0,0xa0b86991c6218b36c1d19d4a2e9eb0ce3606eb48,,,,2024-09-23 22:36:11,0xaad5b9b6dc56114eb6bbd023d178ef3178f49ac1881a23e602cb6096b72afca3,True,2024-09-23 22:36:59,USDC,599.94,False,True,,86448.0,True,False
0x51881a1cde5dbae15d02ae1824940b19768d8f2b,0xbdfcd749775ddcb2338706991addd1ef08e785a37736c6e1b423efb64406eb3f,2024-09-21 22:35:47,600000000.0,0xa0b86991c6218b36c1d19d4a2e9eb0ce3606eb48,,,,2024-09-22 22:35:47,0xbdfcd749775ddcb2338706991addd1ef08e785a37736c6e1b423efb64406eb3f,True,2024-09-22 22:36:11,USDC,599.94,False,True,,86424.0,True,False
0x51881a1cde5dbae15d02ae1824940b19768d8f2b,0x6c2dbe66830f4c4cf3975fc2ad5e403cfa1345d21c24503402a0b8ce15148068,2024-09-20 22:37:23,600000000.0,0xa0b86991c6218b36c1d19d4a2e9eb0ce3606eb48,,,,2024-09-21 22:37:23,0x6c2dbe66830f4c4cf3975fc2ad5e403cfa1345d21c24503402a0b8ce15148068,True,2024-09-21 22:37:35,USDC,599.94,False,True,,86412.0,True,False
0x51881a1cde5dbae15d02ae1824940b19768d8f2b,0x0b7c2d935897316ea0a19a81e8bd51a94e0c8066f4026abf56e68b4a48b058d6,2024-09-19 22:36:23,600000000.0,0xa0b86991c6218b36c1d19d4a2e9eb0ce3606eb48,,,,2024-09-20 22:36:23,0x0b7c2d935897316ea0a19a81e8bd51a94e0c8066f4026abf56e68b4a48b058d6,True,2024-09-20 22:37:23,USDC,599.94,False,True,,86460.0,True,False
0x51881a1cde5dbae15d02ae1824940b19768d8f2b,0xb3d1cb23f9f2dcf20a66d61a459dc0bd2a776f3d2a014e6834b1ebb1cee76471,2024-09-18 22:36:59,600000000.0,0xa0b86991c6218b36c1d19d4a2e9eb0ce3606eb48,,,,2024-09-19 22:36:59,0xb3d1cb23f9f2dcf20a66d61a459dc0bd2a776f3d2a014e6834b1ebb1cee76471,True,2024-09-19 22:37:35,USDC,599.94,False,True,,86436.0,True,False
0x51881a1cde5dbae15d02ae1824940b19768d8f2b,0x4370605cc41a2c91fc2db401b3a08e12ea95edd230b0bb92049be39f725fc8ba,2024-09-17 22:35:59,600000000.0,0xa0b86991c6218b36c1d19d4a2e9eb0ce3606eb48,,,,2024-09-18 22:35:59,0x4370605cc41a2c91fc2db401b3a08e12ea95edd230b0bb92049be39f725fc8ba,True,2024-09-18 22:36:59,USDC,599.94,False,True,,86460.0,True,False
0x33965f7d08f61a62b86c1ab9be5d82c42f4c3081,0xd963ec8c69fa936c262a17539b6f1f1d1e7f3f0447e1d1c63c168f4c65a3a451,2024-09-16 15:04:35,2e+18,0xc02aaa39b223fe8d0a0e5c4f27ead9083c756cc2,,,,2024-09-18 15:04:35,0xd963ec8c69fa936c262a17539b6f1f1d1e7f3f0447e1d1c63c168f4c65a3a451,True,2024-09-18 15:08:23,WETH,3689.3986,False,True,,173028.0,True,False
0x33965f7d08f61a62b86c1ab9be5d82c42f4c3081,0xecbb9b077ffd81e77b96528a9981b3dcb059934708dd37b4d0f9effad5950a30,2024-09-16 15:04:11,2e+18,0xc02aaa39b223fe8d0a0e5c4f27ead9083c756cc2,,,,2024-09-18 15:04:11,0xecbb9b077ffd81e77b96528a9981b3dcb059934708dd37b4d0f9effad5950a30,True,2024-09-18 15:08:11,WETH,3689.3986,False,True,,173040.0,True,False
0x33965f7d08f61a62b86c1ab9be5d82c42f4c3081,0x6f7a4f33b14b173441a5d01fdfc77fd5c686281fe472a4c78ad8753910f7dd51,2024-09-16 15:03:47,2e+18,0xc02aaa39b223fe8d0a0e5c4f27ead9083c756cc2,,,,2024-09-18 15:03:47,0x6f7a4f33b14b173441a5d01fdfc77fd5c686281fe472a4c78ad8753910f7dd51,True,2024-09-18 15:07:59,WETH,3689.3986,False,True,,173052.0,True,False
0x33965f7d08f61a62b86c1ab9be5d82c42f4c3081,0x622dd88ac311a37f87e74ac47e3ef92dd567765c68f10cf2b702be252b73d595,2024-09-16 15:03:23,2e+18,0xc02aaa39b223fe8d0a0e5c4f27ead9083c756cc2,,,,2024-09-18 15:03:23,0x622dd88ac311a37f87e74ac47e3ef92dd567765c68f10cf2b702be252b73d595,True,2024-09-18 15:07:47,WETH,3689.3986,False,True,,173064.0,True,False
0x33965f7d08f61a62b86c1ab9be5d82c42f4c3081,0xd7359a985004a65bf9ba749230d18f4fef5090c6c4a9aa79200c9b92686d9046,2024-09-16 15:02:59,2e+18,0xc02aaa39b223fe8d0a0e5c4f27ead9083c756cc2,,,,2024-09-18 15:02:59,0xd7359a985004a65bf9ba749230d18f4fef5090c6c4a9aa79200c9b92686d9046,True,2024-09-18 15:07:35,WETH,3689.3986,False,True,,173076.0,True,False
0x51881a1cde5dbae15d02ae1824940b19768d8f2b,0xd94278b7be46a45d4e022dc863b050a984b4a9d60cb8ca2bb842256092a77216,2024-09-15 22:36:23,600000000.0,0xa0b86991c6218b36c1d19d4a2e9eb0ce3606eb48,,,,2024-09-16 22:36:23,0xd94278b7be46a45d4e022dc863b050a984b4a9d60cb8ca2bb842256092a77216,True,2024-09-16 22:37:59,USDC,599.94,False,True,,86496.0,True,False
0x51881a1cde5dbae15d02ae1824940b19768d8f2b,0xd144563f277fb341d3485567dabe0126b43c14963bc360e7cd47284f1469c5a6,2024-09-14 22:36:11,600000000.0,0xa0b86991c6218b36c1d19d4a2e9eb0ce3606eb48,,,,2024-09-15 22:36:11,0xd144563f277fb341d3485567dabe0126b43c14963bc360e7cd47284f1469c5a6,True,2024-09-15 22:36:23,USDC,599.94,False,True,,86412.0,True,False
0x51881a1cde5dbae15d02ae1824940b19768d8f2b,0x2ae5dd82685988f4454d49efce1e4e91f30f2ca83545155fb3caf3e8998956ba,2024-09-13 22:36:23,600000000.0,0xa0b86991c6218b36c1d19d4a2e9eb0ce3606eb48,,,,2024-09-14 22:36:23,0x2ae5dd82685988f4454d49efce1e4e91f30f2ca83545155fb3caf3e8998956ba,True,2024-09-14 22:37:35,USDC,599.94,False,True,,86472.0,True,False
0x51881a1cde5dbae15d02ae1824940b19768d8f2b,0xced0d3af9c2f3cc89a0857a683974c231b4ebea352c892a7956d5f1cb5ea28c5,2024-09-12 22:37:11,600000000.0,0xa0b86991c6218b36c1d19d4a2e9eb0ce3606eb48,,,,2024-09-13 22:37:11,0xced0d3af9c2f3cc89a0857a683974c231b4ebea352c892a7956d5f1cb5ea28c5,True,2024-09-13 22:37:47,USDC,599.94,False,True,,86436.0,True,False
0x51881a1cde5dbae15d02ae1824940b19768d8f2b,0xdc12a9d9f29a53b2fee3790e18459aa8e16bce0fff1c1a2ddad38176a6f3600f,2024-09-11 22:36:35,600000000.0,0xa0b86991c6218b36c1d19d4a2e9eb0ce3606eb48,,,,2024-09-12 22:36:35,0xdc12a9d9f29a53b2fee3790e18459aa8e16bce0fff1c1a2ddad38176a6f3600f,True,2024-09-12 22:37:11,USDC,599.94,False,True,,86436.0,True,False
0x33965f7d08f61a62b86c1ab9be5d82c42f4c3081,0x13d7f11b69757ca81d073e07b80b919f11ac11b6ba29e3001c5bacae19e0cf75,2024-09-11 20:42:59,2e+18,0xc02aaa39b223fe8d0a0e5c4f27ead9083c756cc2,,,,2024-09-14 20:42:59,0x13d7f11b69757ca81d073e07b80b919f11ac11b6ba29e3001c5bacae19e0cf75,True,2024-09-14 20:47:35,WETH,3689.3986,False,True,,259476.0,True,False
0x51881a1cde5dbae15d02ae1824940b19768d8f2b,0xe6a5da7bd989e11c0d163e3cdfbf1204212e045740fde5655998c9ab605955d7,2024-09-10 22:35:59,600000000.0,0xa0b86991c6218b36c1d19d4a2e9eb0ce3606eb48,,,,2024-09-11 22:35:59,0xe6a5da7bd989e11c0d163e3cdfbf1204212e045740fde5655998c9ab605955d7,True,2024-09-11 22:36:35,USDC,599.94,False,True,,86436.0,True,False
0x51881a1cde5dbae15d02ae1824940b19768d8f2b,0x5bc88f60dd031d2596fe86556f66bc2a547b10b6025933594404e851ceef8c82,2024-09-09 22:35:59,600000000.0,0xa0b86991c6218b36c1d19d4a2e9eb0ce3606eb48,,,,2024-09-10 22:35:59,0x5bc88f60dd031d2596fe86556f66bc2a547b10b6025933594404e851ceef8c82,True,2024-09-10 22:37:35,USDC,599.94,False,True,,86496.0,True,False
0x51881a1cde5dbae15d02ae1824940b19768d8f2b,0x2dd1c79d0ba4aea5dd2e54f1a08b2cce01ff2956af7bfd9ddf30ad112be4fc0e,2024-09-08 22:35:35,600000000.0,0xa0b86991c6218b36c1d19d4a2e9eb0ce3606eb48,,,,2024-09-09 22:35:35,0x2dd1c79d0ba4aea5dd2e54f1a08b2cce01ff2956af7bfd9ddf30ad112be4fc0e,True,2024-09-09 22:35:59,USDC,599.94,False,True,,86424.0,True,False
0x51881a1cde5dbae15d02ae1824940b19768d8f2b,0xbf96a908821c73c8c89fa8ada9c14edadf863a40b67205cba9f627339213ef9a,2024-09-07 22:36:47,600000000.0,0xa0b86991c6218b36c1d19d4a2e9eb0ce3606eb48,,,,2024-09-08 22:36:47,0xbf96a908821c73c8c89fa8ada9c14edadf863a40b67205cba9f627339213ef9a,True,2024-09-08 22:37:35,USDC,599.94,False,True,,86448.0,True,False
0x51881a1cde5dbae15d02ae1824940b19768d8f2b,0x1d3fe29287d9512238ec67d2df8ec2c91aa448387b53c613668aaf6e95421ed9,2024-09-06 22:36:23,600000000.0,0xa0b86991c6218b36c1d19d4a2e9eb0ce3606eb48,,,,2024-09-07 22:36:23,0x1d3fe29287d9512238ec67d2df8ec2c91aa448387b53c613668aaf6e95421ed9,True,2024-09-07 22:36:47,USDC,599.94,False,True,,86424.0,True,False
0x51881a1cde5dbae15d02ae1824940b19768d8f2b,0x4e533c5ae41bf3c23896c126f30783e40bdf5205df3e49813a06e811494ea7e0,2024-09-05 22:36:11,600000000.0,0xa0b86991c6218b36c1d19d4a2e9eb0ce3606eb48,,,,2024-09-06 22:36:11,0x4e533c5ae41bf3c23896c126f30783e40bdf5205df3e49813a06e811494ea7e0,True,2024-09-06 22:36:23,USDC,599.94,False,True,,86412.0,True,False
0x8a7ab7458f1021f3aaf01e0dea08616d6848d989,0x83318f266a658d0a1e76f3829bc8cc21956e67f3cbbbc9d03560a400f00c829e,2024-09-05 14:58:47,2e+18,0xc02aaa39b223fe8d0a0e5c4f27ead9083c756cc2,,,,2024-09-07 14:58:47,0x83318f266a658d0a1e76f3829bc8cc21956e67f3cbbbc9d03560a400f00c829e,True,2024-09-07 15:02:35,WETH,3689.3986,False,True,,173028.0,True,False
0x51881a1cde5dbae15d02ae1824940b19768d8f2b,0x895df832c2865ee2f797740273f0d07994096751c776db220a248f7e20da910e,2024-09-04 22:36:23,600000000.0,0xa0b86991c6218b36c1d19d4a2e9eb0ce3606eb48,,,,2024-09-05 22:36:23,0x895df832c2865ee2f797740273f0d07994096751c776db220a248f7e20da910e,True,2024-09-05 22:37:59,USDC,599.94,False,True,,86496.0,True,False
0x33965f7d08f61a62b86c1ab9be5d82c42f4c3081,0x1b301fc5dd2c62d3922804dc37f08dd1684f43026dbbc0afa5235ce248ff33d9,2024-09-04 21:37:47,2e+18,0xc02aaa39b223fe8d0a0e5c4f27ead9083c756cc2,,,,2024-09-07 21:37:47,0x1b301fc5dd2c62d3922804dc37f08dd1684f43026dbbc0afa5235ce248ff33d9,True,2024-09-07 21:42:35,WETH,3689.3986,False,True,,259488.0,True,False
0x33965f7d08f61a62b86c1ab9be5d82c42f4c3081,0x5784b352665ef05a7e6a2af388e23328645e0a8b18c5df233a3e2e5ddba2abb9,2024-09-04 02:42:35,2e+18,0xc02aaa39b223fe8d0a0e5c4f27ead9083c756cc2,,,,2024-09-07 02:42:35,0x5784b352665ef05a7e6a2af388e23328645e0a8b18c5df233a3e2e5ddba2abb9,True,2024-09-07 02:47:35,WETH,3689.3986,False,True,,259500.0,True,False
0x51881a1cde5dbae15d02ae1824940b19768d8f2b,0x0b871910a15c29ffe401cd5b7ec3fca58a0aec54a1600f450cfdb7e70ef3fac8,2024-09-03 22:36:47,600000000.0,0xa0b86991c6218b36c1d19d4a2e9eb0ce3606eb48,,,,2024-09-04 22:36:47,0x0b871910a15c29ffe401cd5b7ec3fca58a0aec54a1600f450cfdb7e70ef3fac8,True,2024-09-04 22:37:59,USDC,599.94,False,True,,86472.0,True,False
0x33965f7d08f61a62b86c1ab9be5d82c42f4c3081,0x05ffccadf785942a70e1b2200f4bff194d87cbd9c845aabf4aed1e3ee636ddde,2024-09-03 20:27:35,2e+18,0xc02aaa39b223fe8d0a0e5c4f27ead9083c756cc2,,,,2024-09-06 20:27:35,0x05ffccadf785942a70e1b2200f4bff194d87cbd9c845aabf4aed1e3ee636ddde,True,2024-09-06 20:32:59,WETH,3689.3986,False,True,,259524.0,True,False
0x33965f7d08f61a62b86c1ab9be5d82c42f4c3081,0xe726ad0845258f8d9311f363805909080df6d8f9c49652cd9934317dae2d5908,2024-09-03 17:32:59,2e+18,0xc02aaa39b223fe8d0a0e5c4f27ead9083c756cc2,,,,2024-09-06 17:32:59,0xe726ad0845258f8d9311f363805909080df6d8f9c49652cd9934317dae2d5908,True,2024-09-06 17:37:47,WETH,3689.3986,False,True,,259488.0,True,False
0x33965f7d08f61a62b86c1ab9be5d82c42f4c3081,0xf59e3b75f20ab4beda085f7698ab9f5b1ec7065b5528a3a4829f2a6853cf4c86,2024-09-03 16:47:59,2e+18,0xc02aaa39b223fe8d0a0e5c4f27ead9083c756cc2,,,,2024-09-06 16:47:59,0xf59e3b75f20ab4beda085f7698ab9f5b1ec7065b5528a3a4829f2a6853cf4c86,True,2024-09-06 16:52:35,WETH,3689.3986,False,True,,259476.0,True,False
0x51881a1cde5dbae15d02ae1824940b19768d8f2b,0x78f6d4c96a06acef97d45da35ca7dcede3c0ab586f33726bd0f8a70b596814f0,2024-09-02 22:35:59,600000000.0,0xa0b86991c6218b36c1d19d4a2e9eb0ce3606eb48,,,,2024-09-03 22:35:59,0x78f6d4c96a06acef97d45da35ca7dcede3c0ab586f33726bd0f8a70b596814f0,True,2024-09-03 22:36:47,USDC,599.94,False,True,,86448.0,True,False
0x51881a1cde5dbae15d02ae1824940b19768d8f2b,0x6cf71604b4d10ee9f70b52131e585dc4ca00cff8de457c7235954e0be8c20e7b,2024-09-01 22:36:11,600000000.0,0xa0b86991c6218b36c1d19d4a2e9eb0ce3606eb48,,,,2024-09-02 22:36:11,0x6cf71604b4d10ee9f70b52131e585dc4ca00cff8de457c7235954e0be8c20e7b,True,2024-09-02 22:37:59,USDC,599.94,False,True,,86508.0,True,False
0x33965f7d08f61a62b86c1ab9be5d82c42f4c3081,0x89da7afee8a3d469f87a9a4b41f0d98e8b780b8954545dfaf74b23e251a3b7a1,2024-09-01 02:32:59,2e+18,0xc02aaa39b223fe8d0a0e5c4f27ead9083c756cc2,,,,2024-09-04 02:32:59,0x89da7afee8a3d469f87a9a4b41f0d98e8b780b8954545dfaf74b23e251a3b7a1,True,2024-09-04 02:37:47,WETH,3689.3986,False,True,,259488.0,True,False
0x33965f7d08f61a62b86c1ab9be5d82c42f4c3081,0xe25bbfa085a42255e6efa556f414a07301fe32f9743891d770be2d5db4a313a0,2024-09-01 02:32:35,2e+18,0xc02aaa39b223fe8d0a0e5c4f27ead9083c756cc2,,,,2024-09-04 02:32:35,0xe25bbfa085a42255e6efa556f414a07301fe32f9743891d770be2d5db4a313a0,True,2024-09-04 02:37:35,WETH,3689.3986,False,True,,259500.0,True,False
0x51881a1cde5dbae15d02ae1824940b19768d8f2b,0x221b766b3159dcb3e468b4e873cd8361f106f447672a8be5a974ea3ca024645a,2024-08-31 22:35:59,600000000.0,0xa0b86991c6218b36c1d19d4a2e9eb0ce3606eb48,,,,2024-09-01 22:35:59,0x221b766b3159dcb3e468b4e873cd8361f106f447672a8be5a974ea3ca024645a,True,2024-09-01 22:36:11,USDC,599.94,False,True,,86412.0,True,False
0x33965f7d08f61a62b86c1ab9be5d82c42f4c3081,0xeeb6364d15fc43ed886ecb0a19831b99348eda6155819aafab9069e3ac17eb35,2024-08-31 20:17:47,2e+18,0xc02aaa39b223fe8d0a0e5c4f27ead9083c756cc2,,,,2024-09-03 20:17:47,0xeeb6364d15fc43ed886ecb0a19831b99348eda6155819aafab9069e3ac17eb35,True,2024-09-03 20:22:47,WETH,3689.3986,False,True,,259500.0,True,False
0x33965f7d08f61a62b86c1ab9be5d82c42f4c3081,0x10afa14b2cf29643e5eec03649638aa260a92cc6a77e2fd0b75b1a3d6a922ed0,2024-08-31 17:27:47,2e+18,0xc02aaa39b223fe8d0a0e5c4f27ead9083c756cc2,,,,2024-09-03 17:27:47,0x10afa14b2cf29643e5eec03649638aa260a92cc6a77e2fd0b75b1a3d6a922ed0,True,2024-09-03 17:32:47,WETH,3689.3986,False,True,,259500.0,True,False
0x33965f7d08f61a62b86c1ab9be5d82c42f4c3081,0x808dba89c14494566ae31fe4847f8f72904ca2789aee730663be3963feda1a3d,2024-08-31 16:42:47,2e+18,0xc02aaa39b223fe8d0a0e5c4f27ead9083c756cc2,,,,2024-09-03 16:42:47,0x808dba89c14494566ae31fe4847f8f72904ca2789aee730663be3963feda1a3d,True,2024-09-03 16:47:47,WETH,3689.3986,False,True,,259500.0,True,False
0x51881a1cde5dbae15d02ae1824940b19768d8f2b,0xfde49d62dd024083f33fe890b60979710ebcf6b9d04c859ab64695005b07eddc,2024-08-30 22:36:11,600000000.0,0xa0b86991c6218b36c1d19d4a2e9eb0ce3606eb48,,,,2024-08-31 22:36:11,0xfde49d62dd024083f33fe890b60979710ebcf6b9d04c859ab64695005b07eddc,True,2024-08-31 22:37:47,USDC,599.94,False,True,,86496.0,True,False
0x51881a1cde5dbae15d02ae1824940b19768d8f2b,0x35697f29735a44abb9195b78704ca66ad4575bea5990dd1e5e9baa0eec0eac7f,2024-08-29 22:36:47,600000000.0,0xa0b86991c6218b36c1d19d4a2e9eb0ce3606eb48,,,,2024-08-30 22:36:47,0x35697f29735a44abb9195b78704ca66ad4575bea5990dd1e5e9baa0eec0eac7f,True,2024-08-30 22:37:35,USDC,599.94,False,True,,86448.0,True,False
0x51881a1cde5dbae15d02ae1824940b19768d8f2b,0x20307900bbcd65f97dbbd884f2b82982a06066671a8f62f31ff032bc936fee30,2024-08-28 22:35:35,600000000.0,0xa0b86991c6218b36c1d19d4a2e9eb0ce3606eb48,,,,2024-08-29 22:35:35,0x20307900bbcd65f97dbbd884f2b82982a06066671a8f62f31ff032bc936fee30,True,2024-08-29 22:36:47,USDC,599.94,False,True,,86472.0,True,False
0x51881a1cde5dbae15d02ae1824940b19768d8f2b,0x26401b29d743099475c36dac6a6d941c0e83cc0acf3664b2de9245ce809c398b,2024-08-27 22:36:59,600000000.0,0xa0b86991c6218b36c1d19d4a2e9eb0ce3606eb48,,,,2024-08-28 22:36:59,0x26401b29d743099475c36dac6a6d941c0e83cc0acf3664b2de9245ce809c398b,True,2024-08-28 22:37:35,USDC,599.94,False,True,,86436.0,True,False
0x51881a1cde5dbae15d02ae1824940b19768d8f2b,0x1ecd679773e5fed90422cf749dd3e503696e30f09aeb0e30feb639f8d0b4aeb2,2024-08-26 22:35:59,600000000.0,0xa0b86991c6218b36c1d19d4a2e9eb0ce3606eb48,,,,2024-08-27 22:35:59,0x1ecd679773e5fed90422cf749dd3e503696e30f09aeb0e30feb639f8d0b4aeb2,True,2024-08-27 22:36:59,USDC,599.94,False,True,,86460.0,True,False
0x51881a1cde5dbae15d02ae1824940b19768d8f2b,0x405dde4638c7ad04bccfd0168ae5b2ceeadbd4e8ecc54be146c4dadbaf92d637,2024-08-25 22:36:11,600000000.0,0xa0b86991c6218b36c1d19d4a2e9eb0ce3606eb48,,,,2024-08-26 22:36:11,0x405dde4638c7ad04bccfd0168ae5b2ceeadbd4e8ecc54be146c4dadbaf92d637,True,2024-08-26 22:40:47,USDC,599.94,False,True,,86676.0,True,False
0x51881a1cde5dbae15d02ae1824940b19768d8f2b,0xc1967a18880a73847d9ecebcd05f2c42c95c1031dbf6d0a14501c5162ebb3c36,2024-08-24 22:35:23,600000000.0,0xa0b86991c6218b36c1d19d4a2e9eb0ce3606eb48,,,,2024-08-25 22:35:23,0xc1967a18880a73847d9ecebcd05f2c42c95c1031dbf6d0a14501c5162ebb3c36,True,2024-08-25 22:35:35,USDC,599.94,False,True,,86412.0,True,False
0x51881a1cde5dbae15d02ae1824940b19768d8f2b,0x260ce33a99bbddc5c4c61fd5b90899957ac3c70427e6556071f9cddee7b126d5,2024-08-23 22:34:59,600000000.0,0xa0b86991c6218b36c1d19d4a2e9eb0ce3606eb48,,,,2024-08-24 22:34:59,0x260ce33a99bbddc5c4c61fd5b90899957ac3c70427e6556071f9cddee7b126d5,True,2024-08-24 22:35:23,USDC,599.94,False,True,,86424.0,True,False
0x33965f7d08f61a62b86c1ab9be5d82c42f4c3081,0x67deb514d03a31d9422eb1e7eed14f2ed7a70093b046067f3db77aee2c22dc5b,2024-08-23 13:05:59,2e+18,0xc02aaa39b223fe8d0a0e5c4f27ead9083c756cc2,,,,2024-08-25 13:05:59,0x67deb514d03a31d9422eb1e7eed14f2ed7a70093b046067f3db77aee2c22dc5b,True,2024-08-25 13:07:23,WETH,3689.3986,False,True,,172884.0,True,False
0x51881a1cde5dbae15d02ae1824940b19768d8f2b,0x565d9efe59cb4b5ba78f705d05e2f894e178b12739db30710bf22f869b4273bb,2024-08-22 22:36:47,600000000.0,0xa0b86991c6218b36c1d19d4a2e9eb0ce3606eb48,,,,2024-08-23 22:36:47,0x565d9efe59cb4b5ba78f705d05e2f894e178b12739db30710bf22f869b4273bb,True,2024-08-23 22:40:35,USDC,599.94,False,True,,86628.0,True,False
0x51881a1cde5dbae15d02ae1824940b19768d8f2b,0xf3780fddb8717caa0d636b38cef1d4c8e3c12713339428946d146fc6a45b816c,2024-08-21 22:35:11,600000000.0,0xa0b86991c6218b36c1d19d4a2e9eb0ce3606eb48,,,,2024-08-22 22:35:11,0xf3780fddb8717caa0d636b38cef1d4c8e3c12713339428946d146fc6a45b816c,True,2024-08-22 22:35:23,USDC,599.94,False,True,,86412.0,True,False
0x51881a1cde5dbae15d02ae1824940b19768d8f2b,0xcb24b32249fa1b0841dbfcee8d2b2817393e7175fbe0c37bc40474cfde35beae,2024-08-20 22:34:23,600000000.0,0xa0b86991c6218b36c1d19d4a2e9eb0ce3606eb48,,,,2024-08-21 22:34:23,0xcb24b32249fa1b0841dbfcee8d2b2817393e7175fbe0c37bc40474cfde35beae,True,2024-08-21 22:35:11,USDC,599.94,False,True,,86448.0,True,False
0x51881a1cde5dbae15d02ae1824940b19768d8f2b,0xe11ee0ab41d169ee861ecc65bee710d05b9e43ecef335814e95250bf80e2eba1,2024-08-19 22:36:23,600000000.0,0xa0b86991c6218b36c1d19d4a2e9eb0ce3606eb48,,,,2024-08-20 22:36:23,0xe11ee0ab41d169ee861ecc65bee710d05b9e43ecef335814e95250bf80e2eba1,True,2024-08-20 22:40:35,USDC,599.94,False,True,,86652.0,True,False
0x51881a1cde5dbae15d02ae1824940b19768d8f2b,0xc56e525ddeae8d60b5366212abefd3e9ec25fed8553fc5eb7141946c64acf09f,2024-08-18 22:34:35,600000000.0,0xa0b86991c6218b36c1d19d4a2e9eb0ce3606eb48,,,,2024-08-19 22:34:35,0xc56e525ddeae8d60b5366212abefd3e9ec25fed8553fc5eb7141946c64acf09f,True,2024-08-19 22:36:23,USDC,599.94,False,True,,86508.0,True,False
0x33965f7d08f61a62b86c1ab9be5d82c42f4c3081,0xc99222d29b0d6ec9950f371a285ef12f8c78e1ddacfe3bb6f8312dd0d59e9942,2024-08-18 02:05:35,2e+18,0xc02aaa39b223fe8d0a0e5c4f27ead9083c756cc2,,,,2024-08-20 02:05:35,0xc99222d29b0d6ec9950f371a285ef12f8c78e1ddacfe3bb6f8312dd0d59e9942,True,2024-08-20 02:10:35,WETH,3689.3986,False,True,,173100.0,True,False
0x51881a1cde5dbae15d02ae1824940b19768d8f2b,0x2c3715aa205a465087c3fd5690ee2254859d59de0de8c48368338d51e18bb04c,2024-08-17 22:34:35,600000000.0,0xa0b86991c6218b36c1d19d4a2e9eb0ce3606eb48,,,,2024-08-18 22:34:35,0x2c3715aa205a465087c3fd5690ee2254859d59de0de8c48368338d51e18bb04c,True,2024-08-18 22:35:35,USDC,599.94,False,True,,86460.0,True,False
0x51881a1cde5dbae15d02ae1824940b19768d8f2b,0x97ef3b56d8e3038fd565b48f1bba4788efe281dd7e05bbeb337437d5d4cc01fa,2024-08-16 22:35:23,600000000.0,0xa0b86991c6218b36c1d19d4a2e9eb0ce3606eb48,,,,2024-08-17 22:35:23,0x97ef3b56d8e3038fd565b48f1bba4788efe281dd7e05bbeb337437d5d4cc01fa,True,2024-08-17 22:35:35,USDC,599.94,False,True,,86412.0,True,False
0x51881a1cde5dbae15d02ae1824940b19768d8f2b,0x22c60ee073f5cb43e40ea734a580c1ecbbf30708824067a1a45819688f318b54,2024-08-15 22:35:23,600000000.0,0xa0b86991c6218b36c1d19d4a2e9eb0ce3606eb48,,,,2024-08-16 22:35:23,0x22c60ee073f5cb43e40ea734a580c1ecbbf30708824067a1a45819688f318b54,True,2024-08-16 22:35:35,USDC,599.94,False,True,,86412.0,True,False
0x51881a1cde5dbae15d02ae1824940b19768d8f2b,0x91f1d780e7638b64c5c9dffef92ad59c334f81ca56a5966e57382d84c39c6911,2024-08-14 22:36:11,600000000.0,0xa0b86991c6218b36c1d19d4a2e9eb0ce3606eb48,,,,2024-08-15 22:36:11,0x91f1d780e7638b64c5c9dffef92ad59c334f81ca56a5966e57382d84c39c6911,True,2024-08-15 22:40:35,USDC,599.94,False,True,,86664.0,True,False
0x51881a1cde5dbae15d02ae1824940b19768d8f2b,0x38ba08a688c0ae520c6ac87b86b7c267aa20cfac3ff59b0e12e7d619c251f67d,2024-08-13 22:35:23,600000000.0,0xa0b86991c6218b36c1d19d4a2e9eb0ce3606eb48,,,,2024-08-14 22:35:23,0x38ba08a688c0ae520c6ac87b86b7c267aa20cfac3ff59b0e12e7d619c251f67d,True,2024-08-14 22:35:35,USDC,599.94,False,True,,86412.0,True,False
0x51881a1cde5dbae15d02ae1824940b19768d8f2b,0x4a03a1b7eb0758a9b3e92df84923da9ce51d572ef881b534f1d2485983b22679,2024-08-12 22:36:23,600000000.0,0xa0b86991c6218b36c1d19d4a2e9eb0ce3606eb48,,,,2024-08-13 22:36:23,0x4a03a1b7eb0758a9b3e92df84923da9ce51d572ef881b534f1d2485983b22679,True,2024-08-13 22:40:35,USDC,599.94,False,True,,86652.0,True,False
0x51881a1cde5dbae15d02ae1824940b19768d8f2b,0x37a54222d659689f48bb4524de34fdc5313984cf49046c66a220ca65bb7c97c2,2024-08-11 22:36:11,600000000.0,0xa0b86991c6218b36c1d19d4a2e9eb0ce3606eb48,,,,2024-08-12 22:36:11,0x37a54222d659689f48bb4524de34fdc5313984cf49046c66a220ca65bb7c97c2,True,2024-08-12 22:36:23,USDC,599.94,False,True,,86412.0,True,False
0x51881a1cde5dbae15d02ae1824940b19768d8f2b,0x0a1a282b74c8ab3e930f37b90e98f1f6f073c750e0b54872f40b78d617d88681,2024-08-10 22:35:23,600000000.0,0xa0b86991c6218b36c1d19d4a2e9eb0ce3606eb48,,,,2024-08-11 22:35:23,0x0a1a282b74c8ab3e930f37b90e98f1f6f073c750e0b54872f40b78d617d88681,True,2024-08-11 22:35:35,USDC,599.94,False,True,,86412.0,True,False
0x51881a1cde5dbae15d02ae1824940b19768d8f2b,0x2817a93608c7089a0d78c999a995e310495669a7219c2697e2a31fa37de7448f,2024-08-09 22:36:23,600000000.0,0xa0b86991c6218b36c1d19d4a2e9eb0ce3606eb48,,,,2024-08-10 22:36:23,0x2817a93608c7089a0d78c999a995e310495669a7219c2697e2a31fa37de7448f,True,2024-08-10 22:40:35,USDC,599.94,False,True,,86652.0,True,False
0x51881a1cde5dbae15d02ae1824940b19768d8f2b,0xe795534ea445812365a8f1708dfda29a483f85bcf7ca594aae6550a11a32c746,2024-08-08 22:35:59,600000000.0,0xa0b86991c6218b36c1d19d4a2e9eb0ce3606eb48,,,,2024-08-09 22:35:59,0xe795534ea445812365a8f1708dfda29a483f85bcf7ca594aae6550a11a32c746,True,2024-08-09 22:36:23,USDC,599.94,False,True,,86424.0,True,False
0x51881a1cde5dbae15d02ae1824940b19768d8f2b,0xf83f5db7ce17562742f38d875777f7f2986650d2dae111cc4d48a7f4a9c15e0b,2024-08-07 22:35:11,600000000.0,0xa0b86991c6218b36c1d19d4a2e9eb0ce3606eb48,,,,2024-08-08 22:35:11,0xf83f5db7ce17562742f38d875777f7f2986650d2dae111cc4d48a7f4a9c15e0b,True,2024-08-08 22:35:23,USDC,599.94,False,True,,86412.0,True,False
0x51881a1cde5dbae15d02ae1824940b19768d8f2b,0x51873716d315b10b4253a21689c738a16dc6192dc23dce502942963efdcf7635,2024-08-06 22:35:59,600000000.0,0xa0b86991c6218b36c1d19d4a2e9eb0ce3606eb48,,,,2024-08-07 22:35:59,0x51873716d315b10b4253a21689c738a16dc6192dc23dce502942963efdcf7635,True,2024-08-07 22:40:35,USDC,599.94,False,True,,86676.0,True,False
0x51881a1cde5dbae15d02ae1824940b19768d8f2b,0x0d7b7b78c7125b5ceddbb8d88054deb06cb2ffbd377b6868a3857bb161e2c033,2024-08-05 22:35:47,600000000.0,0xa0b86991c6218b36c1d19d4a2e9eb0ce3606eb48,,,,2024-08-06 22:35:47,0x0d7b7b78c7125b5ceddbb8d88054deb06cb2ffbd377b6868a3857bb161e2c033,True,2024-08-06 22:35:59,USDC,599.94,False,True,,86412.0,True,False
0x51881a1cde5dbae15d02ae1824940b19768d8f2b,0x6e93f56898262957b669dea78b967cf12ff7014072e4664d464ece5d5f86b801,2024-08-04 22:35:35,600000000.0,0xa0b86991c6218b36c1d19d4a2e9eb0ce3606eb48,,,,2024-08-05 22:35:35,0x6e93f56898262957b669dea78b967cf12ff7014072e4664d464ece5d5f86b801,True,2024-08-05 22:35:47,USDC,599.94,False,True,,86412.0,True,False
0x51881a1cde5dbae15d02ae1824940b19768d8f2b,0x67c444b2561fa1ac31aa5018cab440710c19025bfbdd7e465eb00ec84995962a,2024-08-03 22:34:35,600000000.0,0xa0b86991c6218b36c1d19d4a2e9eb0ce3606eb48,,,,2024-08-04 22:34:35,0x67c444b2561fa1ac31aa5018cab440710c19025bfbdd7e465eb00ec84995962a,True,2024-08-04 22:35:23,USDC,599.94,False,True,,86448.0,True,False
0x51881a1cde5dbae15d02ae1824940b19768d8f2b,0xdc5438a00efe9141dafbd8d6125236b588f877dbdcf9cdb273817b86b129c6fc,2024-08-02 22:35:23,600000000.0,0xa0b86991c6218b36c1d19d4a2e9eb0ce3606eb48,,,,2024-08-03 22:35:23,0xdc5438a00efe9141dafbd8d6125236b588f877dbdcf9cdb273817b86b129c6fc,True,2024-08-03 22:35:35,USDC,599.94,False,True,,86412.0,True,False
0x33965f7d08f61a62b86c1ab9be5d82c42f4c3081,0xd96257295d6ca55d76d0a4175617db8c78cc7ce88ae2cdd706b9b342381c6ce2,2024-08-02 20:55:47,2e+18,0xc02aaa39b223fe8d0a0e5c4f27ead9083c756cc2,,,,2024-08-04 20:55:47,0xd96257295d6ca55d76d0a4175617db8c78cc7ce88ae2cdd706b9b342381c6ce2,True,2024-08-04 21:00:23,WETH,3689.3986,False,True,,173076.0,True,False
0x51881a1cde5dbae15d02ae1824940b19768d8f2b,0xd4e31dbfe98b1fc5856490bfc80845549c0edeb41dbf04f8d0f758781a4ee787,2024-08-01 22:34:35,600000000.0,0xa0b86991c6218b36c1d19d4a2e9eb0ce3606eb48,,,,2024-08-02 22:34:35,0xd4e31dbfe98b1fc5856490bfc80845549c0edeb41dbf04f8d0f758781a4ee787,True,2024-08-02 22:35:23,USDC,599.94,False,True,,86448.0,True,False
0x51881a1cde5dbae15d02ae1824940b19768d8f2b,0x29eaa693e72334bad20352fb4cb07645576fb6b5b5074afd1c7bd59d2508fe8b,2024-07-31 22:35:11,600000000.0,0xa0b86991c6218b36c1d19d4a2e9eb0ce3606eb48,,,,2024-08-01 22:35:11,0x29eaa693e72334bad20352fb4cb07645576fb6b5b5074afd1c7bd59d2508fe8b,True,2024-08-01 22:35:35,USDC,599.94,False,True,,86424.0,True,False
0x51881a1cde5dbae15d02ae1824940b19768d8f2b,0x1cd7d0a1721ea9fa0ca08b4ade9d81483891ab7d9caddcfc3d7bdb168e5f22c1,2024-07-30 22:34:23,600000000.0,0xa0b86991c6218b36c1d19d4a2e9eb0ce3606eb48,,,,2024-07-31 22:34:23,0x1cd7d0a1721ea9fa0ca08b4ade9d81483891ab7d9caddcfc3d7bdb168e5f22c1,True,2024-07-31 22:35:11,USDC,599.94,False,True,,86448.0,True,False
0x51881a1cde5dbae15d02ae1824940b19768d8f2b,0x9150c35826e128aa9f41d33339f16692fdcb0fbbc60a5aa34475e5666168df62,2024-07-29 22:36:35,600000000.0,0xa0b86991c6218b36c1d19d4a2e9eb0ce3606eb48,,,,2024-07-30 22:36:35,0x9150c35826e128aa9f41d33339f16692fdcb0fbbc60a5aa34475e5666168df62,True,2024-07-30 22:40:35,USDC,599.94,False,True,,86640.0,True,False
0x51881a1cde5dbae15d02ae1824940b19768d8f2b,0xd52cd8f4c6d291a23819c84cc7b0111d23cad7db2e6a067fa156e9526dfbcc97,2024-07-28 22:34:23,600000000.0,0xa0b86991c6218b36c1d19d4a2e9eb0ce3606eb48,,,,2024-07-29 22:34:23,0xd52cd8f4c6d291a23819c84cc7b0111d23cad7db2e6a067fa156e9526dfbcc97,True,2024-07-29 22:35:23,USDC,599.94,False,True,,86460.0,True,False
0x51881a1cde5dbae15d02ae1824940b19768d8f2b,0x91cdb795c3ea8500c1f21e550983bae2e1498cadc78a41da9ef4b1671cfe65ec,2024-07-27 22:34:47,600000000.0,0xa0b86991c6218b36c1d19d4a2e9eb0ce3606eb48,,,,2024-07-28 22:34:47,0x91cdb795c3ea8500c1f21e550983bae2e1498cadc78a41da9ef4b1671cfe65ec,True,2024-07-28 22:35:35,USDC,599.94,False,True,,86448.0,True,False
0x51881a1cde5dbae15d02ae1824940b19768d8f2b,0x5912eaffbae7e793df20d0fb1125c198ed6ea8950803aea3d162dea6cd1859be,2024-07-26 22:35:23,600000000.0,0xa0b86991c6218b36c1d19d4a2e9eb0ce3606eb48,,,,2024-07-27 22:35:23,0x5912eaffbae7e793df20d0fb1125c198ed6ea8950803aea3d162dea6cd1859be,True,2024-07-27 22:35:35,USDC,599.94,False,True,,86412.0,True,False
0x51881a1cde5dbae15d02ae1824940b19768d8f2b,0xf13dd3a4b10fdf24914b29e1f8f172f029a0518896f089086dcb29c8016aecad,2024-07-25 22:34:59,600000000.0,0xa0b86991c6218b36c1d19d4a2e9eb0ce3606eb48,,,,2024-07-26 22:34:59,0xf13dd3a4b10fdf24914b29e1f8f172f029a0518896f089086dcb29c8016aecad,True,2024-07-26 22:35:23,USDC,599.94,False,True,,86424.0,True,False
0x51881a1cde5dbae15d02ae1824940b19768d8f2b,0x70a0312fcd1c7fb89b92d1876997315154ee76c459625a50307ed01e53378966,2024-07-24 22:35:23,600000000.0,0xa0b86991c6218b36c1d19d4a2e9eb0ce3606eb48,,,,2024-07-25 22:35:23,0x70a0312fcd1c7fb89b92d1876997315154ee76c459625a50307ed01e53378966,True,2024-07-25 22:40:35,USDC,599.94,False,True,,86712.0,True,False
0x51881a1cde5dbae15d02ae1824940b19768d8f2b,0x37d2cae913f1236afa09b2d4a240f2d0dbedbeab6a6f41ef74336a334235eac4,2024-07-23 22:34:47,600000000.0,0xa0b86991c6218b36c1d19d4a2e9eb0ce3606eb48,,,,2024-07-24 22:34:47,0x37d2cae913f1236afa09b2d4a240f2d0dbedbeab6a6f41ef74336a334235eac4,True,2024-07-24 22:35:23,USDC,599.94,False,True,,86436.0,True,False
0x51881a1cde5dbae15d02ae1824940b19768d8f2b,0xcb4fc9072db6c686d6914abf2de526a54690b1105f560d1c2c47ab194acfb910,2024-07-22 22:34:47,600000000.0,0xa0b86991c6218b36c1d19d4a2e9eb0ce3606eb48,,,,2024-07-23 22:34:47,0xcb4fc9072db6c686d6914abf2de526a54690b1105f560d1c2c47ab194acfb910,True,2024-07-23 22:35:35,USDC,599.94,False,True,,86448.0,True,False
0x33965f7d08f61a62b86c1ab9be5d82c42f4c3081,0xc6ee17c4b18fde278abe0fb3ec610bfc7961e5eb24e834771d861ee9587c6221,2024-07-22 17:15:47,2e+18,0xc02aaa39b223fe8d0a0e5c4f27ead9083c756cc2,,,,2024-07-25 17:15:47,0xc6ee17c4b18fde278abe0fb3ec610bfc7961e5eb24e834771d861ee9587c6221,True,2024-07-25 17:20:35,WETH,3689.3986,False,True,,259488.0,True,False
0x51881a1cde5dbae15d02ae1824940b19768d8f2b,0xc1260e3c949c775625a74be7b2288f73b94f157e1e83d6fae987c4524a97cc57,2024-07-20 22:34:35,600000000.0,0xa0b86991c6218b36c1d19d4a2e9eb0ce3606eb48,,,,2024-07-21 22:34:35,0xc1260e3c949c775625a74be7b2288f73b94f157e1e83d6fae987c4524a97cc57,True,2024-07-21 22:35:23,USDC,599.94,False,True,,86448.0,True,False
0x33965f7d08f61a62b86c1ab9be5d82c42f4c3081,0x62e55cf054910907adaa3331d8193c1213bed939ba41fea400ed1907fb57638d,2024-07-20 14:01:11,2e+18,0xc02aaa39b223fe8d0a0e5c4f27ead9083c756cc2,,,,2024-07-21 14:01:11,0x62e55cf054910907adaa3331d8193c1213bed939ba41fea400ed1907fb57638d,True,2024-07-21 14:05:47,WETH,3689.3986,False,True,,86676.0,True,False
0x51881a1cde5dbae15d02ae1824940b19768d8f2b,0x4ef922c69bb1706eab9155decb8655feedeeb662254c6989b31b6da58ff52147,2024-07-19 22:35:35,600000000.0,0xa0b86991c6218b36c1d19d4a2e9eb0ce3606eb48,,,,2024-07-20 22:35:35,0x4ef922c69bb1706eab9155decb8655feedeeb662254c6989b31b6da58ff52147,True,2024-07-20 22:40:35,USDC,599.94,False,True,,86700.0,True,False
0x51881a1cde5dbae15d02ae1824940b19768d8f2b,0x834d41b32acfcb544edb5c4f963c5185eeb5ca88e93c96aa5c40e24bb50c2905,2024-07-18 22:35:23,600000000.0,0xa0b86991c6218b36c1d19d4a2e9eb0ce3606eb48,,,,2024-07-19 22:35:23,0x834d41b32acfcb544edb5c4f963c5185eeb5ca88e93c96aa5c40e24bb50c2905,True,2024-07-19 22:35:35,USDC,599.94,False,True,,86412.0,True,False
0x51881a1cde5dbae15d02ae1824940b19768d8f2b,0xb1df6d8af2eda296d087ca0380e22cb8e71b12da4eec9ac320e11cb12b8f0707,2024-07-17 22:35:59,600000000.0,0xa0b86991c6218b36c1d19d4a2e9eb0ce3606eb48,,,,2024-07-18 22:35:59,0xb1df6d8af2eda296d087ca0380e22cb8e71b12da4eec9ac320e11cb12b8f0707,True,2024-07-18 22:40:35,USDC,599.94,False,True,,86676.0,True,False
0x51881a1cde5dbae15d02ae1824940b19768d8f2b,0xd963796213813041a9a6f2fdad802084f68cce17182d21127f057d1f36ea8bcd,2024-07-16 22:35:23,600000000.0,0xa0b86991c6218b36c1d19d4a2e9eb0ce3606eb48,,,,2024-07-17 22:35:23,0xd963796213813041a9a6f2fdad802084f68cce17182d21127f057d1f36ea8bcd,True,2024-07-17 22:35:59,USDC,599.94,False,True,,86436.0,True,False
0x51881a1cde5dbae15d02ae1824940b19768d8f2b,0x0d48fb58092057c5b8246030fa46a36dba96e0474e7e655b383d6f9d501de98a,2024-07-15 22:34:35,600000000.0,0xa0b86991c6218b36c1d19d4a2e9eb0ce3606eb48,,,,2024-07-16 22:34:35,0x0d48fb58092057c5b8246030fa46a36dba96e0474e7e655b383d6f9d501de98a,True,2024-07-16 22:35:23,USDC,599.94,False,True,,86448.0,True,False
0x51881a1cde5dbae15d02ae1824940b19768d8f2b,0xc2386280c9c751751cd9f238c3c76481013120914f9413d20b11473198abfa61,2024-07-14 22:35:23,600000000.0,0xa0b86991c6218b36c1d19d4a2e9eb0ce3606eb48,,,,2024-07-15 22:35:23,0xc2386280c9c751751cd9f238c3c76481013120914f9413d20b11473198abfa61,True,2024-07-15 22:35:47,USDC,599.94,False,True,,86424.0,True,False
0x51881a1cde5dbae15d02ae1824940b19768d8f2b,0x776f50398c69262b760fedcbcae22345d7963cf0a24b5daf31c1c228d6d2eb58,2024-07-13 22:34:47,600000000.0,0xa0b86991c6218b36c1d19d4a2e9eb0ce3606eb48,,,,2024-07-14 22:34:47,0x776f50398c69262b760fedcbcae22345d7963cf0a24b5daf31c1c228d6d2eb58,True,2024-07-14 22:35:23,USDC,599.94,False,True,,86436.0,True,False
0x51881a1cde5dbae15d02ae1824940b19768d8f2b,0x400a546a1dd700f938d40ab465ac27dc51c94289bd1f1438e6b28770d6c94384,2024-07-12 22:34:59,600000000.0,0xa0b86991c6218b36c1d19d4a2e9eb0ce3606eb48,,,,2024-07-13 22:34:59,0x400a546a1dd700f938d40ab465ac27dc51c94289bd1f1438e6b28770d6c94384,True,2024-07-13 22:35:59,USDC,599.94,False,True,,86460.0,True,False
0x33965f7d08f61a62b86c1ab9be5d82c42f4c3081,0x2cfa0b8ca3b22be11d07f89536ed00f13eabb5a3b7e21b6ee7f508947c92c386,2024-07-12 14:05:47,2e+18,0xc02aaa39b223fe8d0a0e5c4f27ead9083c756cc2,,,,2024-07-13 14:05:47,0x2cfa0b8ca3b22be11d07f89536ed00f13eabb5a3b7e21b6ee7f508947c92c386,True,2024-07-13 14:10:47,WETH,3689.3986,False,True,,86700.0,True,False
0x51881a1cde5dbae15d02ae1824940b19768d8f2b,0x223f1ce6d7d03fde236942a2967da1ebe09f9013bd111aa2408c8ecab4809f1c,2024-07-11 22:35:23,600000000.0,0xa0b86991c6218b36c1d19d4a2e9eb0ce3606eb48,,,,2024-07-12 22:35:23,0x223f1ce6d7d03fde236942a2967da1ebe09f9013bd111aa2408c8ecab4809f1c,True,2024-07-12 22:35:59,USDC,599.94,False,True,,86436.0,True,False
0x33965f7d08f61a62b86c1ab9be5d82c42f4c3081,0x90ba0fa2ba58338b440dea59e4121fd157ef6eef597aa1c2cab7e39da7d99d57,2024-07-11 05:35:47,2e+18,0xc02aaa39b223fe8d0a0e5c4f27ead9083c756cc2,,,,2024-07-14 05:35:47,0x90ba0fa2ba58338b440dea59e4121fd157ef6eef597aa1c2cab7e39da7d99d57,True,2024-07-14 05:40:47,WETH,3689.3986,False,True,,259500.0,True,False
0x33965f7d08f61a62b86c1ab9be5d82c42f4c3081,0x0822c46ed35bbd1ad2d5cb0c17dee2573b732313273656af07ad1b107ac18b97,2024-07-11 02:40:59,2e+18,0xc02aaa39b223fe8d0a0e5c4f27ead9083c756cc2,0x57f24be6826083ed2eec71f5bc12735dc98f1c334751c000fd2ac8896c1c6831,2024-07-12 18:04:47,0x9a8f92a830a5cb89a3816e3d267cb7791c16b04d,2024-07-13 02:40:59,0x0822c46ed35bbd1ad2d5cb0c17dee2573b732313273656af07ad1b107ac18b97,False,2024-07-16 00:02:47,WETH,3689.3986,True,True,141828.0,422508.0,False,True
0x51881a1cde5dbae15d02ae1824940b19768d8f2b,0xbb9dd4da09ec429abe917fdb1b65d74957226ed024f9303ebde9785f0d4809a5,2024-07-10 22:34:47,600000000.0,0xa0b86991c6218b36c1d19d4a2e9eb0ce3606eb48,,,,2024-07-11 22:34:47,0xbb9dd4da09ec429abe917fdb1b65d74957226ed024f9303ebde9785f0d4809a5,True,2024-07-11 22:35:23,USDC,599.94,False,True,,86436.0,True,False
0x33965f7d08f61a62b86c1ab9be5d82c42f4c3081,0xff7ed2ca1278ac351e369c53cf04fdf8060d4fc346f703f83d8e20d1259aca6a,2024-07-10 04:45:47,2e+18,0xc02aaa39b223fe8d0a0e5c4f27ead9083c756cc2,0xf8c2b4f0fe941faba99d65ab15207d741ec84ab7eea3de1654931ed54b1af0a6,2024-07-11 02:37:11,0x8af0eabe05c5ec83443a1df811591c760fa7c94e,2024-07-12 04:45:47,0xff7ed2ca1278ac351e369c53cf04fdf8060d4fc346f703f83d8e20d1259aca6a,False,2024-07-14 00:00:59,WETH,3689.3986,True,True,78684.0,328512.0,False,True
0x51881a1cde5dbae15d02ae1824940b19768d8f2b,0x04e653ef1132404c0c16bf2df58674f845ae27a2fd5d7551f250a3a2329abcea,2024-07-09 22:35:11,600000000.0,0xa0b86991c6218b36c1d19d4a2e9eb0ce3606eb48,,,,2024-07-10 22:35:11,0x04e653ef1132404c0c16bf2df58674f845ae27a2fd5d7551f250a3a2329abcea,True,2024-07-10 22:35:47,USDC,599.94,False,True,,86436.0,True,False
0x51881a1cde5dbae15d02ae1824940b19768d8f2b,0x7f2a8ca365d463d84fea714da00d0d065dd3f98e62665b88cd219311aee7cf74,2024-07-08 22:35:23,600000000.0,0xa0b86991c6218b36c1d19d4a2e9eb0ce3606eb48,,,,2024-07-09 22:35:23,0x7f2a8ca365d463d84fea714da00d0d065dd3f98e62665b88cd219311aee7cf74,True,2024-07-09 22:35:47,USDC,599.94,False,True,,86424.0,True,False
0x51881a1cde5dbae15d02ae1824940b19768d8f2b,0xd855efa7b97709c64b64d4dd6d8f2cf8a24c5dce4622ea628dc7414fd4d03cc3,2024-07-07 22:34:47,600000000.0,0xa0b86991c6218b36c1d19d4a2e9eb0ce3606eb48,,,,2024-07-08 22:34:47,0xd855efa7b97709c64b64d4dd6d8f2cf8a24c5dce4622ea628dc7414fd4d03cc3,True,2024-07-08 22:35:23,USDC,599.94,False,True,,86436.0,True,False
0x51881a1cde5dbae15d02ae1824940b19768d8f2b,0x6c2921e2442ff5ce8c807ef5dc93c876088e731ec8a08b99576e9d40ccf46d3d,2024-07-06 22:34:47,600000000.0,0xa0b86991c6218b36c1d19d4a2e9eb0ce3606eb48,,,,2024-07-07 22:34:47,0x6c2921e2442ff5ce8c807ef5dc93c876088e731ec8a08b99576e9d40ccf46d3d,True,2024-07-07 22:35:35,USDC,599.94,False,True,,86448.0,True,False
0x51881a1cde5dbae15d02ae1824940b19768d8f2b,0xc87300a11015d8a34a0368396ebddeb89c8e0a9e8bc6f2c6e6f49cae8e4ab4a4,2024-07-05 22:35:11,600000000.0,0xa0b86991c6218b36c1d19d4a2e9eb0ce3606eb48,,,,2024-07-06 22:35:11,0xc87300a11015d8a34a0368396ebddeb89c8e0a9e8bc6f2c6e6f49cae8e4ab4a4,True,2024-07-06 22:35:35,USDC,599.94,False,True,,86424.0,True,False
0x51881a1cde5dbae15d02ae1824940b19768d8f2b,0x4a4c209f6ab4aee99cef8588b336a8ff62003708da1a32414bcf222921f05c2d,2024-07-04 22:35:35,600000000.0,0xa0b86991c6218b36c1d19d4a2e9eb0ce3606eb48,,,,2024-07-05 22:35:35,0x4a4c209f6ab4aee99cef8588b336a8ff62003708da1a32414bcf222921f05c2d,True,2024-07-05 22:35:47,USDC,599.94,False,True,,86412.0,True,False
0x33965f7d08f61a62b86c1ab9be5d82c42f4c3081,0x8a06277c3a20a984d9ad18e855cd536f917f82d4e7b0f9b781ae05d2a9af8de5,2024-07-04 14:01:23,2e+18,0xc02aaa39b223fe8d0a0e5c4f27ead9083c756cc2,,,,2024-07-05 14:01:23,0x8a06277c3a20a984d9ad18e855cd536f917f82d4e7b0f9b781ae05d2a9af8de5,True,2024-07-05 14:05:47,WETH,3689.3986,False,True,,86664.0,True,False
0x51881a1cde5dbae15d02ae1824940b19768d8f2b,0x3ca2ef919c7288d6906203718cd52b1b4525c8866d1d7805af0651cfa7be4912,2024-07-03 22:34:59,600000000.0,0xa0b86991c6218b36c1d19d4a2e9eb0ce3606eb48,,,,2024-07-04 22:34:59,0x3ca2ef919c7288d6906203718cd52b1b4525c8866d1d7805af0651cfa7be4912,True,2024-07-04 22:35:35,USDC,599.94,False,True,,86436.0,True,False
0x8a7ab7458f1021f3aaf01e0dea08616d6848d989,0xcac70fca8ba427bbb47283b1625fda2a87cbfe5b84e42f58d903661fd9befb5e,2024-07-03 21:48:11,2e+18,0xc02aaa39b223fe8d0a0e5c4f27ead9083c756cc2,,,,2024-07-05 21:48:11,0xcac70fca8ba427bbb47283b1625fda2a87cbfe5b84e42f58d903661fd9befb5e,True,2024-07-05 21:50:47,WETH,3689.3986,False,True,,172956.0,True,False
0x51881a1cde5dbae15d02ae1824940b19768d8f2b,0x1848859fcc3fb6c859ee7f34cd67df6041e7cb0eb3d708ef167a261d29b1f4d6,2024-07-02 22:34:59,600000000.0,0xa0b86991c6218b36c1d19d4a2e9eb0ce3606eb48,,,,2024-07-03 22:34:59,0x1848859fcc3fb6c859ee7f34cd67df6041e7cb0eb3d708ef167a261d29b1f4d6,True,2024-07-03 22:35:47,USDC,599.94,False,True,,86448.0,True,False
0x51881a1cde5dbae15d02ae1824940b19768d8f2b,0x34af2398a4f0162c03c12f340e8453ef2c6375246595e87219e956b456ec9fc1,2024-07-01 22:35:11,600000000.0,0xa0b86991c6218b36c1d19d4a2e9eb0ce3606eb48,,,,2024-07-02 22:35:11,0x34af2398a4f0162c03c12f340e8453ef2c6375246595e87219e956b456ec9fc1,True,2024-07-02 22:37:23,USDC,599.94,False,True,,86532.0,True,False
0x51881a1cde5dbae15d02ae1824940b19768d8f2b,0xf88085fe43a2032ad69c15f4221bf796b39121e45f92d6e97486f5592446df40,2024-06-30 22:34:11,600000000.0,0xa0b86991c6218b36c1d19d4a2e9eb0ce3606eb48,,,,2024-07-01 22:34:11,0xf88085fe43a2032ad69c15f4221bf796b39121e45f92d6e97486f5592446df40,True,2024-07-01 22:35:11,USDC,599.94,False,True,,86460.0,True,False
0x51881a1cde5dbae15d02ae1824940b19768d8f2b,0x1bb5da552148500b56a5c9e147252b0457ed73878e8247c48e92d2c81d724dbc,2024-06-29 22:34:47,600000000.0,0xa0b86991c6218b36c1d19d4a2e9eb0ce3606eb48,,,,2024-06-30 22:34:47,0x1bb5da552148500b56a5c9e147252b0457ed73878e8247c48e92d2c81d724dbc,True,2024-06-30 22:35:35,USDC,599.94,False,True,,86448.0,True,False
0x51881a1cde5dbae15d02ae1824940b19768d8f2b,0x750167407613e312817168f00b224e38ddd7e238acb5674fd84f0a946c1190a6,2024-06-28 22:35:47,600000000.0,0xa0b86991c6218b36c1d19d4a2e9eb0ce3606eb48,,,,2024-06-29 22:35:47,0x750167407613e312817168f00b224e38ddd7e238acb5674fd84f0a946c1190a6,True,2024-06-29 22:40:47,USDC,599.94,False,True,,86700.0,True,False
0x51881a1cde5dbae15d02ae1824940b19768d8f2b,0xa035a37bf7266e4a48c0f8155700bd7e1ef0513ef82578667bc15793b2931f22,2024-06-27 22:34:23,600000000.0,0xa0b86991c6218b36c1d19d4a2e9eb0ce3606eb48,,,,2024-06-28 22:34:23,0xa035a37bf7266e4a48c0f8155700bd7e1ef0513ef82578667bc15793b2931f22,True,2024-06-28 22:35:35,USDC,599.94,False,True,,86472.0,True,False
0x51881a1cde5dbae15d02ae1824940b19768d8f2b,0x5e7bc63b91f1b700e00ae64915aa78a231c335790ddf99d0418ead8b20ae74d7,2024-06-26 22:35:23,600000000.0,0xa0b86991c6218b36c1d19d4a2e9eb0ce3606eb48,,,,2024-06-27 22:35:23,0x5e7bc63b91f1b700e00ae64915aa78a231c335790ddf99d0418ead8b20ae74d7,True,2024-06-27 22:35:35,USDC,599.94,False,True,,86412.0,True,False
0x33965f7d08f61a62b86c1ab9be5d82c42f4c3081,0x94f1ebc42a8377536297e60ea6ea5182179097d38d00e1d8a6251618a18b319b,2024-06-26 14:05:59,2e+18,0xc02aaa39b223fe8d0a0e5c4f27ead9083c756cc2,,,,2024-06-27 14:05:59,0x94f1ebc42a8377536297e60ea6ea5182179097d38d00e1d8a6251618a18b319b,True,2024-06-27 14:10:35,WETH,3689.3986,False,True,,86676.0,True,False
0x51881a1cde5dbae15d02ae1824940b19768d8f2b,0xcd222839ebe8dff86e971b05a84893231fe9650936d0c110daf812fd26965907,2024-06-25 22:34:35,600000000.0,0xa0b86991c6218b36c1d19d4a2e9eb0ce3606eb48,,,,2024-06-26 22:34:35,0xcd222839ebe8dff86e971b05a84893231fe9650936d0c110daf812fd26965907,True,2024-06-26 22:35:23,USDC,599.94,False,True,,86448.0,True,False
0x51881a1cde5dbae15d02ae1824940b19768d8f2b,0x6a7433b10b83316b86a14435dd70ff9a63647de8c12da7018fa2aaf2a1694fca,2024-06-24 22:34:35,600000000.0,0xa0b86991c6218b36c1d19d4a2e9eb0ce3606eb48,,,,2024-06-25 22:34:35,0x6a7433b10b83316b86a14435dd70ff9a63647de8c12da7018fa2aaf2a1694fca,True,2024-06-25 22:35:35,USDC,599.94,False,True,,86460.0,True,False
0x51881a1cde5dbae15d02ae1824940b19768d8f2b,0x612d9af66762d1db72ed87014704dd0a8ad630b39fa9ca8ef8c34cf6f44be1ad,2024-06-23 22:34:35,600000000.0,0xa0b86991c6218b36c1d19d4a2e9eb0ce3606eb48,,,,2024-06-24 22:34:35,0x612d9af66762d1db72ed87014704dd0a8ad630b39fa9ca8ef8c34cf6f44be1ad,True,2024-06-24 22:35:35,USDC,599.94,False,True,,86460.0,True,False
0x51881a1cde5dbae15d02ae1824940b19768d8f2b,0x813f1b02e11da572192b7de5a1fa61dc751798065ee7b2ba47a9d945e5329b6a,2024-06-22 22:34:11,600000000.0,0xa0b86991c6218b36c1d19d4a2e9eb0ce3606eb48,,,,2024-06-23 22:34:11,0x813f1b02e11da572192b7de5a1fa61dc751798065ee7b2ba47a9d945e5329b6a,True,2024-06-23 22:34:35,USDC,599.94,False,True,,86424.0,True,False
0x51881a1cde5dbae15d02ae1824940b19768d8f2b,0xebc8bd1e991395b5cef608b89acd6e9ff449842961bcbef2177056ed5bda3756,2024-06-21 22:34:35,600000000.0,0xa0b86991c6218b36c1d19d4a2e9eb0ce3606eb48,,,,2024-06-22 22:34:35,0xebc8bd1e991395b5cef608b89acd6e9ff449842961bcbef2177056ed5bda3756,True,2024-06-22 22:35:35,USDC,599.94,False,True,,86460.0,True,False
0x51881a1cde5dbae15d02ae1824940b19768d8f2b,0xa9642371eef0a07b0124350c924467c086e9c705b4107a5055f8961dbd195305,2024-06-20 22:34:35,600000000.0,0xa0b86991c6218b36c1d19d4a2e9eb0ce3606eb48,,,,2024-06-21 22:34:35,0xa9642371eef0a07b0124350c924467c086e9c705b4107a5055f8961dbd195305,True,2024-06-21 22:35:35,USDC,599.94,False,True,,86460.0,True,False
0x51881a1cde5dbae15d02ae1824940b19768d8f2b,0x18a133ee98223875919008771a4bbb6eeb80dd533efce64597f3263e87dfc8ae,2024-06-19 22:35:11,600000000.0,0xa0b86991c6218b36c1d19d4a2e9eb0ce3606eb48,,,,2024-06-20 22:35:11,0x18a133ee98223875919008771a4bbb6eeb80dd533efce64597f3263e87dfc8ae,True,2024-06-20 22:35:47,USDC,599.94,False,True,,86436.0,True,False
0x51881a1cde5dbae15d02ae1824940b19768d8f2b,0xe33184e6e693ab57920da3bd10eeb68db6822b13634b8df9bf5c6ebda28fcbe6,2024-06-18 22:35:23,600000000.0,0xa0b86991c6218b36c1d19d4a2e9eb0ce3606eb48,,,,2024-06-19 22:35:23,0xe33184e6e693ab57920da3bd10eeb68db6822b13634b8df9bf5c6ebda28fcbe6,True,2024-06-19 22:35:35,USDC,599.94,False,True,,86412.0,True,False
0x33965f7d08f61a62b86c1ab9be5d82c42f4c3081,0x8f709d122b1d6dd444d95b9fe179cdaf2d908dcb3c61ff05b8740419810d66c8,2024-06-18 20:05:59,2e+18,0xc02aaa39b223fe8d0a0e5c4f27ead9083c756cc2,,,,2024-06-19 20:05:59,0x8f709d122b1d6dd444d95b9fe179cdaf2d908dcb3c61ff05b8740419810d66c8,True,2024-06-19 20:10:47,WETH,3689.3986,False,True,,86688.0,True,False
0x33965f7d08f61a62b86c1ab9be5d82c42f4c3081,0x771bf04f449fd48550975bbb0803554099d1eb5328dd9626ad6fc7ef4787f96b,2024-06-18 14:01:11,2e+18,0xc02aaa39b223fe8d0a0e5c4f27ead9083c756cc2,,,,2024-06-19 14:01:11,0x771bf04f449fd48550975bbb0803554099d1eb5328dd9626ad6fc7ef4787f96b,True,2024-06-19 14:01:47,WETH,3689.3986,False,True,,86436.0,True,False
0x51881a1cde5dbae15d02ae1824940b19768d8f2b,0x83ad07cdeed176934ddba7ef0e789c11bf69057f72b42e8f293cb3b9581ff3e0,2024-06-17 22:34:23,600000000.0,0xa0b86991c6218b36c1d19d4a2e9eb0ce3606eb48,,,,2024-06-18 22:34:23,0x83ad07cdeed176934ddba7ef0e789c11bf69057f72b42e8f293cb3b9581ff3e0,True,2024-06-18 22:35:23,USDC,599.94,False,True,,86460.0,True,False
0x51881a1cde5dbae15d02ae1824940b19768d8f2b,0xfb1c3358b6760d498ac3352703f17ca8845b0daf5dbac8f726f88306c60a850e,2024-06-16 22:35:59,600000000.0,0xa0b86991c6218b36c1d19d4a2e9eb0ce3606eb48,,,,2024-06-17 22:35:59,0xfb1c3358b6760d498ac3352703f17ca8845b0daf5dbac8f726f88306c60a850e,True,2024-06-17 22:40:35,USDC,599.94,False,True,,86676.0,True,False
0x51881a1cde5dbae15d02ae1824940b19768d8f2b,0xfbc3a05aa673a24a755ddd928c3976518274ddbefc7aa3586aecb41a518597d5,2024-06-15 22:35:11,600000000.0,0xa0b86991c6218b36c1d19d4a2e9eb0ce3606eb48,,,,2024-06-16 22:35:11,0xfbc3a05aa673a24a755ddd928c3976518274ddbefc7aa3586aecb41a518597d5,True,2024-06-16 22:35:35,USDC,599.94,False,True,,86424.0,True,False
0x51881a1cde5dbae15d02ae1824940b19768d8f2b,0xe329f729764a1ce47458d2acd56a1b88bea5dddf3409db3f2b6c00810cb6bab3,2024-06-14 22:34:47,600000000.0,0xa0b86991c6218b36c1d19d4a2e9eb0ce3606eb48,,,,2024-06-15 22:34:47,0xe329f729764a1ce47458d2acd56a1b88bea5dddf3409db3f2b6c00810cb6bab3,True,2024-06-15 22:35:11,USDC,599.94,False,True,,86424.0,True,False
0x51881a1cde5dbae15d02ae1824940b19768d8f2b,0x0e512a0f481964823fca84d988b61f9a51a9cf8f2d7e29361326811479984078,2024-06-13 22:34:35,600000000.0,0xa0b86991c6218b36c1d19d4a2e9eb0ce3606eb48,,,,2024-06-14 22:34:35,0x0e512a0f481964823fca84d988b61f9a51a9cf8f2d7e29361326811479984078,True,2024-06-14 22:34:47,USDC,599.94,False,True,,86412.0,True,False
0x51881a1cde5dbae15d02ae1824940b19768d8f2b,0xeb809cbb23cd3ba225525a29c61686b076c6a6ac56bd7e42c7eafa02ee6f9b57,2024-06-12 22:35:11,600000000.0,0xa0b86991c6218b36c1d19d4a2e9eb0ce3606eb48,,,,2024-06-13 22:35:11,0xeb809cbb23cd3ba225525a29c61686b076c6a6ac56bd7e42c7eafa02ee6f9b57,True,2024-06-13 22:35:47,USDC,599.94,False,True,,86436.0,True,False
0x51881a1cde5dbae15d02ae1824940b19768d8f2b,0x1a479b1a96ea1de89a24d5feac8d1094decf27be1d648e9c8574f5106bd70332,2024-06-11 22:34:47,600000000.0,0xa0b86991c6218b36c1d19d4a2e9eb0ce3606eb48,,,,2024-06-12 22:34:47,0x1a479b1a96ea1de89a24d5feac8d1094decf27be1d648e9c8574f5106bd70332,True,2024-06-12 22:35:11,USDC,599.94,False,True,,86424.0,True,False
0x51881a1cde5dbae15d02ae1824940b19768d8f2b,0x0ea37bedafa85fd16ea8a184c4ddd2261bec7bf2950238503858fe550283c4f1,2024-06-10 22:36:11,600000000.0,0xa0b86991c6218b36c1d19d4a2e9eb0ce3606eb48,,,,2024-06-11 22:36:11,0x0ea37bedafa85fd16ea8a184c4ddd2261bec7bf2950238503858fe550283c4f1,True,2024-06-11 22:40:35,USDC,599.94,False,True,,86664.0,True,False
0x33965f7d08f61a62b86c1ab9be5d82c42f4c3081,0x856b5db96867d12e1090837d7fdc9e93b3f521c9e7050c570e7502e271be62ee,2024-06-10 14:01:11,2e+18,0xc02aaa39b223fe8d0a0e5c4f27ead9083c756cc2,,,,2024-06-11 14:01:11,0x856b5db96867d12e1090837d7fdc9e93b3f521c9e7050c570e7502e271be62ee,True,2024-06-11 14:05:47,WETH,3689.3986,False,True,,86676.0,True,False
0x51881a1cde5dbae15d02ae1824940b19768d8f2b,0xf9343d86d5ed47cfb86e8e45f4f53bd75b1515843d9b5c50bbfa45ceb94bf94f,2024-06-09 22:35:11,600000000.0,0xa0b86991c6218b36c1d19d4a2e9eb0ce3606eb48,,,,2024-06-10 22:35:11,0xf9343d86d5ed47cfb86e8e45f4f53bd75b1515843d9b5c50bbfa45ceb94bf94f,True,2024-06-10 22:35:47,USDC,599.94,False,True,,86436.0,True,False
0x33965f7d08f61a62b86c1ab9be5d82c42f4c3081,0x15c982f997a05f8a52a5c67ab84e073e0c430181aa6378b061056f955eb6eee0,2024-06-09 21:05:59,2e+18,0xc02aaa39b223fe8d0a0e5c4f27ead9083c756cc2,,,,2024-06-10 21:05:59,0x15c982f997a05f8a52a5c67ab84e073e0c430181aa6378b061056f955eb6eee0,True,2024-06-10 21:10:47,WETH,3689.3986,False,True,,86688.0,True,False
0x51881a1cde5dbae15d02ae1824940b19768d8f2b,0xb9f9bcd6c1ddbef587169658b2f0c6cd2a9e8e6b38d928856c2a0567966ffc8b,2024-06-08 22:34:47,600000000.0,0xa0b86991c6218b36c1d19d4a2e9eb0ce3606eb48,,,,2024-06-09 22:34:47,0xb9f9bcd6c1ddbef587169658b2f0c6cd2a9e8e6b38d928856c2a0567966ffc8b,True,2024-06-09 22:35:11,USDC,599.94,False,True,,86424.0,True,False
0x33965f7d08f61a62b86c1ab9be5d82c42f4c3081,0xbf0734ce4815557c174ee1f2f1855b6882dd6de49f92ba3b7e04e51af88b9a42,2024-06-08 16:01:23,2e+18,0xc02aaa39b223fe8d0a0e5c4f27ead9083c756cc2,,,,2024-06-11 16:01:23,0xbf0734ce4815557c174ee1f2f1855b6882dd6de49f92ba3b7e04e51af88b9a42,True,2024-06-11 16:05:59,WETH,3689.3986,False,True,,259476.0,True,False
0x51881a1cde5dbae15d02ae1824940b19768d8f2b,0x68dd1d7174ffe89a723041282e6b5f5f449be6cf2d124fb8b81aedff91fc9f33,2024-06-07 22:34:59,600000000.0,0xa0b86991c6218b36c1d19d4a2e9eb0ce3606eb48,,,,2024-06-08 22:34:59,0x68dd1d7174ffe89a723041282e6b5f5f449be6cf2d124fb8b81aedff91fc9f33,True,2024-06-08 22:35:47,USDC,599.94,False,True,,86448.0,True,False
0x51881a1cde5dbae15d02ae1824940b19768d8f2b,0x54d685471eb3b54505bbec353202a3be0ce6bdc4c1dc8630de02024b3d291377,2024-06-06 21:22:11,600000000.0,0xa0b86991c6218b36c1d19d4a2e9eb0ce3606eb48,,,,2024-06-07 21:22:11,0x54d685471eb3b54505bbec353202a3be0ce6bdc4c1dc8630de02024b3d291377,True,2024-06-07 21:25:35,USDC,599.94,False,True,,86604.0,True,False
0x51881a1cde5dbae15d02ae1824940b19768d8f2b,0x6ceb7df24ee146afb08270a51fd6646259db2b23d792d15a9460b4f5ce0fab41,2024-06-05 20:28:35,600000000.0,0xa0b86991c6218b36c1d19d4a2e9eb0ce3606eb48,,,,2024-06-06 20:28:35,0x6ceb7df24ee146afb08270a51fd6646259db2b23d792d15a9460b4f5ce0fab41,True,2024-06-06 20:30:47,USDC,599.94,False,True,,86532.0,True,False
0x33965f7d08f61a62b86c1ab9be5d82c42f4c3081,0xb4b1c74b2794c085ed4d67be0fb41dfc0d80b9bf726243b28a66bde40eaff690,2024-06-05 18:45:59,2e+18,0xc02aaa39b223fe8d0a0e5c4f27ead9083c756cc2,,,,2024-06-08 18:45:59,0xb4b1c74b2794c085ed4d67be0fb41dfc0d80b9bf726243b28a66bde40eaff690,True,2024-06-08 18:50:47,WETH,3689.3986,False,True,,259488.0,True,False
0x51881a1cde5dbae15d02ae1824940b19768d8f2b,0xe3c21f6c311270061008fac218d130e9c95f9a9738e5c83c90d8830505515dae,2024-06-04 19:05:47,600000000.0,0xa0b86991c6218b36c1d19d4a2e9eb0ce3606eb48,,,,2024-06-05 19:05:47,0xe3c21f6c311270061008fac218d130e9c95f9a9738e5c83c90d8830505515dae,True,2024-06-05 19:10:35,USDC,599.94,False,True,,86688.0,True,False
0x51881a1cde5dbae15d02ae1824940b19768d8f2b,0x79c6e589a6f6b3e8d03be87d1c01d45cf75873222b5f733891bcd3ca517924c5,2024-06-03 19:07:47,600000000.0,0xa0b86991c6218b36c1d19d4a2e9eb0ce3606eb48,,,,2024-06-04 19:07:47,0x79c6e589a6f6b3e8d03be87d1c01d45cf75873222b5f733891bcd3ca517924c5,True,2024-06-04 19:10:35,USDC,599.94,False,True,,86568.0,True,False
0x51881a1cde5dbae15d02ae1824940b19768d8f2b,0xfca3a2ccabfb8679d3e2614609be4df3522404e23968ba2fe645493acdf2de04,2024-06-02 19:05:35,600000000.0,0xa0b86991c6218b36c1d19d4a2e9eb0ce3606eb48,,,,2024-06-03 19:05:35,0xfca3a2ccabfb8679d3e2614609be4df3522404e23968ba2fe645493acdf2de04,True,2024-06-03 19:05:47,USDC,599.94,False,True,,86412.0,True,False
0x33965f7d08f61a62b86c1ab9be5d82c42f4c3081,0x2134041baac2b3166254f434d18c6724213eb13a0b4afaf0fdb4ed2b364da16c,2024-06-02 14:05:59,2e+18,0xc02aaa39b223fe8d0a0e5c4f27ead9083c756cc2,,,,2024-06-03 14:05:59,0x2134041baac2b3166254f434d18c6724213eb13a0b4afaf0fdb4ed2b364da16c,True,2024-06-03 14:10:35,WETH,3689.3986,False,True,,86676.0,True,False
0x51881a1cde5dbae15d02ae1824940b19768d8f2b,0x2e04f7022635e800c4e44c32ea716cbaee0c390801896dcb8bce8f284c3310e9,2024-06-01 19:06:35,600000000.0,0xa0b86991c6218b36c1d19d4a2e9eb0ce3606eb48,,,,2024-06-02 19:06:35,0x2e04f7022635e800c4e44c32ea716cbaee0c390801896dcb8bce8f284c3310e9,True,2024-06-02 19:10:59,USDC,599.94,False,True,,86664.0,True,False
0x51881a1cde5dbae15d02ae1824940b19768d8f2b,0xe50f820f1320749be8ebdafc9b4749c53403703753b1f090341cec87f604ed6b,2024-05-31 19:07:35,600000000.0,0xa0b86991c6218b36c1d19d4a2e9eb0ce3606eb48,,,,2024-06-01 19:07:35,0xe50f820f1320749be8ebdafc9b4749c53403703753b1f090341cec87f604ed6b,True,2024-06-01 19:10:35,USDC,599.94,False,True,,86580.0,True,False
0x51881a1cde5dbae15d02ae1824940b19768d8f2b,0xc57939be2cf1c8df3576fc8a681a0b80fd7e1c7acf5aa767adc0134fdd0c1586,2024-05-30 19:06:23,600000000.0,0xa0b86991c6218b36c1d19d4a2e9eb0ce3606eb48,,,,2024-05-31 19:06:23,0xc57939be2cf1c8df3576fc8a681a0b80fd7e1c7acf5aa767adc0134fdd0c1586,True,2024-05-31 19:07:35,USDC,599.94,False,True,,86472.0,True,False
0x51881a1cde5dbae15d02ae1824940b19768d8f2b,0x68d88493b1f3b7ae6f20e3edcafb708cf5fd79bc5cc249a7485c153dcb789e46,2024-05-29 19:05:47,600000000.0,0xa0b86991c6218b36c1d19d4a2e9eb0ce3606eb48,,,,2024-05-30 19:05:47,0x68d88493b1f3b7ae6f20e3edcafb708cf5fd79bc5cc249a7485c153dcb789e46,True,2024-05-30 19:06:23,USDC,599.94,False,True,,86436.0,True,False
0x51881a1cde5dbae15d02ae1824940b19768d8f2b,0xdfc6511cc09d2c0ea414b37fce680c86d8dc0b7c89d8fd25e38f42ed7e901471,2024-05-28 19:06:47,600000000.0,0xa0b86991c6218b36c1d19d4a2e9eb0ce3606eb48,,,,2024-05-29 19:06:47,0xdfc6511cc09d2c0ea414b37fce680c86d8dc0b7c89d8fd25e38f42ed7e901471,True,2024-05-29 19:10:47,USDC,599.94,False,True,,86640.0,True,False
0x51881a1cde5dbae15d02ae1824940b19768d8f2b,0x342889ad173e85e77df0e0f3c1a3bcbef0d4c8ed83ac33bf9678631d52776385,2024-05-27 19:05:47,600000000.0,0xa0b86991c6218b36c1d19d4a2e9eb0ce3606eb48,,,,2024-05-28 19:05:47,0x342889ad173e85e77df0e0f3c1a3bcbef0d4c8ed83ac33bf9678631d52776385,True,2024-05-28 19:06:47,USDC,599.94,False,True,,86460.0,True,False
0x51881a1cde5dbae15d02ae1824940b19768d8f2b,0x8b90634150dfe9641722bb8ef878d2abe7b2cf4516788a306c2a5cf3da77dc3d,2024-05-26 19:06:23,600000000.0,0xa0b86991c6218b36c1d19d4a2e9eb0ce3606eb48,,,,2024-05-27 19:06:23,0x8b90634150dfe9641722bb8ef878d2abe7b2cf4516788a306c2a5cf3da77dc3d,True,2024-05-27 19:10:47,USDC,599.94,False,True,,86664.0,True,False
0x51881a1cde5dbae15d02ae1824940b19768d8f2b,0x92569987e2500cb802e2215147dd4e118f2dcbb964c7ef1122d408509ff4c704,2024-05-25 19:05:47,600000000.0,0xa0b86991c6218b36c1d19d4a2e9eb0ce3606eb48,,,,2024-05-26 19:05:47,0x92569987e2500cb802e2215147dd4e118f2dcbb964c7ef1122d408509ff4c704,True,2024-05-26 19:06:23,USDC,599.94,False,True,,86436.0,True,False
0x33965f7d08f61a62b86c1ab9be5d82c42f4c3081,0x412ac5fd3099d2172659c538bc23578132098facaea71489e510f8435129e449,2024-05-25 14:05:59,2e+18,0xc02aaa39b223fe8d0a0e5c4f27ead9083c756cc2,,,,2024-05-26 14:05:59,0x412ac5fd3099d2172659c538bc23578132098facaea71489e510f8435129e449,True,2024-05-26 14:10:47,WETH,3689.3986,False,True,,86688.0,True,False
0x33965f7d08f61a62b86c1ab9be5d82c42f4c3081,0x7b2579dfd2892d25af4172d8fcba3b93d8aea143ea76429b22a3e62dc4a8ff29,2024-05-24 20:40:47,2e+18,0xc02aaa39b223fe8d0a0e5c4f27ead9083c756cc2,,,,2024-05-27 20:40:47,0x7b2579dfd2892d25af4172d8fcba3b93d8aea143ea76429b22a3e62dc4a8ff29,True,2024-05-27 20:45:35,WETH,3689.3986,False,True,,259488.0,True,False
0x51881a1cde5dbae15d02ae1824940b19768d8f2b,0x8e641fcf366bf4a9d7ae627e7548fea6d0926b9d5e93d3b9c91d89b4259c53ba,2024-05-24 19:06:59,600000000.0,0xa0b86991c6218b36c1d19d4a2e9eb0ce3606eb48,,,,2024-05-25 19:06:59,0x8e641fcf366bf4a9d7ae627e7548fea6d0926b9d5e93d3b9c91d89b4259c53ba,True,2024-05-25 19:10:47,USDC,599.94,False,True,,86628.0,True,False
0x51881a1cde5dbae15d02ae1824940b19768d8f2b,0xaa631b849536d4ee6b153bb197719f95a6c25cf87a1301ba26316131743d8b89,2024-05-24 18:07:11,600000000.0,0xa0b86991c6218b36c1d19d4a2e9eb0ce3606eb48,,,,2024-05-25 18:07:11,0xaa631b849536d4ee6b153bb197719f95a6c25cf87a1301ba26316131743d8b89,True,2024-05-25 18:10:47,USDC,599.94,False,True,,86616.0,True,False
0x51881a1cde5dbae15d02ae1824940b19768d8f2b,0x03af21c107be353f067dbe9d19c342006442c41ebbe6239c38a7fe94220baa2f,2024-05-23 13:06:23,600000000.0,0xa0b86991c6218b36c1d19d4a2e9eb0ce3606eb48,,,,2024-05-24 13:06:23,0x03af21c107be353f067dbe9d19c342006442c41ebbe6239c38a7fe94220baa2f,True,2024-05-24 13:10:35,USDC,599.94,False,True,,86652.0,True,False
0x51881a1cde5dbae15d02ae1824940b19768d8f2b,0x0903e74210a3167cf6aa9b8db78b9f1edbe142cf1045aa2ad5f0de97d0b08c2d,2024-05-22 13:07:47,600000000.0,0xa0b86991c6218b36c1d19d4a2e9eb0ce3606eb48,,,,2024-05-23 13:07:47,0x0903e74210a3167cf6aa9b8db78b9f1edbe142cf1045aa2ad5f0de97d0b08c2d,True,2024-05-23 13:10:59,USDC,599.94,False,True,,86592.0,True,False
0x51881a1cde5dbae15d02ae1824940b19768d8f2b,0x331ca528b05c528aa59ec15ac103a321475cd6cd8d4c8323abb4cc00193ac5d8,2024-05-21 13:07:23,600000000.0,0xa0b86991c6218b36c1d19d4a2e9eb0ce3606eb48,,,,2024-05-22 13:07:23,0x331ca528b05c528aa59ec15ac103a321475cd6cd8d4c8323abb4cc00193ac5d8,True,2024-05-22 13:07:47,USDC,599.94,False,True,,86424.0,True,False
0x51881a1cde5dbae15d02ae1824940b19768d8f2b,0x281f5069f936a85876b52b3380c58207c8d1bae1d4ffb91c4ce710a1e6f253ad,2024-05-20 13:07:23,600000000.0,0xa0b86991c6218b36c1d19d4a2e9eb0ce3606eb48,,,,2024-05-21 13:07:23,0x281f5069f936a85876b52b3380c58207c8d1bae1d4ffb91c4ce710a1e6f253ad,True,2024-05-21 13:10:35,USDC,599.94,False,True,,86592.0,True,False
0x51881a1cde5dbae15d02ae1824940b19768d8f2b,0xf367b1af5a41459989a65d843344a114353e9b4b4bfb1992d218526f592ae3f1,2024-05-19 13:05:47,600000000.0,0xa0b86991c6218b36c1d19d4a2e9eb0ce3606eb48,,,,2024-05-20 13:05:47,0xf367b1af5a41459989a65d843344a114353e9b4b4bfb1992d218526f592ae3f1,True,2024-05-20 13:07:23,USDC,599.94,False,True,,86496.0,True,False
0x51881a1cde5dbae15d02ae1824940b19768d8f2b,0xf0dadd276c4293078d147aed2d69b2a600f97dc35a24a2b8ca94d2c34aba4109,2024-05-18 13:06:35,600000000.0,0xa0b86991c6218b36c1d19d4a2e9eb0ce3606eb48,,,,2024-05-19 13:06:35,0xf0dadd276c4293078d147aed2d69b2a600f97dc35a24a2b8ca94d2c34aba4109,True,2024-05-19 13:10:47,USDC,599.94,False,True,,86652.0,True,False
0x33965f7d08f61a62b86c1ab9be5d82c42f4c3081,0x5cd086644e3e68ccdbebf0725a5bdf4a7627c571295bc8058926f223b5aac39e,2024-05-17 19:10:59,2e+18,0xc02aaa39b223fe8d0a0e5c4f27ead9083c756cc2,,,,2024-05-20 19:10:59,0x5cd086644e3e68ccdbebf0725a5bdf4a7627c571295bc8058926f223b5aac39e,True,2024-05-20 19:15:35,WETH,3689.3986,False,True,,259476.0,True,False
0x33965f7d08f61a62b86c1ab9be5d82c42f4c3081,0x5a2bb8ca2a80aed3523491fb963a5a80054526392fa174f02d6767c37c2b768f,2024-05-17 14:05:59,2e+18,0xc02aaa39b223fe8d0a0e5c4f27ead9083c756cc2,,,,2024-05-18 14:05:59,0x5a2bb8ca2a80aed3523491fb963a5a80054526392fa174f02d6767c37c2b768f,True,2024-05-18 14:10:47,WETH,3689.3986,False,True,,86688.0,True,False
0x51881a1cde5dbae15d02ae1824940b19768d8f2b,0x9bbc87d6eabecc27b6d4a7476f064b5c1079ba03d57479a604dae93f4f8a7137,2024-05-17 13:06:23,600000000.0,0xa0b86991c6218b36c1d19d4a2e9eb0ce3606eb48,,,,2024-05-18 13:06:23,0x9bbc87d6eabecc27b6d4a7476f064b5c1079ba03d57479a604dae93f4f8a7137,True,2024-05-18 13:06:35,USDC,599.94,False,True,,86412.0,True,False
0x51881a1cde5dbae15d02ae1824940b19768d8f2b,0x24ed104c70fc153723e28fe4e32145e74979367d48475cbd404da93cb3471fa6,2024-05-16 13:07:59,600000000.0,0xa0b86991c6218b36c1d19d4a2e9eb0ce3606eb48,,,,2024-05-17 13:07:59,0x24ed104c70fc153723e28fe4e32145e74979367d48475cbd404da93cb3471fa6,True,2024-05-17 13:10:47,USDC,599.94,False,True,,86568.0,True,False
0x51881a1cde5dbae15d02ae1824940b19768d8f2b,0xa91cdc9325009bf7a5013e8fffd9fce36f6ee4b35faf78d71202c84c20ba2b5d,2024-05-15 13:06:47,600000000.0,0xa0b86991c6218b36c1d19d4a2e9eb0ce3606eb48,,,,2024-05-16 13:06:47,0xa91cdc9325009bf7a5013e8fffd9fce36f6ee4b35faf78d71202c84c20ba2b5d,True,2024-05-16 13:07:59,USDC,599.94,False,True,,86472.0,True,False
0x33965f7d08f61a62b86c1ab9be5d82c42f4c3081,0x4f00a4809e18647f572f1403654cbe6f2cd07792dd73bfc3bc10041f89798af0,2024-05-15 02:05:47,2e+18,0xc02aaa39b223fe8d0a0e5c4f27ead9083c756cc2,,,,2024-05-17 02:05:47,0x4f00a4809e18647f572f1403654cbe6f2cd07792dd73bfc3bc10041f89798af0,True,2024-05-17 02:10:35,WETH,3689.3986,False,True,,173088.0,True,False
0x51881a1cde5dbae15d02ae1824940b19768d8f2b,0x64805250acbfa98983cac13d15571213148c977e0704c6cf3301734524949bae,2024-05-14 13:06:35,600000000.0,0xa0b86991c6218b36c1d19d4a2e9eb0ce3606eb48,,,,2024-05-15 13:06:35,0x64805250acbfa98983cac13d15571213148c977e0704c6cf3301734524949bae,True,2024-05-15 13:06:47,USDC,599.94,False,True,,86412.0,True,False
0x9a8f92a830a5cb89a3816e3d267cb7791c16b04d,0x2b20c94fdc6fe9d520cfdcde9b3db434810b3cf607d0a6a209cf1738a452f8b5,2024-05-13 15:12:23,2e+18,0xc02aaa39b223fe8d0a0e5c4f27ead9083c756cc2,,,,2024-05-15 15:12:23,0x2b20c94fdc6fe9d520cfdcde9b3db434810b3cf607d0a6a209cf1738a452f8b5,True,2024-05-15 15:15:47,WETH,3689.3986,False,True,,173004.0,True,False
0x51881a1cde5dbae15d02ae1824940b19768d8f2b,0xb5bcfe4f276f251a45f11742886dec7f046d2885591a39199f14a7ae697ec542,2024-05-13 13:06:35,600000000.0,0xa0b86991c6218b36c1d19d4a2e9eb0ce3606eb48,,,,2024-05-14 13:06:35,0xb5bcfe4f276f251a45f11742886dec7f046d2885591a39199f14a7ae697ec542,True,2024-05-14 13:10:47,USDC,599.94,False,True,,86652.0,True,False
0x51881a1cde5dbae15d02ae1824940b19768d8f2b,0x3bda3aa7483faee9ab132113871c7b77e976a903a5c50d56778dd9706b94044d,2024-05-12 13:05:59,600000000.0,0xa0b86991c6218b36c1d19d4a2e9eb0ce3606eb48,,,,2024-05-13 13:05:59,0x3bda3aa7483faee9ab132113871c7b77e976a903a5c50d56778dd9706b94044d,True,2024-05-13 13:06:35,USDC,599.94,False,True,,86436.0,True,False
0x51881a1cde5dbae15d02ae1824940b19768d8f2b,0x2dadf1a9d61ee5be9054c7965aef6dc72dcf7c70f08209a001b57106d60806d9,2024-05-11 13:05:59,600000000.0,0xa0b86991c6218b36c1d19d4a2e9eb0ce3606eb48,,,,2024-05-12 13:05:59,0x2dadf1a9d61ee5be9054c7965aef6dc72dcf7c70f08209a001b57106d60806d9,True,2024-05-12 13:10:59,USDC,599.94,False,True,,86700.0,True,False
0x51881a1cde5dbae15d02ae1824940b19768d8f2b,0x0c912092bf632b9bd499ae14dc1403b889f1e1c5c37d28ab0c3a9cab1782aaaa,2024-05-10 13:06:23,600000000.0,0xa0b86991c6218b36c1d19d4a2e9eb0ce3606eb48,,,,2024-05-11 13:06:23,0x0c912092bf632b9bd499ae14dc1403b889f1e1c5c37d28ab0c3a9cab1782aaaa,True,2024-05-11 13:10:35,USDC,599.94,False,True,,86652.0,True,False
0x33965f7d08f61a62b86c1ab9be5d82c42f4c3081,0x129e53c57cd536d2ca78c2bef6e5e9c3afd6f2fa3df84de83796005428ed9935,2024-05-09 14:05:47,2e+18,0xc02aaa39b223fe8d0a0e5c4f27ead9083c756cc2,,,,2024-05-10 14:05:47,0x129e53c57cd536d2ca78c2bef6e5e9c3afd6f2fa3df84de83796005428ed9935,True,2024-05-10 14:10:47,WETH,3689.3986,False,True,,86700.0,True,False
0x51881a1cde5dbae15d02ae1824940b19768d8f2b,0xc57d3434d7cf908892371fce571d151c229f3d0ff92896b3e4cf66f824211b39,2024-05-09 13:05:59,600000000.0,0xa0b86991c6218b36c1d19d4a2e9eb0ce3606eb48,,,,2024-05-10 13:05:59,0xc57d3434d7cf908892371fce571d151c229f3d0ff92896b3e4cf66f824211b39,True,2024-05-10 13:06:23,USDC,599.94,False,True,,86424.0,True,False
0x51881a1cde5dbae15d02ae1824940b19768d8f2b,0x350e075d23c9a199976681a1f13e6ab437069890e48c49cf33a4343ae2f7e403,2024-05-08 13:06:59,600000000.0,0xa0b86991c6218b36c1d19d4a2e9eb0ce3606eb48,,,,2024-05-09 13:06:59,0x350e075d23c9a199976681a1f13e6ab437069890e48c49cf33a4343ae2f7e403,True,2024-05-09 13:10:59,USDC,599.94,False,True,,86640.0,True,False
0x51881a1cde5dbae15d02ae1824940b19768d8f2b,0x774b50c2a7f2f6c90b04a8a2adc864b04642300c5362696e7140f55a84702566,2024-05-07 13:06:11,600000000.0,0xa0b86991c6218b36c1d19d4a2e9eb0ce3606eb48,,,,2024-05-08 13:06:11,0x774b50c2a7f2f6c90b04a8a2adc864b04642300c5362696e7140f55a84702566,True,2024-05-08 13:06:59,USDC,599.94,False,True,,86448.0,True,False
0x33965f7d08f61a62b86c1ab9be5d82c42f4c3081,0x44724c89958550d3f3d2cf44834f59d9eb04d688b43a88f7db78afec6a7ef027,2024-05-07 07:55:59,2e+18,0xc02aaa39b223fe8d0a0e5c4f27ead9083c756cc2,,,,2024-05-10 07:55:59,0x44724c89958550d3f3d2cf44834f59d9eb04d688b43a88f7db78afec6a7ef027,True,2024-05-10 07:57:35,WETH,3689.3986,False,True,,259296.0,True,False
0x33965f7d08f61a62b86c1ab9be5d82c42f4c3081,0x476a2f7e8a1b05598184a76a2e4792abbf2322feeeaaf80d717ef26e45cceeee,2024-05-07 07:50:59,2e+18,0xc02aaa39b223fe8d0a0e5c4f27ead9083c756cc2,,,,2024-05-10 07:50:59,0x476a2f7e8a1b05598184a76a2e4792abbf2322feeeaaf80d717ef26e45cceeee,True,2024-05-10 07:55:59,WETH,3689.3986,False,True,,259500.0,True,False
0x51881a1cde5dbae15d02ae1824940b19768d8f2b,0xf4bad4e612de16852e1eab2c5e2850830228ce76475ab85f57d1e74776ec530f,2024-05-06 13:06:11,600000000.0,0xa0b86991c6218b36c1d19d4a2e9eb0ce3606eb48,,,,2024-05-07 13:06:11,0xf4bad4e612de16852e1eab2c5e2850830228ce76475ab85f57d1e74776ec530f,True,2024-05-07 13:11:11,USDC,599.94,False,True,,86700.0,True,False
0x51881a1cde5dbae15d02ae1824940b19768d8f2b,0x7fb925682d4afc644581dff208fa97dab5eaf550d64fcbe63c8ed0a1cdf1723e,2024-05-05 13:09:11,600000000.0,0xa0b86991c6218b36c1d19d4a2e9eb0ce3606eb48,,,,2024-05-06 13:09:11,0x7fb925682d4afc644581dff208fa97dab5eaf550d64fcbe63c8ed0a1cdf1723e,True,2024-05-06 13:10:59,USDC,599.94,False,True,,86508.0,True,False
0x33965f7d08f61a62b86c1ab9be5d82c42f4c3081,0x043ee0d28ea39e1062f9ef174c2220480dfc6c6e1fa62d55fd1f49c79454f862,2024-05-05 11:56:11,2e+18,0xc02aaa39b223fe8d0a0e5c4f27ead9083c756cc2,,,,2024-05-08 11:56:11,0x043ee0d28ea39e1062f9ef174c2220480dfc6c6e1fa62d55fd1f49c79454f862,True,2024-05-08 12:00:47,WETH,3689.3986,False,True,,259476.0,True,False
0x51881a1cde5dbae15d02ae1824940b19768d8f2b,0x1ed0d46428e5dd13cd21a2673f2a03fc5b721bd5b816c07e951cf7875cbfc9d2,2024-05-04 13:05:35,600000000.0,0xa0b86991c6218b36c1d19d4a2e9eb0ce3606eb48,,,,2024-05-05 13:05:35,0x1ed0d46428e5dd13cd21a2673f2a03fc5b721bd5b816c07e951cf7875cbfc9d2,True,2024-05-05 13:05:47,USDC,599.94,False,True,,86412.0,True,False
0x51881a1cde5dbae15d02ae1824940b19768d8f2b,0xf83529ecfa5c29d2aa6d8e9e76422a71a56403f498b82513c5c8dce871cd7b14,2024-05-03 13:06:23,600000000.0,0xa0b86991c6218b36c1d19d4a2e9eb0ce3606eb48,,,,2024-05-04 13:06:23,0xf83529ecfa5c29d2aa6d8e9e76422a71a56403f498b82513c5c8dce871cd7b14,True,2024-05-04 13:10:35,USDC,599.94,False,True,,86652.0,True,False
0x51881a1cde5dbae15d02ae1824940b19768d8f2b,0xeb174d433a38b3bd284b089c7aba457edb2b331e88a66c73f446e8650133d97e,2024-05-02 13:06:11,600000000.0,0xa0b86991c6218b36c1d19d4a2e9eb0ce3606eb48,,,,2024-05-03 13:06:11,0xeb174d433a38b3bd284b089c7aba457edb2b331e88a66c73f446e8650133d97e,True,2024-05-03 13:06:23,USDC,599.94,False,True,,86412.0,True,False
0x51881a1cde5dbae15d02ae1824940b19768d8f2b,0xd9559616bf9cf9713c06f2e3b1d4e7dd5069ed46b31cc4c11b74a216340b7ef1,2024-05-01 13:05:59,600000000.0,0xa0b86991c6218b36c1d19d4a2e9eb0ce3606eb48,,,,2024-05-02 13:05:59,0xd9559616bf9cf9713c06f2e3b1d4e7dd5069ed46b31cc4c11b74a216340b7ef1,True,2024-05-02 13:06:11,USDC,599.94,False,True,,86412.0,True,False
0x51881a1cde5dbae15d02ae1824940b19768d8f2b,0x2dea379a2b90318eda9afbb8e06e4c3e41ab09c14363389edda203d58aa7aafd,2024-04-30 13:06:23,600000000.0,0xa0b86991c6218b36c1d19d4a2e9eb0ce3606eb48,,,,2024-05-01 13:06:23,0x2dea379a2b90318eda9afbb8e06e4c3e41ab09c14363389edda203d58aa7aafd,True,2024-05-01 13:10:35,USDC,599.94,False,True,,86652.0,True,False
0x51881a1cde5dbae15d02ae1824940b19768d8f2b,0xac18aa7c34b1bc46e658fa45ff331b129a50ab15c09359bd038ed6ce62e56c54,2024-04-29 13:05:59,600000000.0,0xa0b86991c6218b36c1d19d4a2e9eb0ce3606eb48,,,,2024-04-30 13:05:59,0xac18aa7c34b1bc46e658fa45ff331b129a50ab15c09359bd038ed6ce62e56c54,True,2024-04-30 13:06:23,USDC,599.94,False,True,,86424.0,True,False
0x51881a1cde5dbae15d02ae1824940b19768d8f2b,0x8958d1ba36c9a8cb2fed7eecffedbcd4cde88ae10cdf15cbab798f861b28b3f0,2024-04-29 12:08:47,600000000.0,0xa0b86991c6218b36c1d19d4a2e9eb0ce3606eb48,,,,2024-04-30 12:08:47,0x8958d1ba36c9a8cb2fed7eecffedbcd4cde88ae10cdf15cbab798f861b28b3f0,True,2024-04-30 12:10:35,USDC,599.94,False,True,,86508.0,True,False
0x33965f7d08f61a62b86c1ab9be5d82c42f4c3081,0x031dc74c64e72e4585d63408beaa083e2bf9bc511c21487e640f1b556dd82cf8,2024-04-26 20:45:47,2e+18,0xc02aaa39b223fe8d0a0e5c4f27ead9083c756cc2,,,,2024-04-28 20:45:47,0x031dc74c64e72e4585d63408beaa083e2bf9bc511c21487e640f1b556dd82cf8,True,2024-04-28 20:50:35,WETH,3689.3986,False,True,,173088.0,True,False
0x33965f7d08f61a62b86c1ab9be5d82c42f4c3081,0x7142bd4747e46d3573e94cff1ad0e3058652e835ea9ae833213a592fb89088de,2024-04-25 00:40:59,2e+18,0xc02aaa39b223fe8d0a0e5c4f27ead9083c756cc2,,,,2024-04-28 00:40:59,0x7142bd4747e46d3573e94cff1ad0e3058652e835ea9ae833213a592fb89088de,True,2024-04-28 00:45:47,WETH,3689.3986,False,True,,259488.0,True,False
0x51881a1cde5dbae15d02ae1824940b19768d8f2b,0x10bc42f58e9fce4c6e97d0ed9e2bc3c9cde6c16074935353e605177c02972921,2024-04-24 06:07:35,600000000.0,0xa0b86991c6218b36c1d19d4a2e9eb0ce3606eb48,,,,2024-04-25 06:07:35,0x10bc42f58e9fce4c6e97d0ed9e2bc3c9cde6c16074935353e605177c02972921,True,2024-04-25 06:10:35,USDC,599.94,False,True,,86580.0,True,False
0x51881a1cde5dbae15d02ae1824940b19768d8f2b,0xec686f6c48f0e3b96d855ed8b1ff40e592da2e3a80b59da37d0f6b0f2e1a72c5,2024-04-23 06:06:59,600000000.0,0xa0b86991c6218b36c1d19d4a2e9eb0ce3606eb48,,,,2024-04-24 06:06:59,0xec686f6c48f0e3b96d855ed8b1ff40e592da2e3a80b59da37d0f6b0f2e1a72c5,True,2024-04-24 06:07:35,USDC,599.94,False,True,,86436.0,True,False
0x51881a1cde5dbae15d02ae1824940b19768d8f2b,0xcb936f6917a27ce836b21226680154af9f52f48c677db2e6bcdeafc82c251ba7,2024-04-22 06:06:59,600000000.0,0xa0b86991c6218b36c1d19d4a2e9eb0ce3606eb48,,,,2024-04-23 06:06:59,0xcb936f6917a27ce836b21226680154af9f52f48c677db2e6bcdeafc82c251ba7,True,2024-04-23 06:10:47,USDC,599.94,False,True,,86628.0,True,False
0x51881a1cde5dbae15d02ae1824940b19768d8f2b,0x862453f1b187627ccb1ec97d036dd17cb97682c49190c32d6d01f20cbf23ce56,2024-04-21 06:06:59,600000000.0,0xa0b86991c6218b36c1d19d4a2e9eb0ce3606eb48,,,,2024-04-22 06:06:59,0x862453f1b187627ccb1ec97d036dd17cb97682c49190c32d6d01f20cbf23ce56,True,2024-04-22 06:10:59,USDC,599.94,False,True,,86640.0,True,False
0x51881a1cde5dbae15d02ae1824940b19768d8f2b,0x60fb058a954dbbcb364d35ec5e43fb94ca22ed19e02b734e5cddaa4f4004005a,2024-04-20 06:06:47,600000000.0,0xa0b86991c6218b36c1d19d4a2e9eb0ce3606eb48,,,,2024-04-21 06:06:47,0x60fb058a954dbbcb364d35ec5e43fb94ca22ed19e02b734e5cddaa4f4004005a,True,2024-04-21 06:06:59,USDC,599.94,False,True,,86412.0,True,False
0x33965f7d08f61a62b86c1ab9be5d82c42f4c3081,0x951d5646db5f9744f08604bf4835fe225191fbca3af96ce443e63a1e199bdba1,2024-04-19 15:01:11,2e+18,0xc02aaa39b223fe8d0a0e5c4f27ead9083c756cc2,,,,2024-04-21 15:01:11,0x951d5646db5f9744f08604bf4835fe225191fbca3af96ce443e63a1e199bdba1,True,2024-04-21 15:02:11,WETH,3689.3986,False,True,,172860.0,True,False
0x51881a1cde5dbae15d02ae1824940b19768d8f2b,0x07b36c7e1d7f1b1b8e375c27a93adf48344196de62f10c11c8d4f7200ac0e304,2024-04-19 06:07:35,600000000.0,0xa0b86991c6218b36c1d19d4a2e9eb0ce3606eb48,,,,2024-04-20 06:07:35,0x07b36c7e1d7f1b1b8e375c27a93adf48344196de62f10c11c8d4f7200ac0e304,True,2024-04-20 06:10:47,USDC,599.94,False,True,,86592.0,True,False
0x33965f7d08f61a62b86c1ab9be5d82c42f4c3081,0xe3febedba17d361d41fa3f6df7be970498138e28cad1f7278c038acb0200ee84,2024-04-18 15:02:47,2e+18,0xc02aaa39b223fe8d0a0e5c4f27ead9083c756cc2,,,,2024-04-19 15:02:47,0xe3febedba17d361d41fa3f6df7be970498138e28cad1f7278c038acb0200ee84,True,2024-04-19 15:05:47,WETH,3689.3986,False,True,,86580.0,True,False
0x51881a1cde5dbae15d02ae1824940b19768d8f2b,0xa00505349d69d44e1a3da4c6e4e4e4e04a0f05750c47539726cab79991afb761,2024-04-18 06:06:23,600000000.0,0xa0b86991c6218b36c1d19d4a2e9eb0ce3606eb48,,,,2024-04-19 06:06:23,0xa00505349d69d44e1a3da4c6e4e4e4e04a0f05750c47539726cab79991afb761,True,2024-04-19 06:07:35,USDC,599.94,False,True,,86472.0,True,False
0x51881a1cde5dbae15d02ae1824940b19768d8f2b,0x72a1e63436c9304e96982d3e0a48e667275c7ac14203e965286016a62aaf6d1c,2024-04-17 06:06:23,600000000.0,0xa0b86991c6218b36c1d19d4a2e9eb0ce3606eb48,,,,2024-04-18 06:06:23,0x72a1e63436c9304e96982d3e0a48e667275c7ac14203e965286016a62aaf6d1c,True,2024-04-18 06:10:35,USDC,599.94,False,True,,86652.0,True,False
0x51881a1cde5dbae15d02ae1824940b19768d8f2b,0x5e947fce6a79324a3c89f4d6b1f77e531fee09a9c8f86c814a4203896575fe4b,2024-04-16 06:06:47,600000000.0,0xa0b86991c6218b36c1d19d4a2e9eb0ce3606eb48,,,,2024-04-17 06:06:47,0x5e947fce6a79324a3c89f4d6b1f77e531fee09a9c8f86c814a4203896575fe4b,True,2024-04-17 06:10:59,USDC,599.94,False,True,,86652.0,True,False
0x51881a1cde5dbae15d02ae1824940b19768d8f2b,0x503aed78b85ac4cd9b1f161aef374ecd06a0b0cd7f9d2c134cc281c0a755ba2d,2024-04-15 06:07:11,600000000.0,0xa0b86991c6218b36c1d19d4a2e9eb0ce3606eb48,,,,2024-04-16 06:07:11,0x503aed78b85ac4cd9b1f161aef374ecd06a0b0cd7f9d2c134cc281c0a755ba2d,True,2024-04-16 06:10:35,USDC,599.94,False,True,,86604.0,True,False
0x51881a1cde5dbae15d02ae1824940b19768d8f2b,0xd50b63f95b4a1bd7e063ec5874ea7d93eaaebf3d2cb7935cf068f6e92d71b345,2024-04-14 06:34:23,600000000.0,0xa0b86991c6218b36c1d19d4a2e9eb0ce3606eb48,,,,2024-04-15 06:34:23,0xd50b63f95b4a1bd7e063ec5874ea7d93eaaebf3d2cb7935cf068f6e92d71b345,True,2024-04-15 06:35:35,USDC,599.94,False,True,,86472.0,True,False
0x51881a1cde5dbae15d02ae1824940b19768d8f2b,0x85e09c07319be8583ce506782cf499222f73bce2dd960c7ed265a463968da11c,2024-04-13 06:06:11,600000000.0,0xa0b86991c6218b36c1d19d4a2e9eb0ce3606eb48,,,,2024-04-14 06:06:11,0x85e09c07319be8583ce506782cf499222f73bce2dd960c7ed265a463968da11c,True,2024-04-14 06:10:35,USDC,599.94,False,True,,86664.0,True,False
0x51881a1cde5dbae15d02ae1824940b19768d8f2b,0xde11246ae31f363ec1ca86ccd99d1bf87fd9b5d9ccd54e7dc0ee49b8197a32f9,2024-04-12 06:06:35,600000000.0,0xa0b86991c6218b36c1d19d4a2e9eb0ce3606eb48,,,,2024-04-13 06:06:35,0xde11246ae31f363ec1ca86ccd99d1bf87fd9b5d9ccd54e7dc0ee49b8197a32f9,True,2024-04-13 06:10:47,USDC,599.94,False,True,,86652.0,True,False
0x33965f7d08f61a62b86c1ab9be5d82c42f4c3081,0x931d3c8bf4bcf0b1069e4537dcbfa0679879260ea424eed89423179517a22cea,2024-04-11 15:00:59,2e+18,0xc02aaa39b223fe8d0a0e5c4f27ead9083c756cc2,,,,2024-04-13 15:00:59,0x931d3c8bf4bcf0b1069e4537dcbfa0679879260ea424eed89423179517a22cea,True,2024-04-13 15:05:47,WETH,3689.3986,False,True,,173088.0,True,False
0x51881a1cde5dbae15d02ae1824940b19768d8f2b,0xb22a4f86ee692509647cb8b4977f846f0fbc8d77c321f0d05d9fcf23a4d5fff0,2024-04-11 06:06:47,600000000.0,0xa0b86991c6218b36c1d19d4a2e9eb0ce3606eb48,,,,2024-04-12 06:06:47,0xb22a4f86ee692509647cb8b4977f846f0fbc8d77c321f0d05d9fcf23a4d5fff0,True,2024-04-12 06:10:47,USDC,599.94,False,True,,86640.0,True,False
0x51881a1cde5dbae15d02ae1824940b19768d8f2b,0xe25faf574d7f659f2c340a27b45b58e7de8db4bceba1ecf1c6b9893cebbfef64,2024-04-10 06:06:47,600000000.0,0xa0b86991c6218b36c1d19d4a2e9eb0ce3606eb48,,,,2024-04-11 06:06:47,0xe25faf574d7f659f2c340a27b45b58e7de8db4bceba1ecf1c6b9893cebbfef64,True,2024-04-11 06:10:59,USDC,599.94,False,True,,86652.0,True,False
0x33965f7d08f61a62b86c1ab9be5d82c42f4c3081,0xe3a2b6888c36666ad640cfdb385c48202c35634d020bd64d20239d82ea327adc,2024-04-09 14:50:59,2e+18,0xc02aaa39b223fe8d0a0e5c4f27ead9083c756cc2,,,,2024-04-11 14:50:59,0xe3a2b6888c36666ad640cfdb385c48202c35634d020bd64d20239d82ea327adc,True,2024-04-11 14:55:47,WETH,3689.3986,False,True,,173088.0,True,False
0x33965f7d08f61a62b86c1ab9be5d82c42f4c3081,0x40d05097cfcd27eaa2ef1aa541167a41797519e89768b782e6d6927d5582c8bb,2024-04-09 14:50:47,2e+18,0xc02aaa39b223fe8d0a0e5c4f27ead9083c756cc2,,,,2024-04-11 14:50:47,0x40d05097cfcd27eaa2ef1aa541167a41797519e89768b782e6d6927d5582c8bb,True,2024-04-11 14:55:35,WETH,3689.3986,False,True,,173088.0,True,False
0x51881a1cde5dbae15d02ae1824940b19768d8f2b,0xabd0a4b3d4b0569c3558e7e58f904d9467ccf221197de5a83f4e6a0fd7faaadf,2024-04-09 06:06:59,600000000.0,0xa0b86991c6218b36c1d19d4a2e9eb0ce3606eb48,,,,2024-04-10 06:06:59,0xabd0a4b3d4b0569c3558e7e58f904d9467ccf221197de5a83f4e6a0fd7faaadf,True,2024-04-10 06:10:47,USDC,599.94,False,True,,86628.0,True,False
0x33965f7d08f61a62b86c1ab9be5d82c42f4c3081,0xf5252f876f226750a74365f1f64cd6e333f548b4ff32fb2094c6e8bb79fa5fb3,2024-04-08 21:06:47,2e+18,0xc02aaa39b223fe8d0a0e5c4f27ead9083c756cc2,,,,2024-04-09 21:06:47,0xf5252f876f226750a74365f1f64cd6e333f548b4ff32fb2094c6e8bb79fa5fb3,True,2024-04-09 21:10:35,WETH,3689.3986,False,True,,86628.0,True,False
0x51881a1cde5dbae15d02ae1824940b19768d8f2b,0xb29ef453618f65a7030b425b1ca3338a120ec6f05a81d4a26554a88e3ebe59b9,2024-04-08 06:07:47,600000000.0,0xa0b86991c6218b36c1d19d4a2e9eb0ce3606eb48,,,,2024-04-09 06:07:47,0xb29ef453618f65a7030b425b1ca3338a120ec6f05a81d4a26554a88e3ebe59b9,True,2024-04-09 06:10:47,USDC,599.94,False,True,,86580.0,True,False
0x51881a1cde5dbae15d02ae1824940b19768d8f2b,0x979f6b5ccbafc0da766b8f6fe36bd067fe330e9e376033bba4ed9900596945c5,2024-04-07 06:06:59,600000000.0,0xa0b86991c6218b36c1d19d4a2e9eb0ce3606eb48,,,,2024-04-08 06:06:59,0x979f6b5ccbafc0da766b8f6fe36bd067fe330e9e376033bba4ed9900596945c5,True,2024-04-08 06:07:47,USDC,599.94,False,True,,86448.0,True,False
0x51881a1cde5dbae15d02ae1824940b19768d8f2b,0x389e3b38da7cb030398d863c9997d4a6058f8699d81518463a5da800db5a2664,2024-04-06 10:02:35,600000000.0,0xa0b86991c6218b36c1d19d4a2e9eb0ce3606eb48,,,,2024-04-07 10:02:35,0x389e3b38da7cb030398d863c9997d4a6058f8699d81518463a5da800db5a2664,True,2024-04-07 10:05:35,USDC,599.94,False,True,,86580.0,True,False
0x51881a1cde5dbae15d02ae1824940b19768d8f2b,0x759e7ca7d544f01645600352bba8227f6989f0c22a3891a4e9d3c393e97500d5,2024-04-05 06:07:11,600000000.0,0xa0b86991c6218b36c1d19d4a2e9eb0ce3606eb48,,,,2024-04-06 06:07:11,0x759e7ca7d544f01645600352bba8227f6989f0c22a3891a4e9d3c393e97500d5,True,2024-04-06 06:10:35,USDC,599.94,False,True,,86604.0,True,False
0x51881a1cde5dbae15d02ae1824940b19768d8f2b,0x5d49b18eaf4e8f7342ed19ef32e5146dcf1938125bcbd4002c3e3507871b8a7a,2024-04-04 06:07:59,600000000.0,0xa0b86991c6218b36c1d19d4a2e9eb0ce3606eb48,,,,2024-04-05 06:07:59,0x5d49b18eaf4e8f7342ed19ef32e5146dcf1938125bcbd4002c3e3507871b8a7a,True,2024-04-05 06:10:35,USDC,599.94,False,True,,86556.0,True,False
0x51881a1cde5dbae15d02ae1824940b19768d8f2b,0x4c54fde11df2cb97adbde37b761f28b2ab92685ec495225cc52392029431844b,2024-04-03 06:06:23,600000000.0,0xa0b86991c6218b36c1d19d4a2e9eb0ce3606eb48,,,,2024-04-04 06:06:23,0x4c54fde11df2cb97adbde37b761f28b2ab92685ec495225cc52392029431844b,True,2024-04-04 06:07:59,USDC,599.94,False,True,,86496.0,True,False
0x33965f7d08f61a62b86c1ab9be5d82c42f4c3081,0xd2e1c9f16e9f6eeffacd11dc23d5b34d5c81746d5e6d408a595aa93da040abc8,2024-04-03 03:05:59,2e+18,0xc02aaa39b223fe8d0a0e5c4f27ead9083c756cc2,,,,2024-04-04 03:05:59,0xd2e1c9f16e9f6eeffacd11dc23d5b34d5c81746d5e6d408a595aa93da040abc8,True,2024-04-04 03:10:35,WETH,3689.3986,False,True,,86676.0,True,False
0x51881a1cde5dbae15d02ae1824940b19768d8f2b,0x516f7962d1ad585affce13794df329f4bded752eab1ddc11ca5c1f22c9e9b658,2024-04-02 06:08:59,600000000.0,0xa0b86991c6218b36c1d19d4a2e9eb0ce3606eb48,,,,2024-04-03 06:08:59,0x516f7962d1ad585affce13794df329f4bded752eab1ddc11ca5c1f22c9e9b658,True,2024-04-03 06:10:47,USDC,599.94,False,True,,86508.0,True,False
0x33965f7d08f61a62b86c1ab9be5d82c42f4c3081,0x1795fdc07fd42b0de99f5e3f6401d1fcfc17eabf129760d9da2e1d8858fe7187,2024-04-01 20:05:59,2e+18,0xc02aaa39b223fe8d0a0e5c4f27ead9083c756cc2,,,,2024-04-02 20:05:59,0x1795fdc07fd42b0de99f5e3f6401d1fcfc17eabf129760d9da2e1d8858fe7187,True,2024-04-02 20:10:47,WETH,3689.3986,False,True,,86688.0,True,False
0x51881a1cde5dbae15d02ae1824940b19768d8f2b,0x167e791f7b42d379c5270886b5edfe4f1de20a68ffa60724b9f6df382d032319,2024-04-01 06:07:23,600000000.0,0xa0b86991c6218b36c1d19d4a2e9eb0ce3606eb48,,,,2024-04-02 06:07:23,0x167e791f7b42d379c5270886b5edfe4f1de20a68ffa60724b9f6df382d032319,True,2024-04-02 06:08:59,USDC,599.94,False,True,,86496.0,True,False
0x51881a1cde5dbae15d02ae1824940b19768d8f2b,0xe33fab4804fa7c425d547a538466cb32f417c47e92bc1fc944227a3c7cc1fff2,2024-03-31 06:06:35,600000000.0,0xa0b86991c6218b36c1d19d4a2e9eb0ce3606eb48,,,,2024-04-01 06:06:35,0xe33fab4804fa7c425d547a538466cb32f417c47e92bc1fc944227a3c7cc1fff2,True,2024-04-01 06:07:23,USDC,599.94,False,True,,86448.0,True,False
0x51881a1cde5dbae15d02ae1824940b19768d8f2b,0x1662463ebf6aa0cd40b34a2f7cbca83b65d7a0700a35d72a93236fcaae85d0a6,2024-03-30 06:06:23,600000000.0,0xa0b86991c6218b36c1d19d4a2e9eb0ce3606eb48,,,,2024-03-31 06:06:23,0x1662463ebf6aa0cd40b34a2f7cbca83b65d7a0700a35d72a93236fcaae85d0a6,True,2024-03-31 06:06:35,USDC,599.94,False,True,,86412.0,True,False
0x51881a1cde5dbae15d02ae1824940b19768d8f2b,0xdfbe31195cbf512817f2f7c2d037a9b1426bca3eabd1c9f8f7900033356b88d7,2024-03-29 06:07:59,600000000.0,0xa0b86991c6218b36c1d19d4a2e9eb0ce3606eb48,,,,2024-03-30 06:07:59,0xdfbe31195cbf512817f2f7c2d037a9b1426bca3eabd1c9f8f7900033356b88d7,True,2024-03-30 06:10:47,USDC,599.94,False,True,,86568.0,True,False
0x51881a1cde5dbae15d02ae1824940b19768d8f2b,0x77175e939a6e098d26994039de58975e46beb38a4f508ce0860d3af87d9bb8bc,2024-03-28 06:07:11,600000000.0,0xa0b86991c6218b36c1d19d4a2e9eb0ce3606eb48,,,,2024-03-29 06:07:11,0x77175e939a6e098d26994039de58975e46beb38a4f508ce0860d3af87d9bb8bc,True,2024-03-29 06:07:59,USDC,599.94,False,True,,86448.0,True,False
0x33965f7d08f61a62b86c1ab9be5d82c42f4c3081,0x44d5f5060b673d273cf58151c5e891f3bee508070911fa7ed606ae3238e3b30d,2024-03-27 16:01:11,2e+18,0xc02aaa39b223fe8d0a0e5c4f27ead9083c756cc2,,,,2024-03-28 16:01:11,0x44d5f5060b673d273cf58151c5e891f3bee508070911fa7ed606ae3238e3b30d,True,2024-03-28 16:05:47,WETH,3689.3986,False,True,,86676.0,True,False
0x33965f7d08f61a62b86c1ab9be5d82c42f4c3081,0xb111c07a17986e20c1313a0882ea2cafc7fbcd2d2ad7e04243638ad80a29b6f8,2024-03-27 09:20:47,2e+18,0xc02aaa39b223fe8d0a0e5c4f27ead9083c756cc2,,,,2024-03-29 09:20:47,0xb111c07a17986e20c1313a0882ea2cafc7fbcd2d2ad7e04243638ad80a29b6f8,True,2024-03-29 09:25:47,WETH,3689.3986,False,True,,173100.0,True,False
0x51881a1cde5dbae15d02ae1824940b19768d8f2b,0xdefb8fddd3b337cdfbd35ea06495580a383dab1a67812558bb30ac0e43e97ff6,2024-03-27 06:06:59,600000000.0,0xa0b86991c6218b36c1d19d4a2e9eb0ce3606eb48,,,,2024-03-28 06:06:59,0xdefb8fddd3b337cdfbd35ea06495580a383dab1a67812558bb30ac0e43e97ff6,True,2024-03-28 06:07:11,USDC,599.94,False,True,,86412.0,True,False
0xaccfaa3a39f3681e07f5d6ecc0a9cdd86c2eb775,0x315f03df9920eee98360e21876596ab4982530f4adf5d3332ca0e39de480701d,2024-03-26 23:42:11,5e+18,0xc02aaa39b223fe8d0a0e5c4f27ead9083c756cc2,,,,2024-03-29 23:42:11,0x315f03df9920eee98360e21876596ab4982530f4adf5d3332ca0e39de480701d,True,2024-03-29 23:45:35,WETH,9223.4965,False,True,,259404.0,True,False
0x33965f7d08f61a62b86c1ab9be5d82c42f4c3081,0x0eaef44d31b9656923c2fef47929bf65b9207edc4999563a80d4d4601d057497,2024-03-26 23:21:11,2e+18,0xc02aaa39b223fe8d0a0e5c4f27ead9083c756cc2,,,,2024-03-27 23:21:11,0x0eaef44d31b9656923c2fef47929bf65b9207edc4999563a80d4d4601d057497,True,2024-03-27 23:25:35,WETH,3689.3986,False,True,,86664.0,True,False
0x51881a1cde5dbae15d02ae1824940b19768d8f2b,0x7bc0ab9d646acc28cec92fd5fa2d43cd8bd28b65168270842e4d3e9e16836923,2024-03-26 06:07:59,600000000.0,0xa0b86991c6218b36c1d19d4a2e9eb0ce3606eb48,,,,2024-03-27 06:07:59,0x7bc0ab9d646acc28cec92fd5fa2d43cd8bd28b65168270842e4d3e9e16836923,True,2024-03-27 06:10:47,USDC,599.94,False,True,,86568.0,True,False
0x51881a1cde5dbae15d02ae1824940b19768d8f2b,0x7d9576a503411a3ec1cc61ec2df0e56b0a1144e3930e122a5890adc43effb47f,2024-03-25 06:07:23,600000000.0,0xa0b86991c6218b36c1d19d4a2e9eb0ce3606eb48,,,,2024-03-26 06:07:23,0x7d9576a503411a3ec1cc61ec2df0e56b0a1144e3930e122a5890adc43effb47f,True,2024-03-26 06:07:59,USDC,599.94,False,True,,86436.0,True,False
0x51881a1cde5dbae15d02ae1824940b19768d8f2b,0x7a8f6ee8dfd31356202e5825685aeb7ab780e5380eae3e058b9126e2ade5c842,2024-03-24 06:06:59,600000000.0,0xa0b86991c6218b36c1d19d4a2e9eb0ce3606eb48,,,,2024-03-25 06:06:59,0x7a8f6ee8dfd31356202e5825685aeb7ab780e5380eae3e058b9126e2ade5c842,True,2024-03-25 06:07:23,USDC,599.94,False,True,,86424.0,True,False
0x51881a1cde5dbae15d02ae1824940b19768d8f2b,0x394b6d68a89d1e3fc66d6f1b61f110b645534efb6ea295c165cbea0e94ec0890,2024-03-23 06:08:59,600000000.0,0xa0b86991c6218b36c1d19d4a2e9eb0ce3606eb48,,,,2024-03-24 06:08:59,0x394b6d68a89d1e3fc66d6f1b61f110b645534efb6ea295c165cbea0e94ec0890,True,2024-03-24 06:10:47,USDC,599.94,False,True,,86508.0,True,False
0x51881a1cde5dbae15d02ae1824940b19768d8f2b,0x1fc3406745837e3d8b509fd6136205aa23a5a3cb5265326e9debcb7afb2d9aa1,2024-03-22 06:08:35,600000000.0,0xa0b86991c6218b36c1d19d4a2e9eb0ce3606eb48,,,,2024-03-23 06:08:35,0x1fc3406745837e3d8b509fd6136205aa23a5a3cb5265326e9debcb7afb2d9aa1,True,2024-03-23 06:08:59,USDC,599.94,False,True,,86424.0,True,False
0x51881a1cde5dbae15d02ae1824940b19768d8f2b,0x86c7a244b79ab55b45f371790f1d21b72774033ea0f90e70ebe7f144021894a8,2024-03-21 06:09:35,600000000.0,0xa0b86991c6218b36c1d19d4a2e9eb0ce3606eb48,,,,2024-03-22 06:09:35,0x86c7a244b79ab55b45f371790f1d21b72774033ea0f90e70ebe7f144021894a8,True,2024-03-22 06:10:35,USDC,599.94,False,True,,86460.0,True,False
0x51881a1cde5dbae15d02ae1824940b19768d8f2b,0xeef0bdf9250b694958f64ed0d85faece5772e412af58ceb3308fbedba4583666,2024-03-20 06:06:59,600000000.0,0xa0b86991c6218b36c1d19d4a2e9eb0ce3606eb48,,,,2024-03-21 06:06:59,0xeef0bdf9250b694958f64ed0d85faece5772e412af58ceb3308fbedba4583666,True,2024-03-21 06:09:35,USDC,599.94,False,True,,86556.0,True,False
0x51881a1cde5dbae15d02ae1824940b19768d8f2b,0xf172b471913f64c015feb3f0458e75edb0b155d5d8356711f98aa1ff6fdd76d0,2024-03-19 06:06:35,600000000.0,0xa0b86991c6218b36c1d19d4a2e9eb0ce3606eb48,,,,2024-03-20 06:06:35,0xf172b471913f64c015feb3f0458e75edb0b155d5d8356711f98aa1ff6fdd76d0,True,2024-03-20 06:06:59,USDC,599.94,False,True,,86424.0,True,False
0x51881a1cde5dbae15d02ae1824940b19768d8f2b,0x43dc38646651589e96ee8010a210845352113fe839de79913e4c53d703845949,2024-03-18 06:07:11,600000000.0,0xa0b86991c6218b36c1d19d4a2e9eb0ce3606eb48,,,,2024-03-19 06:07:11,0x43dc38646651589e96ee8010a210845352113fe839de79913e4c53d703845949,True,2024-03-19 06:10:35,USDC,599.94,False,True,,86604.0,True,False
0x51881a1cde5dbae15d02ae1824940b19768d8f2b,0xf0a43e5ab227c5d06e15aab8c23648a2a33165f63d37830bb61e71286ce44306,2024-03-17 06:06:23,600000000.0,0xa0b86991c6218b36c1d19d4a2e9eb0ce3606eb48,,,,2024-03-18 06:06:23,0xf0a43e5ab227c5d06e15aab8c23648a2a33165f63d37830bb61e71286ce44306,True,2024-03-18 06:07:11,USDC,599.94,False,True,,86448.0,True,False
0x51881a1cde5dbae15d02ae1824940b19768d8f2b,0x2a7f4fe2552c7c396cffaa07011c778d1e99c3a90fb7694bf3e861acc5d26949,2024-03-16 06:05:59,600000000.0,0xa0b86991c6218b36c1d19d4a2e9eb0ce3606eb48,,,,2024-03-17 06:05:59,0x2a7f4fe2552c7c396cffaa07011c778d1e99c3a90fb7694bf3e861acc5d26949,True,2024-03-17 06:06:23,USDC,599.94,False,True,,86424.0,True,False
0xd333746e878b544c87e855018af40c8a0e133d6f,0x371fedd1fec193d5a0a71af163834306fa209f3986eb59b63b5bdef40b899029,2024-03-15 23:52:47,5e+18,0xc02aaa39b223fe8d0a0e5c4f27ead9083c756cc2,,,,2024-03-18 23:52:47,0x371fedd1fec193d5a0a71af163834306fa209f3986eb59b63b5bdef40b899029,True,2024-03-18 23:55:35,WETH,9223.4965,False,True,,259368.0,True,False
0x51881a1cde5dbae15d02ae1824940b19768d8f2b,0x50dbef0b44c9f9d1e4feb2be340dc640b63852414f5462b391d4e31324e4f715,2024-03-15 06:07:59,600000000.0,0xa0b86991c6218b36c1d19d4a2e9eb0ce3606eb48,,,,2024-03-16 06:07:59,0x50dbef0b44c9f9d1e4feb2be340dc640b63852414f5462b391d4e31324e4f715,True,2024-03-16 06:10:47,USDC,599.94,False,True,,86568.0,True,False
0x51881a1cde5dbae15d02ae1824940b19768d8f2b,0xd8222eae83e2cc49f30141d9600c92fe92fefe36dc4c2cb0b1d0e9bc34d34c8c,2024-03-14 06:06:35,600000000.0,0xa0b86991c6218b36c1d19d4a2e9eb0ce3606eb48,,,,2024-03-15 06:06:35,0xd8222eae83e2cc49f30141d9600c92fe92fefe36dc4c2cb0b1d0e9bc34d34c8c,True,2024-03-15 06:07:59,USDC,599.94,False,True,,86484.0,True,False
0x51881a1cde5dbae15d02ae1824940b19768d8f2b,0x753c4fb84140360fb11437dd1393d55d006ea6f3a340d7884126edbb96fd3be7,2024-03-13 06:06:23,600000000.0,0xa0b86991c6218b36c1d19d4a2e9eb0ce3606eb48,,,,2024-03-14 06:06:23,0x753c4fb84140360fb11437dd1393d55d006ea6f3a340d7884126edbb96fd3be7,True,2024-03-14 06:06:35,USDC,599.94,False,True,,86412.0,True,False
0x51881a1cde5dbae15d02ae1824940b19768d8f2b,0xc8908ef60ef7bb8fcb1b0d0b2cd613a9bd4209356786a4ecefb480dabd0325d5,2024-03-12 06:06:35,600000000.0,0xa0b86991c6218b36c1d19d4a2e9eb0ce3606eb48,,,,2024-03-13 06:06:35,0xc8908ef60ef7bb8fcb1b0d0b2cd613a9bd4209356786a4ecefb480dabd0325d5,True,2024-03-13 06:10:47,USDC,599.94,False,True,,86652.0,True,False
0x51881a1cde5dbae15d02ae1824940b19768d8f2b,0x68319af057621809267eb6854cdbb0b8328edf64ba80d38500f875049bae3af5,2024-03-11 06:06:47,600000000.0,0xa0b86991c6218b36c1d19d4a2e9eb0ce3606eb48,,,,2024-03-12 06:06:47,0x68319af057621809267eb6854cdbb0b8328edf64ba80d38500f875049bae3af5,True,2024-03-12 06:10:35,USDC,599.94,False,True,,86628.0,True,False
0x51881a1cde5dbae15d02ae1824940b19768d8f2b,0x9c5c4eb1e050009854fc17e943adb4c39b786cfc10397ba856e805b94d2e9199,2024-03-10 06:05:47,600000000.0,0xa0b86991c6218b36c1d19d4a2e9eb0ce3606eb48,,,,2024-03-11 06:05:47,0x9c5c4eb1e050009854fc17e943adb4c39b786cfc10397ba856e805b94d2e9199,True,2024-03-11 06:06:47,USDC,599.94,False,True,,86460.0,True,False
0x51881a1cde5dbae15d02ae1824940b19768d8f2b,0xb3f1f54fb8b5f686154d5b1189e43ef7f5b3718a5be830b904a74423bbac9444,2024-03-09 06:07:47,600000000.0,0xa0b86991c6218b36c1d19d4a2e9eb0ce3606eb48,,,,2024-03-10 06:07:47,0xb3f1f54fb8b5f686154d5b1189e43ef7f5b3718a5be830b904a74423bbac9444,True,2024-03-10 06:10:35,USDC,599.94,False,True,,86568.0,True,False
0x51881a1cde5dbae15d02ae1824940b19768d8f2b,0x4f8ff2f2a10a5a3a618ffad24375ad9d0f94cec876035dc7fe0bd13b9b000b32,2024-03-08 06:06:59,600000000.0,0xa0b86991c6218b36c1d19d4a2e9eb0ce3606eb48,,,,2024-03-09 06:06:59,0x4f8ff2f2a10a5a3a618ffad24375ad9d0f94cec876035dc7fe0bd13b9b000b32,True,2024-03-09 06:07:47,USDC,599.94,False,True,,86448.0,True,False
0x51881a1cde5dbae15d02ae1824940b19768d8f2b,0x31bd38ffdc98050a7790bcdab38f13b1b12f6fd1b81e0d4fdae70b17040518cf,2024-03-07 06:07:47,600000000.0,0xa0b86991c6218b36c1d19d4a2e9eb0ce3606eb48,,,,2024-03-08 06:07:47,0x31bd38ffdc98050a7790bcdab38f13b1b12f6fd1b81e0d4fdae70b17040518cf,True,2024-03-08 06:10:35,USDC,599.94,False,True,,86568.0,True,False
0x51881a1cde5dbae15d02ae1824940b19768d8f2b,0x62b101a25db8d84b1d67a4652df35e4b68b7ddce31ad04ce93294ee57c7ac17c,2024-03-06 06:06:47,600000000.0,0xa0b86991c6218b36c1d19d4a2e9eb0ce3606eb48,,,,2024-03-07 06:06:47,0x62b101a25db8d84b1d67a4652df35e4b68b7ddce31ad04ce93294ee57c7ac17c,True,2024-03-07 06:07:47,USDC,599.94,False,True,,86460.0,True,False
0x51881a1cde5dbae15d02ae1824940b19768d8f2b,0x5e28efd34ab2310f753d22a9fda15bfbd9823600b05153110307991fa0897433,2024-03-05 06:06:35,600000000.0,0xa0b86991c6218b36c1d19d4a2e9eb0ce3606eb48,,,,2024-03-06 06:06:35,0x5e28efd34ab2310f753d22a9fda15bfbd9823600b05153110307991fa0897433,True,2024-03-06 06:06:47,USDC,599.94,False,True,,86412.0,True,False
0x51881a1cde5dbae15d02ae1824940b19768d8f2b,0xec340a1e1b0d942529af6fc3df9befb1850bbba023aa24ee7292ca0b1e3c9a48,2024-03-04 06:21:59,600000000.0,0xa0b86991c6218b36c1d19d4a2e9eb0ce3606eb48,,,,2024-03-05 06:21:59,0xec340a1e1b0d942529af6fc3df9befb1850bbba023aa24ee7292ca0b1e3c9a48,True,2024-03-05 06:25:35,USDC,599.94,False,True,,86616.0,True,False
0x51881a1cde5dbae15d02ae1824940b19768d8f2b,0x28ff762512652a5a016928b33147cc7a3737fdc40fa38b4d528fd6fd295ab315,2024-03-03 06:07:23,600000000.0,0xa0b86991c6218b36c1d19d4a2e9eb0ce3606eb48,,,,2024-03-04 06:07:23,0x28ff762512652a5a016928b33147cc7a3737fdc40fa38b4d528fd6fd295ab315,True,2024-03-04 06:10:47,USDC,599.94,False,True,,86604.0,True,False
0x51881a1cde5dbae15d02ae1824940b19768d8f2b,0x4775af1df8b8a9185634b3fb020d0cb3062e903e9aa3a666ca0a9778a6b2e427,2024-03-02 06:07:35,600000000.0,0xa0b86991c6218b36c1d19d4a2e9eb0ce3606eb48,,,,2024-03-03 06:07:35,0x4775af1df8b8a9185634b3fb020d0cb3062e903e9aa3a666ca0a9778a6b2e427,True,2024-03-03 06:10:47,USDC,599.94,False,True,,86592.0,True,False
0x51881a1cde5dbae15d02ae1824940b19768d8f2b,0x8ab25a89b18de8555a9bd000d301abed103ec288414da37bec13e332b8b8da9f,2024-03-01 06:07:59,600000000.0,0xa0b86991c6218b36c1d19d4a2e9eb0ce3606eb48,,,,2024-03-02 06:07:59,0x8ab25a89b18de8555a9bd000d301abed103ec288414da37bec13e332b8b8da9f,True,2024-03-02 06:10:47,USDC,599.94,False,True,,86568.0,True,False
0x51881a1cde5dbae15d02ae1824940b19768d8f2b,0xf545ccc3c53a4f98448ec6b7d88f8aa3f17aa847d8820207f9bb5b1ddb3d98c9,2024-02-29 06:08:23,600000000.0,0xa0b86991c6218b36c1d19d4a2e9eb0ce3606eb48,,,,2024-03-01 06:08:23,0xf545ccc3c53a4f98448ec6b7d88f8aa3f17aa847d8820207f9bb5b1ddb3d98c9,True,2024-03-01 06:10:47,USDC,599.94,False,True,,86544.0,True,False
0x51881a1cde5dbae15d02ae1824940b19768d8f2b,0x6eee53ced7a0c3edc86071e29c0ba89ff9ce5f6eb48a23d0af63b3d460b713cc,2024-02-28 06:07:35,600000000.0,0xa0b86991c6218b36c1d19d4a2e9eb0ce3606eb48,,,,2024-02-29 06:07:35,0x6eee53ced7a0c3edc86071e29c0ba89ff9ce5f6eb48a23d0af63b3d460b713cc,True,2024-02-29 06:08:23,USDC,599.94,False,True,,86448.0,True,False
0x51881a1cde5dbae15d02ae1824940b19768d8f2b,0x36d48ad4ba0b2b5c130f28539d9c08bbdf6e4ce3d5ebf412a8468051c5376c88,2024-02-27 06:06:47,600000000.0,0xa0b86991c6218b36c1d19d4a2e9eb0ce3606eb48,,,,2024-02-28 06:06:47,0x36d48ad4ba0b2b5c130f28539d9c08bbdf6e4ce3d5ebf412a8468051c5376c88,True,2024-02-28 06:07:35,USDC,599.94,False,True,,86448.0,True,False
0x51881a1cde5dbae15d02ae1824940b19768d8f2b,0xd09565edad66db5ca6736b3da86d5f9f069257560ca18d2c55bb52a3c563479f,2024-02-26 06:07:47,600000000.0,0xa0b86991c6218b36c1d19d4a2e9eb0ce3606eb48,,,,2024-02-27 06:07:47,0xd09565edad66db5ca6736b3da86d5f9f069257560ca18d2c55bb52a3c563479f,True,2024-02-27 06:10:47,USDC,599.94,False,True,,86580.0,True,False
0x51881a1cde5dbae15d02ae1824940b19768d8f2b,0x90ed0366bcfcfc2607f9ee4320d9ad613c5420520b9d4d95ed733826e28fd027,2024-02-25 06:07:47,600000000.0,0xa0b86991c6218b36c1d19d4a2e9eb0ce3606eb48,,,,2024-02-26 06:07:47,0x90ed0366bcfcfc2607f9ee4320d9ad613c5420520b9d4d95ed733826e28fd027,True,2024-02-26 06:10:35,USDC,599.94,False,True,,86568.0,True,False
0x51881a1cde5dbae15d02ae1824940b19768d8f2b,0xe513f82efe904053217903e5eb137097eaeda0728e3af43908a91c17cff11a57,2024-02-24 06:07:59,600000000.0,0xa0b86991c6218b36c1d19d4a2e9eb0ce3606eb48,,,,2024-02-25 06:07:59,0xe513f82efe904053217903e5eb137097eaeda0728e3af43908a91c17cff11a57,True,2024-02-25 06:10:35,USDC,599.94,False,True,,86556.0,True,False
0x51881a1cde5dbae15d02ae1824940b19768d8f2b,0xd4e04ee90719bc0627f8c9b562480e655f09e2ef59a440974f478f77eeebe935,2024-02-23 06:06:47,600000000.0,0xa0b86991c6218b36c1d19d4a2e9eb0ce3606eb48,,,,2024-02-24 06:06:47,0xd4e04ee90719bc0627f8c9b562480e655f09e2ef59a440974f478f77eeebe935,True,2024-02-24 06:07:59,USDC,599.94,False,True,,86472.0,True,False
0x51881a1cde5dbae15d02ae1824940b19768d8f2b,0x3f1a653bba0c746b146378b780313deca0a8a3ed69d0a36bcce803a83d64f69f,2024-02-22 06:06:59,600000000.0,0xa0b86991c6218b36c1d19d4a2e9eb0ce3606eb48,,,,2024-02-23 06:06:59,0x3f1a653bba0c746b146378b780313deca0a8a3ed69d0a36bcce803a83d64f69f,True,2024-02-23 06:10:47,USDC,599.94,False,True,,86628.0,True,False
0x51881a1cde5dbae15d02ae1824940b19768d8f2b,0x949cb0d9a7e26e78ec3d9937141ca347525ce6b0f73d3acf7f0c8bc22843b0da,2024-02-21 06:06:59,600000000.0,0xa0b86991c6218b36c1d19d4a2e9eb0ce3606eb48,,,,2024-02-22 06:06:59,0x949cb0d9a7e26e78ec3d9937141ca347525ce6b0f73d3acf7f0c8bc22843b0da,True,2024-02-22 06:10:35,USDC,599.94,False,True,,86616.0,True,False
0x51881a1cde5dbae15d02ae1824940b19768d8f2b,0x848ce2d178e7d7ec8582036beb01a8e3c3a1abff27132ff1f5cab7d51b8df57d,2024-02-20 06:06:47,600000000.0,0xa0b86991c6218b36c1d19d4a2e9eb0ce3606eb48,,,,2024-02-21 06:06:47,0x848ce2d178e7d7ec8582036beb01a8e3c3a1abff27132ff1f5cab7d51b8df57d,True,2024-02-21 06:06:59,USDC,599.94,False,True,,86412.0,True,False
0x51881a1cde5dbae15d02ae1824940b19768d8f2b,0x150aa9af98b8092f6a9273a3fbfdbfc3109dd28ff84efd9bc151ab46ca910257,2024-02-19 06:07:47,600000000.0,0xa0b86991c6218b36c1d19d4a2e9eb0ce3606eb48,,,,2024-02-20 06:07:47,0x150aa9af98b8092f6a9273a3fbfdbfc3109dd28ff84efd9bc151ab46ca910257,True,2024-02-20 06:11:23,USDC,599.94,False,True,,86616.0,True,False
0x51881a1cde5dbae15d02ae1824940b19768d8f2b,0x383bc108fbc5e1b61cb3c3c00d699c04ae3242c488ae1036a51f5073a775e574,2024-02-18 06:06:59,600000000.0,0xa0b86991c6218b36c1d19d4a2e9eb0ce3606eb48,,,,2024-02-19 06:06:59,0x383bc108fbc5e1b61cb3c3c00d699c04ae3242c488ae1036a51f5073a775e574,True,2024-02-19 06:07:47,USDC,599.94,False,True,,86448.0,True,False
0x51881a1cde5dbae15d02ae1824940b19768d8f2b,0xd6d6bfea27dbc1047cc50f1885c6a2291350a7212264f78480c7346b2a98c041,2024-02-17 06:07:11,600000000.0,0xa0b86991c6218b36c1d19d4a2e9eb0ce3606eb48,,,,2024-02-18 06:07:11,0xd6d6bfea27dbc1047cc50f1885c6a2291350a7212264f78480c7346b2a98c041,True,2024-02-18 06:10:35,USDC,599.94,False,True,,86604.0,True,False
0x51881a1cde5dbae15d02ae1824940b19768d8f2b,0xb53669e17eff718a6dc71f83c7fc3e6161c3e6f69c3e1f18d110393fdd3bcaec,2024-02-16 06:06:23,600000000.0,0xa0b86991c6218b36c1d19d4a2e9eb0ce3606eb48,,,,2024-02-17 06:06:23,0xb53669e17eff718a6dc71f83c7fc3e6161c3e6f69c3e1f18d110393fdd3bcaec,True,2024-02-17 06:07:11,USDC,599.94,False,True,,86448.0,True,False
0x51881a1cde5dbae15d02ae1824940b19768d8f2b,0x8921998f370332fdbc09fedc014288a9008d3c004db94397afb9e5f0a089289f,2024-02-15 06:07:11,600000000.0,0xa0b86991c6218b36c1d19d4a2e9eb0ce3606eb48,,,,2024-02-16 06:07:11,0x8921998f370332fdbc09fedc014288a9008d3c004db94397afb9e5f0a089289f,True,2024-02-16 06:11:11,USDC,599.94,False,True,,86640.0,True,False
0x51881a1cde5dbae15d02ae1824940b19768d8f2b,0x1593a0045fe00358e7ce1b61ffb38f0d5b5a7a1ab6da0536350e362c21fd6b90,2024-02-14 06:08:11,600000000.0,0xa0b86991c6218b36c1d19d4a2e9eb0ce3606eb48,,,,2024-02-15 06:08:11,0x1593a0045fe00358e7ce1b61ffb38f0d5b5a7a1ab6da0536350e362c21fd6b90,True,2024-02-15 06:10:59,USDC,599.94,False,True,,86568.0,True,False
0x33965f7d08f61a62b86c1ab9be5d82c42f4c3081,0x9298b9edd833421ff7471e0fe1083b6c9e123682c84b47ae28d5ebac46912be5,2024-02-13 22:06:23,2e+18,0xc02aaa39b223fe8d0a0e5c4f27ead9083c756cc2,,,,2024-02-16 22:06:23,0x9298b9edd833421ff7471e0fe1083b6c9e123682c84b47ae28d5ebac46912be5,True,2024-02-16 22:10:47,WETH,3689.3986,False,True,,259464.0,True,False
0x35bacd195496eec3b0d44c6caf392bbb36da4c8f,0x4048b4787e093eca01835e087d141e2ee5ad31ee083455b4442290d344be025e,2024-02-13 18:56:35,5e+18,0xc02aaa39b223fe8d0a0e5c4f27ead9083c756cc2,,,,2024-02-16 18:56:35,0x4048b4787e093eca01835e087d141e2ee5ad31ee083455b4442290d344be025e,True,2024-02-16 19:00:47,WETH,9223.4965,False,True,,259452.0,True,False
0x51881a1cde5dbae15d02ae1824940b19768d8f2b,0x424c804cebf9f0de78663115775361ffe391ccf7cffad1e45b6387d04cf73049,2024-02-13 06:06:59,600000000.0,0xa0b86991c6218b36c1d19d4a2e9eb0ce3606eb48,,,,2024-02-14 06:06:59,0x424c804cebf9f0de78663115775361ffe391ccf7cffad1e45b6387d04cf73049,True,2024-02-14 06:08:11,USDC,599.94,False,True,,86472.0,True,False
0x33965f7d08f61a62b86c1ab9be5d82c42f4c3081,0xbfbb197e3e65fd17f0f31ad2cfdec3a219d3c151560636ad526f91f0d8f4eccb,2024-02-12 18:00:59,2e+18,0xc02aaa39b223fe8d0a0e5c4f27ead9083c756cc2,,,,2024-02-15 18:00:59,0xbfbb197e3e65fd17f0f31ad2cfdec3a219d3c151560636ad526f91f0d8f4eccb,True,2024-02-15 18:01:23,WETH,3689.3986,False,True,,259224.0,True,False
0x51881a1cde5dbae15d02ae1824940b19768d8f2b,0xf57c1577f1c489378a9fdd2524a67c9841a5ae542eb85c4fc9f68402562b005f,2024-02-12 06:06:23,600000000.0,0xa0b86991c6218b36c1d19d4a2e9eb0ce3606eb48,,,,2024-02-13 06:06:23,0xf57c1577f1c489378a9fdd2524a67c9841a5ae542eb85c4fc9f68402562b005f,True,2024-02-13 06:06:59,USDC,599.94,False,True,,86436.0,True,False
0x51881a1cde5dbae15d02ae1824940b19768d8f2b,0x23acb1363fcd1dd161216756c6ad6a43cbaa2e731ca14e2406daf921909fb030,2024-02-11 06:07:47,600000000.0,0xa0b86991c6218b36c1d19d4a2e9eb0ce3606eb48,,,,2024-02-12 06:07:47,0x23acb1363fcd1dd161216756c6ad6a43cbaa2e731ca14e2406daf921909fb030,True,2024-02-12 06:10:35,USDC,599.94,False,True,,86568.0,True,False
0x51881a1cde5dbae15d02ae1824940b19768d8f2b,0x423affb143c58753820cca19e46e6944641ae94bfa4ee9930a88b92c7aa422fc,2024-02-10 06:06:59,600000000.0,0xa0b86991c6218b36c1d19d4a2e9eb0ce3606eb48,,,,2024-02-11 06:06:59,0x423affb143c58753820cca19e46e6944641ae94bfa4ee9930a88b92c7aa422fc,True,2024-02-11 06:07:47,USDC,599.94,False,True,,86448.0,True,False
0x51881a1cde5dbae15d02ae1824940b19768d8f2b,0x60b21f490646c339efb8669d75b87756528008a62a4a478c62c19914d8cf52c2,2024-02-09 06:07:23,600000000.0,0xa0b86991c6218b36c1d19d4a2e9eb0ce3606eb48,,,,2024-02-10 06:07:23,0x60b21f490646c339efb8669d75b87756528008a62a4a478c62c19914d8cf52c2,True,2024-02-10 06:10:47,USDC,599.94,False,True,,86604.0,True,False
0x51881a1cde5dbae15d02ae1824940b19768d8f2b,0x90c341e2811ef7eac2d1fd82b493dce5f963f193d2d5a9c405bc0df3e1c1363d,2024-02-08 06:07:59,600000000.0,0xa0b86991c6218b36c1d19d4a2e9eb0ce3606eb48,,,,2024-02-09 06:07:59,0x90c341e2811ef7eac2d1fd82b493dce5f963f193d2d5a9c405bc0df3e1c1363d,True,2024-02-09 06:10:47,USDC,599.94,False,True,,86568.0,True,False
0x7916dba3a610b020d77c0ccfd4bd717ee400a5f2,0xfc7aeec6f2c671f3a363e43f3e193cdc4aecb7a6d4b04a295c98bb5da326c1e3,2024-02-07 23:48:59,5e+18,0xc02aaa39b223fe8d0a0e5c4f27ead9083c756cc2,,,,2024-02-10 23:48:59,0xfc7aeec6f2c671f3a363e43f3e193cdc4aecb7a6d4b04a295c98bb5da326c1e3,True,2024-02-10 23:50:35,WETH,9223.4965,False,True,,259296.0,True,False
0x51881a1cde5dbae15d02ae1824940b19768d8f2b,0x07ac9f21cd6fa8a5d19d3268d43f10a8e35046322411b5285a61a5b8e6673007,2024-02-07 06:07:11,600000000.0,0xa0b86991c6218b36c1d19d4a2e9eb0ce3606eb48,,,,2024-02-08 06:07:11,0x07ac9f21cd6fa8a5d19d3268d43f10a8e35046322411b5285a61a5b8e6673007,True,2024-02-08 06:07:59,USDC,599.94,False,True,,86448.0,True,False
0x51881a1cde5dbae15d02ae1824940b19768d8f2b,0xf7ea6ee344ecc6ab6b2551266444452a5c1d20ba21fc430d04c1fef89c9be8fb,2024-02-06 06:06:47,600000000.0,0xa0b86991c6218b36c1d19d4a2e9eb0ce3606eb48,,,,2024-02-07 06:06:47,0xf7ea6ee344ecc6ab6b2551266444452a5c1d20ba21fc430d04c1fef89c9be8fb,True,2024-02-07 06:07:11,USDC,599.94,False,True,,86424.0,True,False
0x33965f7d08f61a62b86c1ab9be5d82c42f4c3081,0x2c1d7eb95002bfc953ee8f24df23642280bf2b2e4f5513c3dfa587ac50980b20,2024-02-05 23:40:47,2e+18,0xc02aaa39b223fe8d0a0e5c4f27ead9083c756cc2,,,,2024-02-07 23:40:47,0x2c1d7eb95002bfc953ee8f24df23642280bf2b2e4f5513c3dfa587ac50980b20,True,2024-02-07 23:45:47,WETH,3689.3986,False,True,,173100.0,True,False
0x51881a1cde5dbae15d02ae1824940b19768d8f2b,0x2ecd1bdd7a856af3a1caa17f62f3f82b04ba533ba8e7a54eed60b33923f3256d,2024-02-05 06:06:47,600000000.0,0xa0b86991c6218b36c1d19d4a2e9eb0ce3606eb48,,,,2024-02-06 06:06:47,0x2ecd1bdd7a856af3a1caa17f62f3f82b04ba533ba8e7a54eed60b33923f3256d,True,2024-02-06 06:10:47,USDC,599.94,False,True,,86640.0,True,False
0x51881a1cde5dbae15d02ae1824940b19768d8f2b,0xdbea3858dced126cb72c86d2478a24a8a41ed18c18f09623c0cb0415c5eb63b7,2024-02-04 06:06:47,600000000.0,0xa0b86991c6218b36c1d19d4a2e9eb0ce3606eb48,,,,2024-02-05 06:06:47,0xdbea3858dced126cb72c86d2478a24a8a41ed18c18f09623c0cb0415c5eb63b7,True,2024-02-05 06:10:35,USDC,599.94,False,True,,86628.0,True,False
0x33965f7d08f61a62b86c1ab9be5d82c42f4c3081,0x05e63523f069423d3119643fc4e08a684771e27f73853cdf7d3d4b2d84c6c12b,2024-02-03 16:01:11,2e+18,0xc02aaa39b223fe8d0a0e5c4f27ead9083c756cc2,,,,2024-02-04 16:01:11,0x05e63523f069423d3119643fc4e08a684771e27f73853cdf7d3d4b2d84c6c12b,True,2024-02-04 16:05:35,WETH,3689.3986,False,True,,86664.0,True,False
0x51881a1cde5dbae15d02ae1824940b19768d8f2b,0x7605cc3b2f06dbb09c9a44b344139d52553b0442f2d9d2e1b0f90929035883de,2024-02-03 06:06:35,600000000.0,0xa0b86991c6218b36c1d19d4a2e9eb0ce3606eb48,,,,2024-02-04 06:06:35,0x7605cc3b2f06dbb09c9a44b344139d52553b0442f2d9d2e1b0f90929035883de,True,2024-02-04 06:06:47,USDC,599.94,False,True,,86412.0,True,False
0x33965f7d08f61a62b86c1ab9be5d82c42f4c3081,0x26d62b8d86e2f37816a2827ebfdd281fdf635e691c6680a35c52576c97979548,2024-02-02 16:05:47,2e+18,0xc02aaa39b223fe8d0a0e5c4f27ead9083c756cc2,,,,2024-02-03 16:05:47,0x26d62b8d86e2f37816a2827ebfdd281fdf635e691c6680a35c52576c97979548,True,2024-02-03 16:10:35,WETH,3689.3986,False,True,,86688.0,True,False
0x51881a1cde5dbae15d02ae1824940b19768d8f2b,0x12adeed5a30c72b388274cf712831d9e7ff7b23daab276c8a049955984340f16,2024-02-02 06:07:35,600000000.0,0xa0b86991c6218b36c1d19d4a2e9eb0ce3606eb48,,,,2024-02-03 06:07:35,0x12adeed5a30c72b388274cf712831d9e7ff7b23daab276c8a049955984340f16,True,2024-02-03 06:10:35,USDC,599.94,False,True,,86580.0,True,False
0x33965f7d08f61a62b86c1ab9be5d82c42f4c3081,0x838f125914327356262ce7370ca58a485267a8096078c4527f163147010c406a,2024-02-01 16:05:47,2e+18,0xc02aaa39b223fe8d0a0e5c4f27ead9083c756cc2,,,,2024-02-02 16:05:47,0x838f125914327356262ce7370ca58a485267a8096078c4527f163147010c406a,True,2024-02-02 16:10:35,WETH,3689.3986,False,True,,86688.0,True,False
0x51881a1cde5dbae15d02ae1824940b19768d8f2b,0x1e85dd9a0020ab3a8bf5d92433075c923717c27b9ccf002bd60b053870f433df,2024-02-01 06:06:47,600000000.0,0xa0b86991c6218b36c1d19d4a2e9eb0ce3606eb48,,,,2024-02-02 06:06:47,0x1e85dd9a0020ab3a8bf5d92433075c923717c27b9ccf002bd60b053870f433df,True,2024-02-02 06:07:35,USDC,599.94,False,True,,86448.0,True,False
0x33965f7d08f61a62b86c1ab9be5d82c42f4c3081,0xd98aa6700479c4d90761fa5453bdbc731cd1292460e7afa39aa40babdd88e37a,2024-02-01 02:05:59,2e+18,0xc02aaa39b223fe8d0a0e5c4f27ead9083c756cc2,,,,2024-02-02 02:05:59,0xd98aa6700479c4d90761fa5453bdbc731cd1292460e7afa39aa40babdd88e37a,True,2024-02-02 02:10:47,WETH,3689.3986,False,True,,86688.0,True,False
0x33965f7d08f61a62b86c1ab9be5d82c42f4c3081,0x1d70aa7898b7ab2485fccde6a20186202534659d75bd713cfb0a5fb6491269ff,2024-01-31 20:05:59,2e+18,0xc02aaa39b223fe8d0a0e5c4f27ead9083c756cc2,,,,2024-02-01 20:05:59,0x1d70aa7898b7ab2485fccde6a20186202534659d75bd713cfb0a5fb6491269ff,True,2024-02-01 20:10:35,WETH,3689.3986,False,True,,86676.0,True,False
0x51881a1cde5dbae15d02ae1824940b19768d8f2b,0x7c95f0486723ab15ca645653603d341c664f0fb2dd8d16cabf562b6cc9f3e536,2024-01-31 06:07:47,600000000.0,0xa0b86991c6218b36c1d19d4a2e9eb0ce3606eb48,,,,2024-02-01 06:07:47,0x7c95f0486723ab15ca645653603d341c664f0fb2dd8d16cabf562b6cc9f3e536,True,2024-02-01 06:10:47,USDC,599.94,False,True,,86580.0,True,False
0x33965f7d08f61a62b86c1ab9be5d82c42f4c3081,0x7b00aff4521fbdcc75261bc0bd7cb3b7b548283fd4241d8026ae0d9703f61be6,2024-01-31 04:35:59,2e+18,0xc02aaa39b223fe8d0a0e5c4f27ead9083c756cc2,,,,2024-02-01 04:35:59,0x7b00aff4521fbdcc75261bc0bd7cb3b7b548283fd4241d8026ae0d9703f61be6,True,2024-02-01 04:40:35,WETH,3689.3986,False,True,,86676.0,True,False
0x1d3bf13f8f7a83390d03db5e23a950778e1d1309,0xb6eb25b7496ee02a347e0164161717dd73f88e7ef3a74aa6c90aef3d831261ca,2024-01-30 20:29:23,7e+17,0xc02aaa39b223fe8d0a0e5c4f27ead9083c756cc2,,,,2024-02-01 20:29:23,0xb6eb25b7496ee02a347e0164161717dd73f88e7ef3a74aa6c90aef3d831261ca,True,2024-02-01 20:30:47,WETH,1291.2895099999998,False,True,,172884.0,True,False
0xe6637c73cd687933b288eb8f03b591d20b367e86,0x1e8cf32e352dbee79765200b425c72ae1722136eb472f57612207012584bc6e7,2024-01-30 18:18:35,1e+23,0xc770eefad204b5180df6a14ee197d99d808ee52d,0x9c3d23f5aa8eb19a1ff2b56a86307eefa685bd2ef2c0e85774ce47c0f661a953,2024-01-30 18:36:35,0x1d01a2fefb8883a5cfb8c77b19d9b96794581288,2024-02-01 18:18:35,0x1e8cf32e352dbee79765200b425c72ae1722136eb472f57612207012584bc6e7,False,2024-02-03 00:00:47,FOX,2899.9999999999995,True,True,1080.0,279732.0,False,True
0x51881a1cde5dbae15d02ae1824940b19768d8f2b,0x937b521433519f4f96a343fa99a73af8a85e19e70348bcdcaf12797e943e9126,2024-01-30 06:06:35,600000000.0,0xa0b86991c6218b36c1d19d4a2e9eb0ce3606eb48,,,,2024-01-31 06:06:35,0x937b521433519f4f96a343fa99a73af8a85e19e70348bcdcaf12797e943e9126,True,2024-01-31 06:07:47,USDC,599.94,False,True,,86472.0,True,False
0x51881a1cde5dbae15d02ae1824940b19768d8f2b,0x9688b36cd74d536a246d2c9d192acb4fd100d74b7ffc5c5a283ca9b3653b280d,2024-01-29 09:28:35,600000000.0,0xa0b86991c6218b36c1d19d4a2e9eb0ce3606eb48,,,,2024-01-30 09:28:35,0x9688b36cd74d536a246d2c9d192acb4fd100d74b7ffc5c5a283ca9b3653b280d,True,2024-01-30 09:30:59,USDC,599.94,False,True,,86544.0,True,False
0x51881a1cde5dbae15d02ae1824940b19768d8f2b,0x9076e5d2cf3c55e602c0ca2173499e8602bf1ab73d83b376a945b9a67fa5e9d2,2024-01-28 06:07:23,600000000.0,0xa0b86991c6218b36c1d19d4a2e9eb0ce3606eb48,,,,2024-01-29 06:07:23,0x9076e5d2cf3c55e602c0ca2173499e8602bf1ab73d83b376a945b9a67fa5e9d2,True,2024-01-29 06:10:35,USDC,599.94,False,True,,86592.0,True,False
0x51881a1cde5dbae15d02ae1824940b19768d8f2b,0x36889e05f7ef63cf48693efa6bb22b45c3e950f6e4811fb3b8e94587f7aca229,2024-01-27 06:07:23,600000000.0,0xa0b86991c6218b36c1d19d4a2e9eb0ce3606eb48,,,,2024-01-28 06:07:23,0x36889e05f7ef63cf48693efa6bb22b45c3e950f6e4811fb3b8e94587f7aca229,True,2024-01-28 06:10:35,USDC,599.94,False,True,,86592.0,True,False
0x51881a1cde5dbae15d02ae1824940b19768d8f2b,0x454288a94edc25c12d429090971fe34501bcfaa3b4ca4064264f07fec3d67b91,2024-01-26 06:08:23,600000000.0,0xa0b86991c6218b36c1d19d4a2e9eb0ce3606eb48,,,,2024-01-27 06:08:23,0x454288a94edc25c12d429090971fe34501bcfaa3b4ca4064264f07fec3d67b91,True,2024-01-27 06:10:35,USDC,599.94,False,True,,86532.0,True,False
0x51881a1cde5dbae15d02ae1824940b19768d8f2b,0x6829476fbd17fc24836ae67b25308f69f7c8af91414ca412186a71f0f25c56f9,2024-01-25 06:08:59,600000000.0,0xa0b86991c6218b36c1d19d4a2e9eb0ce3606eb48,,,,2024-01-26 06:08:59,0x6829476fbd17fc24836ae67b25308f69f7c8af91414ca412186a71f0f25c56f9,True,2024-01-26 06:10:35,USDC,599.94,False,True,,86496.0,True,False
0x33965f7d08f61a62b86c1ab9be5d82c42f4c3081,0xc97f290b3f8f0e45ac78f789e587a4e43a2ff7ea053065c772168ed5cb18e2a7,2024-01-24 15:10:47,2e+18,0xc02aaa39b223fe8d0a0e5c4f27ead9083c756cc2,,,,2024-01-25 15:10:47,0xc97f290b3f8f0e45ac78f789e587a4e43a2ff7ea053065c772168ed5cb18e2a7,True,2024-01-25 15:15:35,WETH,3689.3986,False,True,,86688.0,True,False
0x51881a1cde5dbae15d02ae1824940b19768d8f2b,0xed41110cfffa68790a90a492a30f36be9c5c6e688b27f99a6e659b0aa2d57552,2024-01-24 06:08:59,600000000.0,0xa0b86991c6218b36c1d19d4a2e9eb0ce3606eb48,,,,2024-01-25 06:08:59,0xed41110cfffa68790a90a492a30f36be9c5c6e688b27f99a6e659b0aa2d57552,True,2024-01-25 06:10:47,USDC,599.94,False,True,,86508.0,True,False
0x33965f7d08f61a62b86c1ab9be5d82c42f4c3081,0x9274a5737a03e7b50eee26fea361938dfcea86763e1bcd3ee32a7bd61c30a9dd,2024-01-23 15:01:11,2e+18,0xc02aaa39b223fe8d0a0e5c4f27ead9083c756cc2,,,,2024-01-24 15:01:11,0x9274a5737a03e7b50eee26fea361938dfcea86763e1bcd3ee32a7bd61c30a9dd,True,2024-01-24 15:05:35,WETH,3689.3986,False,True,,86664.0,True,False
0x51881a1cde5dbae15d02ae1824940b19768d8f2b,0xb331ff60a29eef407e8de2f11cf4e3e7d3f8f028d78deb9bebc2e8d17576566f,2024-01-23 06:08:23,600000000.0,0xa0b86991c6218b36c1d19d4a2e9eb0ce3606eb48,,,,2024-01-24 06:08:23,0xb331ff60a29eef407e8de2f11cf4e3e7d3f8f028d78deb9bebc2e8d17576566f,True,2024-01-24 06:08:59,USDC,599.94,False,True,,86436.0,True,False
0x33965f7d08f61a62b86c1ab9be5d82c42f4c3081,0x1117da5cd6a3f73d25fe636252530749fdcc2e91660612f46da230485e33732a,2024-01-22 19:55:47,2e+18,0xc02aaa39b223fe8d0a0e5c4f27ead9083c756cc2,,,,2024-01-23 19:55:47,0x1117da5cd6a3f73d25fe636252530749fdcc2e91660612f46da230485e33732a,True,2024-01-23 20:00:59,WETH,3689.3986,False,True,,86712.0,True,False
0x33965f7d08f61a62b86c1ab9be5d82c42f4c3081,0x2168465d384ba4b0624c9bab87a75777aadc596e5c63a61986dd68abd6d3ecc2,2024-01-22 15:05:47,2e+18,0xc02aaa39b223fe8d0a0e5c4f27ead9083c756cc2,,,,2024-01-23 15:05:47,0x2168465d384ba4b0624c9bab87a75777aadc596e5c63a61986dd68abd6d3ecc2,True,2024-01-23 15:10:59,WETH,3689.3986,False,True,,86712.0,True,False
0x33965f7d08f61a62b86c1ab9be5d82c42f4c3081,0xff2d23bff3678889c01bfb8e5e411910a4da5395d828e798de9dfcb7f2d3a827,2024-01-22 12:10:47,2e+18,0xc02aaa39b223fe8d0a0e5c4f27ead9083c756cc2,,,,2024-01-24 12:10:47,0xff2d23bff3678889c01bfb8e5e411910a4da5395d828e798de9dfcb7f2d3a827,True,2024-01-24 12:15:35,WETH,3689.3986,False,True,,173088.0,True,False
0x51881a1cde5dbae15d02ae1824940b19768d8f2b,0xc47cf0840f8af31548578233cb94fba6966bf018d969ec405c1bc8986935b59b,2024-01-22 06:08:35,600000000.0,0xa0b86991c6218b36c1d19d4a2e9eb0ce3606eb48,,,,2024-01-23 06:08:35,0xc47cf0840f8af31548578233cb94fba6966bf018d969ec405c1bc8986935b59b,True,2024-01-23 06:10:47,USDC,599.94,False,True,,86532.0,True,False
0x33965f7d08f61a62b86c1ab9be5d82c42f4c3081,0x5c5a8660a4aaec05a852959ec7f1e7a812264a5263c803b6cdf6c42f7ee7f56e,2024-01-21 19:05:59,2e+18,0xc02aaa39b223fe8d0a0e5c4f27ead9083c756cc2,,,,2024-01-22 19:05:59,0x5c5a8660a4aaec05a852959ec7f1e7a812264a5263c803b6cdf6c42f7ee7f56e,True,2024-01-22 19:10:35,WETH,3689.3986,False,True,,86676.0,True,False
0x51881a1cde5dbae15d02ae1824940b19768d8f2b,0x3be0154ed1f5b677b10df38c4d6de4f00e5ed8a0b4b332e5895ced6a51df22d9,2024-01-21 06:08:11,600000000.0,0xa0b86991c6218b36c1d19d4a2e9eb0ce3606eb48,,,,2024-01-22 06:08:11,0x3be0154ed1f5b677b10df38c4d6de4f00e5ed8a0b4b332e5895ced6a51df22d9,True,2024-01-22 06:08:35,USDC,599.94,False,True,,86424.0,True,False
0x33965f7d08f61a62b86c1ab9be5d82c42f4c3081,0x705d2a94c1491b2a9466b7f1ba8b6b7a19a4e4e2987c285209c7a66befe1040b,2024-01-21 04:05:47,2e+18,0xc02aaa39b223fe8d0a0e5c4f27ead9083c756cc2,,,,2024-01-22 04:05:47,0x705d2a94c1491b2a9466b7f1ba8b6b7a19a4e4e2987c285209c7a66befe1040b,True,2024-01-22 04:10:35,WETH,3689.3986,False,True,,86688.0,True,False
0x51881a1cde5dbae15d02ae1824940b19768d8f2b,0x22fef2295d8400f8f00459b7a93523ec7b17512845afceab795a2be2780d2e15,2024-01-20 06:07:59,600000000.0,0xa0b86991c6218b36c1d19d4a2e9eb0ce3606eb48,,,,2024-01-21 06:07:59,0x22fef2295d8400f8f00459b7a93523ec7b17512845afceab795a2be2780d2e15,True,2024-01-21 06:08:11,USDC,599.94,False,True,,86412.0,True,False
0x51881a1cde5dbae15d02ae1824940b19768d8f2b,0x87a3aae65b6ccc7dcb7ada63c6cb33e1db8659078c21c5b489f6a38d7a394e16,2024-01-19 06:07:23,600000000.0,0xa0b86991c6218b36c1d19d4a2e9eb0ce3606eb48,,,,2024-01-20 06:07:23,0x87a3aae65b6ccc7dcb7ada63c6cb33e1db8659078c21c5b489f6a38d7a394e16,True,2024-01-20 06:07:59,USDC,599.94,False,True,,86436.0,True,False
0x9106cbf2c882340b23cc40985c05648173e359e7,0x504ab114588247ad05e39a3dd4f2c146d8bac3c4266c132161ed2fbbb28b7ba4,2024-01-18 21:04:47,2000000000.0,0xa0b86991c6218b36c1d19d4a2e9eb0ce3606eb48,,,,2024-01-19 21:04:47,0x504ab114588247ad05e39a3dd4f2c146d8bac3c4266c132161ed2fbbb28b7ba4,True,2024-01-19 21:05:47,USDC,1999.8,False,True,,86460.0,True,False
0x51881a1cde5dbae15d02ae1824940b19768d8f2b,0x611d006297f3e9756146c96ae81a9e42490977136fd3a30bf5be7d817311b1c9,2024-01-18 06:07:35,600000000.0,0xa0b86991c6218b36c1d19d4a2e9eb0ce3606eb48,,,,2024-01-19 06:07:35,0x611d006297f3e9756146c96ae81a9e42490977136fd3a30bf5be7d817311b1c9,True,2024-01-19 06:10:59,USDC,599.94,False,True,,86604.0,True,False
0x8a7ab7458f1021f3aaf01e0dea08616d6848d989,0x3bfb53590f72b5eb878fd397d2730249f4a654774378ca835d9de31eda241715,2024-01-17 20:25:23,7e+17,0xc02aaa39b223fe8d0a0e5c4f27ead9083c756cc2,0x04ed27a4aec485db33423d7e7a270e66132f98892d314fb3100b062ccee0d486,2024-01-18 00:03:23,0x018e494352a3e68e16d03ed976fd64134bd82e72,2024-01-19 20:25:23,0x3bfb53590f72b5eb878fd397d2730249f4a654774378ca835d9de31eda241715,False,2024-01-22 18:22:47,WETH,1291.2895099999998,True,True,13080.0,424644.0,False,True
0x33965f7d08f61a62b86c1ab9be5d82c42f4c3081,0xbd4e7ada5f6ed7d792d8f61844173c70426ef765f9df4e16d2dd2236d424f580,2024-01-17 16:05:47,2e+18,0xc02aaa39b223fe8d0a0e5c4f27ead9083c756cc2,,,,2024-01-20 16:05:47,0xbd4e7ada5f6ed7d792d8f61844173c70426ef765f9df4e16d2dd2236d424f580,True,2024-01-20 16:10:35,WETH,3689.3986,False,True,,259488.0,True,False
0x33965f7d08f61a62b86c1ab9be5d82c42f4c3081,0x2093fe795daedab19172cc312db65bfc02356713209d0d7881594a413bdccb42,2024-01-17 15:50:59,2e+18,0xc02aaa39b223fe8d0a0e5c4f27ead9083c756cc2,,,,2024-01-20 15:50:59,0x2093fe795daedab19172cc312db65bfc02356713209d0d7881594a413bdccb42,True,2024-01-20 15:55:35,WETH,3689.3986,False,True,,259476.0,True,False
0x51881a1cde5dbae15d02ae1824940b19768d8f2b,0x1b68d08c72fc575125277decee192706c53224ecc4b03449cd0fcf9b6fc5fa81,2024-01-17 06:07:47,600000000.0,0xa0b86991c6218b36c1d19d4a2e9eb0ce3606eb48,,,,2024-01-18 06:07:47,0x1b68d08c72fc575125277decee192706c53224ecc4b03449cd0fcf9b6fc5fa81,True,2024-01-18 06:10:47,USDC,599.94,False,True,,86580.0,True,False
0x51881a1cde5dbae15d02ae1824940b19768d8f2b,0xa7c18602b125055394f9ab989513c131cdf39b4c8091d95a47333d47b46760ba,2024-01-16 06:08:11,600000000.0,0xa0b86991c6218b36c1d19d4a2e9eb0ce3606eb48,,,,2024-01-17 06:08:11,0xa7c18602b125055394f9ab989513c131cdf39b4c8091d95a47333d47b46760ba,True,2024-01-17 06:10:35,USDC,599.94,False,True,,86544.0,True,False
0x51881a1cde5dbae15d02ae1824940b19768d8f2b,0xfdf9e7590c36621d458903c73f4193dd8ebe1470daf84a543a55364da2040414,2024-01-15 06:07:59,600000000.0,0xa0b86991c6218b36c1d19d4a2e9eb0ce3606eb48,,,,2024-01-16 06:07:59,0xfdf9e7590c36621d458903c73f4193dd8ebe1470daf84a543a55364da2040414,True,2024-01-16 06:08:11,USDC,599.94,False,True,,86412.0,True,False
0x51881a1cde5dbae15d02ae1824940b19768d8f2b,0xea0cbc89dc44208480cfec4ce6eb758ddebc339b2d947c952e65de8bb735db49,2024-01-14 06:06:59,600000000.0,0xa0b86991c6218b36c1d19d4a2e9eb0ce3606eb48,,,,2024-01-15 06:06:59,0xea0cbc89dc44208480cfec4ce6eb758ddebc339b2d947c952e65de8bb735db49,True,2024-01-15 06:07:59,USDC,599.94,False,True,,86460.0,True,False
0x33965f7d08f61a62b86c1ab9be5d82c42f4c3081,0x3cf6d92d5d01e7d60b43a81bddf7e1649d43e50014817e4684cf73966d5d6070,2024-01-13 20:15:35,2e+18,0xc02aaa39b223fe8d0a0e5c4f27ead9083c756cc2,,,,2024-01-14 20:15:35,0x3cf6d92d5d01e7d60b43a81bddf7e1649d43e50014817e4684cf73966d5d6070,True,2024-01-14 20:20:35,WETH,3689.3986,False,True,,86700.0,True,False
0x33965f7d08f61a62b86c1ab9be5d82c42f4c3081,0x1de8ff85f45bf7162a3ecc6e3804d10da580e264f8ad0e7a5f6ac9f28c1829c6,2024-01-13 12:05:59,2e+18,0xc02aaa39b223fe8d0a0e5c4f27ead9083c756cc2,,,,2024-01-14 12:05:59,0x1de8ff85f45bf7162a3ecc6e3804d10da580e264f8ad0e7a5f6ac9f28c1829c6,True,2024-01-14 12:10:47,WETH,3689.3986,False,True,,86688.0,True,False
0x51881a1cde5dbae15d02ae1824940b19768d8f2b,0x927502d922e04a055438bb86243c8bb50177f64d20e7e72cae61766b172ccc14,2024-01-13 06:07:11,600000000.0,0xa0b86991c6218b36c1d19d4a2e9eb0ce3606eb48,,,,2024-01-14 06:07:11,0x927502d922e04a055438bb86243c8bb50177f64d20e7e72cae61766b172ccc14,True,2024-01-15 06:07:59,USDC,599.94,False,True,,172848.0,True,False
0x33965f7d08f61a62b86c1ab9be5d82c42f4c3081,0x83dae85b4017ca6efa7e9a0166ac5621eb53639a9a28cbe94b6134084433a346,2024-01-13 06:05:47,2e+18,0xc02aaa39b223fe8d0a0e5c4f27ead9083c756cc2,,,,2024-01-14 06:05:47,0x83dae85b4017ca6efa7e9a0166ac5621eb53639a9a28cbe94b6134084433a346,True,2024-01-14 06:10:35,WETH,3689.3986,False,True,,86688.0,True,False
0x33965f7d08f61a62b86c1ab9be5d82c42f4c3081,0xb531a133e4bec188e3f3007d995d5788a9e3a18d25b2aaa769b7bc7ce4e8b130,2024-01-13 00:00:59,2e+18,0xc02aaa39b223fe8d0a0e5c4f27ead9083c756cc2,,,,2024-01-14 00:00:59,0xb531a133e4bec188e3f3007d995d5788a9e3a18d25b2aaa769b7bc7ce4e8b130,True,2024-01-14 00:05:35,WETH,3689.3986,False,True,,86676.0,True,False
0x33965f7d08f61a62b86c1ab9be5d82c42f4c3081,0x2a87a8967e5e70e5cad4016c85704ebc17ac85655ab55a609ef38b69fca428c4,2024-01-12 20:05:59,2e+18,0xc02aaa39b223fe8d0a0e5c4f27ead9083c756cc2,,,,2024-01-13 20:05:59,0x2a87a8967e5e70e5cad4016c85704ebc17ac85655ab55a609ef38b69fca428c4,True,2024-01-13 20:10:35,WETH,3689.3986,False,True,,86676.0,True,False
0x1d933fd71ff07e69f066d50b39a7c34eb3b69f05,0xbd15f72eea4d347a62534530b749cfaab46cb61827543c040b2935d39edd36a0,2024-01-12 16:28:23,2e+18,0xc02aaa39b223fe8d0a0e5c4f27ead9083c756cc2,,,,2024-01-14 16:28:23,0xbd15f72eea4d347a62534530b749cfaab46cb61827543c040b2935d39edd36a0,True,2024-01-14 17:57:23,WETH,3689.3986,False,True,,178140.0,True,False
0x1d933fd71ff07e69f066d50b39a7c34eb3b69f05,0x6fe81c92cd8a1d20460142d773b5d00cf84a9fda97bf68be5b0f7b840dd18a3e,2024-01-12 16:21:47,2e+18,0xc02aaa39b223fe8d0a0e5c4f27ead9083c756cc2,,,,2024-01-14 16:21:47,0x6fe81c92cd8a1d20460142d773b5d00cf84a9fda97bf68be5b0f7b840dd18a3e,True,2024-01-14 18:41:35,WETH,3689.3986,False,True,,181188.0,True,False
0x51881a1cde5dbae15d02ae1824940b19768d8f2b,0x53de71f2017e414b817409d9aaac98ff372e5f8aaf3889181e494e2f447a32db,2024-01-12 06:07:35,600000000.0,0xa0b86991c6218b36c1d19d4a2e9eb0ce3606eb48,,,,2024-01-13 06:07:35,0x53de71f2017e414b817409d9aaac98ff372e5f8aaf3889181e494e2f447a32db,True,2024-01-14 00:35:11,USDC,599.94,False,True,,152856.0,True,False
0xf1b6d600be4dfcb1e2503fc23b9472c26898d90f,0xf83d62ed8a04cfb5d1d580a15098a54b242ddfccb20b2a02da270e0f11e2bce2,2024-01-11 20:49:47,7e+17,0xc02aaa39b223fe8d0a0e5c4f27ead9083c756cc2,,,,2024-01-11 21:49:47,0xf83d62ed8a04cfb5d1d580a15098a54b242ddfccb20b2a02da270e0f11e2bce2,True,2024-01-11 22:33:11,WETH,1291.2895099999998,False,True,,6204.0,True,False
0x8accbd1f40ff35272e2e066c2a9ecfe14c5c4ed0,0x7532116ccce1cfa80c433e3759b20a42ebf1d59da017d3a4741621f4114c9b78,2024-01-11 20:13:35,1.4e+20,0x0954906da0bf32d5479e25f46056d22f08464cab,,,,2024-01-12 14:13:35,0x7532116ccce1cfa80c433e3759b20a42ebf1d59da017d3a4741621f4114c9b78,True,2024-01-12 14:15:23,INDEX,210.0,False,True,,64908.0,True,False
0x51881a1cde5dbae15d02ae1824940b19768d8f2b,0x347702d5f2c02a49219d7611b5be3294738be29e624361827afc007471d72062,2024-01-11 06:06:59,600000000.0,0xa0b86991c6218b36c1d19d4a2e9eb0ce3606eb48,,,,2024-01-12 06:06:59,0x347702d5f2c02a49219d7611b5be3294738be29e624361827afc007471d72062,True,2024-01-12 06:07:35,USDC,599.94,False,True,,86436.0,True,False
0x51881a1cde5dbae15d02ae1824940b19768d8f2b,0x21ed371e9e8c66e1a31f6aea827ab6c4eb7d43973f1a0f63917a09bc58bf38f0,2024-01-10 06:07:23,600000000.0,0xa0b86991c6218b36c1d19d4a2e9eb0ce3606eb48,,,,2024-01-11 06:07:23,0x21ed371e9e8c66e1a31f6aea827ab6c4eb7d43973f1a0f63917a09bc58bf38f0,True,2024-01-12 06:07:35,USDC,599.94,False,True,,172812.0,True,False
0x51881a1cde5dbae15d02ae1824940b19768d8f2b,0xc385e2204ec09397f176a09d396871b45d0889b420536ca09739d4365a4b8804,2024-01-09 06:07:35,600000000.0,0xa0b86991c6218b36c1d19d4a2e9eb0ce3606eb48,,,,2024-01-10 06:07:35,0xc385e2204ec09397f176a09d396871b45d0889b420536ca09739d4365a4b8804,True,2024-01-11 06:06:59,USDC,599.94,False,True,,172764.0,True,False
0x51881a1cde5dbae15d02ae1824940b19768d8f2b,0x06c890cbcc13596383d3199c6e94da408eb24cb420c2255aaeef3b79bdeedd95,2024-01-08 06:07:59,600000000.0,0xa0b86991c6218b36c1d19d4a2e9eb0ce3606eb48,,,,2024-01-09 06:07:59,0x06c890cbcc13596383d3199c6e94da408eb24cb420c2255aaeef3b79bdeedd95,True,2024-01-10 06:07:23,USDC,599.94,False,True,,172764.0,True,False
0x51881a1cde5dbae15d02ae1824940b19768d8f2b,0xc9d83a7998c6c03802dff920800998e892a0ad57db74424549f6222b6fcf0f85,2024-01-07 06:07:59,600000000.0,0xa0b86991c6218b36c1d19d4a2e9eb0ce3606eb48,,,,2024-01-08 06:07:59,0xc9d83a7998c6c03802dff920800998e892a0ad57db74424549f6222b6fcf0f85,True,2024-01-09 06:07:35,USDC,599.94,False,True,,172776.0,True,False
0x51881a1cde5dbae15d02ae1824940b19768d8f2b,0xbffb1ea378368cc5e65b1e3ca92d608261187d9648a4c266904be9536dcea0bd,2024-01-06 06:07:47,600000000.0,0xa0b86991c6218b36c1d19d4a2e9eb0ce3606eb48,,,,2024-01-07 06:07:47,0xbffb1ea378368cc5e65b1e3ca92d608261187d9648a4c266904be9536dcea0bd,True,2024-01-07 06:07:59,USDC,599.94,False,True,,86412.0,True,False
0x51881a1cde5dbae15d02ae1824940b19768d8f2b,0x9769f4b3463e0e8c0f991befbf9cbd9c8043f5fcbf57ba3a0ce242b184019b0a,2024-01-05 06:07:11,600000000.0,0xa0b86991c6218b36c1d19d4a2e9eb0ce3606eb48,,,,2024-01-06 06:07:11,0x9769f4b3463e0e8c0f991befbf9cbd9c8043f5fcbf57ba3a0ce242b184019b0a,True,2024-01-06 06:07:47,USDC,599.94,False,True,,86436.0,True,False
0xd333746e878b544c87e855018af40c8a0e133d6f,0x52f94d27f1aa91f9d5d961f4ecc8ce81db680a7434034506b9e192dec0e23b4a,2024-01-04 16:40:11,5e+18,0xc02aaa39b223fe8d0a0e5c4f27ead9083c756cc2,,,,2024-01-07 16:40:11,0x52f94d27f1aa91f9d5d961f4ecc8ce81db680a7434034506b9e192dec0e23b4a,True,2024-01-08 15:19:23,WETH,9223.4965,False,True,,340752.0,True,False
0x51881a1cde5dbae15d02ae1824940b19768d8f2b,0x72b99e70b00084ac5132694a8ad6701eb22a7e6941bb13fd64398d0eeeea7a24,2024-01-04 06:07:11,600000000.0,0xa0b86991c6218b36c1d19d4a2e9eb0ce3606eb48,,,,2024-01-05 06:07:11,0x72b99e70b00084ac5132694a8ad6701eb22a7e6941bb13fd64398d0eeeea7a24,True,2024-01-06 00:18:23,USDC,599.94,False,True,,151872.0,True,False
0x1d933fd71ff07e69f066d50b39a7c34eb3b69f05,0x1f60a61fba73622adf11e72aefe07c4a56fddacd06d58f6dc7f98affa18b2549,2024-01-04 01:03:35,2e+18,0xc02aaa39b223fe8d0a0e5c4f27ead9083c756cc2,,,,2024-01-06 01:03:35,0x1f60a61fba73622adf11e72aefe07c4a56fddacd06d58f6dc7f98affa18b2549,True,2024-01-07 23:59:11,WETH,3689.3986,False,True,,341736.0,True,False
0x51881a1cde5dbae15d02ae1824940b19768d8f2b,0x2963bb2e8680cfa7f17033e7b36e62e6d0ebabe0be01312e2c67d6a28d53e853,2024-01-03 06:06:47,600000000.0,0xa0b86991c6218b36c1d19d4a2e9eb0ce3606eb48,,,,2024-01-04 06:06:47,0x2963bb2e8680cfa7f17033e7b36e62e6d0ebabe0be01312e2c67d6a28d53e853,True,2024-01-04 06:07:11,USDC,599.94,False,True,,86424.0,True,False
0x51881a1cde5dbae15d02ae1824940b19768d8f2b,0x5d29a0aa8a6d175f326800adfd27f9b8adbe9b4d346847f8af10a345eebf31a4,2024-01-02 06:06:47,600000000.0,0xa0b86991c6218b36c1d19d4a2e9eb0ce3606eb48,,,,2024-01-03 06:06:47,0x5d29a0aa8a6d175f326800adfd27f9b8adbe9b4d346847f8af10a345eebf31a4,True,2024-01-04 06:07:11,USDC,599.94,False,True,,172824.0,True,False
0x51881a1cde5dbae15d02ae1824940b19768d8f2b,0x6c2c619833e9d2f099e575fda8b92ca1f1ca776b0db709a975ce084c9232dddd,2024-01-01 06:07:59,600000000.0,0xa0b86991c6218b36c1d19d4a2e9eb0ce3606eb48,,,,2024-01-02 06:07:59,0x6c2c619833e9d2f099e575fda8b92ca1f1ca776b0db709a975ce084c9232dddd,True,2024-01-03 06:06:47,USDC,599.94,False,True,,172728.0,True,False
0x33965f7d08f61a62b86c1ab9be5d82c42f4c3081,0x12363285c10f5fc1c0d7a5d4f7a7d65f58a6b0a841bebd5f7bb9086a4826bf9b,2023-12-31 16:30:59,2e+18,0xc02aaa39b223fe8d0a0e5c4f27ead9083c756cc2,,,,2024-01-01 16:30:59,0x12363285c10f5fc1c0d7a5d4f7a7d65f58a6b0a841bebd5f7bb9086a4826bf9b,True,2024-01-01 16:35:47,WETH,3689.3986,False,True,,86688.0,True,False
0x51881a1cde5dbae15d02ae1824940b19768d8f2b,0x796df104463b9e924208f09df007f9007dfbc027c597ec757a6dce5c628ea5f2,2023-12-31 06:07:35,600000000.0,0xa0b86991c6218b36c1d19d4a2e9eb0ce3606eb48,,,,2024-01-01 06:07:35,0x796df104463b9e924208f09df007f9007dfbc027c597ec757a6dce5c628ea5f2,True,2024-01-01 06:07:59,USDC,599.94,False,True,,86424.0,True,False
0x51881a1cde5dbae15d02ae1824940b19768d8f2b,0xdee47626735f61fa1309d247770141359a8c73aaff4e9390d4c1774af7fc11a9,2023-12-30 06:07:23,600000000.0,0xa0b86991c6218b36c1d19d4a2e9eb0ce3606eb48,,,,2023-12-31 06:07:23,0xdee47626735f61fa1309d247770141359a8c73aaff4e9390d4c1774af7fc11a9,True,2023-12-31 06:07:35,USDC,599.94,False,True,,86412.0,True,False
0x51881a1cde5dbae15d02ae1824940b19768d8f2b,0xf262395f89821f0fc29810e7d2c339646876ab0b450528dbbaa2a8e1c3680013,2023-12-29 06:06:59,600000000.0,0xa0b86991c6218b36c1d19d4a2e9eb0ce3606eb48,,,,2023-12-30 06:06:59,0xf262395f89821f0fc29810e7d2c339646876ab0b450528dbbaa2a8e1c3680013,True,2023-12-30 06:07:23,USDC,599.94,False,True,,86424.0,True,False
0x33965f7d08f61a62b86c1ab9be5d82c42f4c3081,0x5e57b094588e1cbe4bff73bbbc4c97128dbc4ddb748325737bcf68ddcb4652ea,2023-12-28 15:05:47,2e+18,0xc02aaa39b223fe8d0a0e5c4f27ead9083c756cc2,,,,2023-12-29 15:05:47,0x5e57b094588e1cbe4bff73bbbc4c97128dbc4ddb748325737bcf68ddcb4652ea,True,2023-12-29 15:10:47,WETH,3689.3986,False,True,,86700.0,True,False
0x51881a1cde5dbae15d02ae1824940b19768d8f2b,0x4c9963998ec92beb2df0c3bdda2de841073554a95e1a626f9908ebc61e9cc391,2023-12-28 06:08:11,600000000.0,0xa0b86991c6218b36c1d19d4a2e9eb0ce3606eb48,,,,2023-12-29 06:08:11,0x4c9963998ec92beb2df0c3bdda2de841073554a95e1a626f9908ebc61e9cc391,True,2023-12-29 10:08:59,USDC,599.94,False,True,,100848.0,True,False
0x1d933fd71ff07e69f066d50b39a7c34eb3b69f05,0x0a603ddeed6db542f9be527a245a4438d958184028dd7fa33e8a90e546be4154,2023-12-27 21:36:47,2e+18,0xc02aaa39b223fe8d0a0e5c4f27ead9083c756cc2,,,,2023-12-29 21:36:47,0x0a603ddeed6db542f9be527a245a4438d958184028dd7fa33e8a90e546be4154,True,2024-01-04 00:51:11,WETH,3689.3986,False,True,,616464.0,True,False
0x33965f7d08f61a62b86c1ab9be5d82c42f4c3081,0x445d528117e56f3c2fff0f4df9c02cb7b7daac088549cb90c1212cc1efa0cf90,2023-12-27 15:05:59,2e+18,0xc02aaa39b223fe8d0a0e5c4f27ead9083c756cc2,,,,2023-12-28 15:05:59,0x445d528117e56f3c2fff0f4df9c02cb7b7daac088549cb90c1212cc1efa0cf90,True,2023-12-28 15:10:35,WETH,3689.3986,False,True,,86676.0,True,False
0x51881a1cde5dbae15d02ae1824940b19768d8f2b,0x9f363b5ad139918ccbc3359376df57e482fa034b9a776a67cbe3f0f452d85d67,2023-12-27 06:07:23,600000000.0,0xa0b86991c6218b36c1d19d4a2e9eb0ce3606eb48,,,,2023-12-28 06:07:23,0x9f363b5ad139918ccbc3359376df57e482fa034b9a776a67cbe3f0f452d85d67,True,2023-12-28 06:08:11,USDC,599.94,False,True,,86448.0,True,False
0x33965f7d08f61a62b86c1ab9be5d82c42f4c3081,0x6d7afa7ea76063f7de7fc79558bec44876ed76dbafae2e17bc31c02c4187b250,2023-12-26 15:05:59,2e+18,0xc02aaa39b223fe8d0a0e5c4f27ead9083c756cc2,,,,2023-12-27 15:05:59,0x6d7afa7ea76063f7de7fc79558bec44876ed76dbafae2e17bc31c02c4187b250,True,2023-12-27 15:10:35,WETH,3689.3986,False,True,,86676.0,True,False
0x51881a1cde5dbae15d02ae1824940b19768d8f2b,0x46c56799dbb4b240af8eadc43e943d5acbd9b707c361b14cc9247a36086678a0,2023-12-26 06:07:59,600000000.0,0xa0b86991c6218b36c1d19d4a2e9eb0ce3606eb48,,,,2023-12-27 06:07:59,0x46c56799dbb4b240af8eadc43e943d5acbd9b707c361b14cc9247a36086678a0,True,2023-12-28 06:08:11,USDC,599.94,False,True,,172812.0,True,False
0x33965f7d08f61a62b86c1ab9be5d82c42f4c3081,0x7ecfd8ffd8396235546ce7ebb9952842473059c2c9e83f9c7da4278063af3477,2023-12-25 15:05:47,2e+18,0xc02aaa39b223fe8d0a0e5c4f27ead9083c756cc2,,,,2023-12-26 15:05:47,0x7ecfd8ffd8396235546ce7ebb9952842473059c2c9e83f9c7da4278063af3477,True,2023-12-26 15:10:35,WETH,3689.3986,False,True,,86688.0,True,False
0x51881a1cde5dbae15d02ae1824940b19768d8f2b,0xa5ee8c641d96ae86bba891179b8e97d8b5c460796ed637443992ee64dfe9f9b3,2023-12-25 06:07:11,600000000.0,0xa0b86991c6218b36c1d19d4a2e9eb0ce3606eb48,,,,2023-12-26 06:07:11,0xa5ee8c641d96ae86bba891179b8e97d8b5c460796ed637443992ee64dfe9f9b3,True,2023-12-26 06:07:59,USDC,599.94,False,True,,86448.0,True,False
0x33965f7d08f61a62b86c1ab9be5d82c42f4c3081,0x327c9165210f144bcf9dfcbacc3a94b82b9a47569687adf661c3b57ebdb21758,2023-12-24 22:35:47,2e+18,0xc02aaa39b223fe8d0a0e5c4f27ead9083c756cc2,,,,2023-12-25 22:35:47,0x327c9165210f144bcf9dfcbacc3a94b82b9a47569687adf661c3b57ebdb21758,True,2023-12-25 22:40:35,WETH,3689.3986,False,True,,86688.0,True,False
0x51881a1cde5dbae15d02ae1824940b19768d8f2b,0xd816fcd15dbab4475eaf4f3f875e12359cdf801161fbe9982c02668b03d3b4d2,2023-12-24 06:07:59,600000000.0,0xa0b86991c6218b36c1d19d4a2e9eb0ce3606eb48,,,,2023-12-25 06:07:59,0xd816fcd15dbab4475eaf4f3f875e12359cdf801161fbe9982c02668b03d3b4d2,True,2023-12-26 06:07:59,USDC,599.94,False,True,,172800.0,True,False
0x51881a1cde5dbae15d02ae1824940b19768d8f2b,0xcd6eddf67d32e482723a94d0ddf501a0450a12a00dbb322eee9e81f9a26e3b6d,2023-12-23 06:06:59,600000000.0,0xa0b86991c6218b36c1d19d4a2e9eb0ce3606eb48,,,,2023-12-24 06:06:59,0xcd6eddf67d32e482723a94d0ddf501a0450a12a00dbb322eee9e81f9a26e3b6d,True,2023-12-24 06:07:59,USDC,599.94,False,True,,86460.0,True,False
0x51881a1cde5dbae15d02ae1824940b19768d8f2b,0x5bcb5e0545f299fee930394211082213d10abaebff21549b23c92b48c6573b1a,2023-12-22 06:07:23,600000000.0,0xa0b86991c6218b36c1d19d4a2e9eb0ce3606eb48,,,,2023-12-23 06:07:23,0x5bcb5e0545f299fee930394211082213d10abaebff21549b23c92b48c6573b1a,True,2023-12-24 06:07:59,USDC,599.94,False,True,,172836.0,True,False
0x33965f7d08f61a62b86c1ab9be5d82c42f4c3081,0x52df547b3f789facdab0ba423d1ec3387243b4d4d962e85d5bc99d6fb5131a48,2023-12-21 15:01:11,2e+18,0xc02aaa39b223fe8d0a0e5c4f27ead9083c756cc2,,,,2023-12-22 15:01:11,0x52df547b3f789facdab0ba423d1ec3387243b4d4d962e85d5bc99d6fb5131a48,True,2023-12-22 15:05:35,WETH,3689.3986,False,True,,86664.0,True,False
0x51881a1cde5dbae15d02ae1824940b19768d8f2b,0x5aee3a50398eca70dc788ebf72fe225b64896495270cafb085c9ec7715c5e578,2023-12-21 06:07:59,600000000.0,0xa0b86991c6218b36c1d19d4a2e9eb0ce3606eb48,,,,2023-12-22 06:07:59,0x5aee3a50398eca70dc788ebf72fe225b64896495270cafb085c9ec7715c5e578,True,2023-12-23 06:06:59,USDC,599.94,False,True,,172740.0,True,False
0xd333746e878b544c87e855018af40c8a0e133d6f,0xcdaf4ab9d0c7af7de02fb50dbdbe02e48c45f22bd262e78a4d8a52f914195f41,2023-12-20 21:25:11,5e+18,0xc02aaa39b223fe8d0a0e5c4f27ead9083c756cc2,,,,2023-12-23 21:25:11,0xcdaf4ab9d0c7af7de02fb50dbdbe02e48c45f22bd262e78a4d8a52f914195f41,True,2024-01-02 16:13:23,WETH,9223.4965,False,True,,1104492.0,True,False
0x33965f7d08f61a62b86c1ab9be5d82c42f4c3081,0x71076692d8a09f0036743b99ac318529bfb31d8539dcccc365b2f054224ab018,2023-12-20 21:10:59,2e+18,0xc02aaa39b223fe8d0a0e5c4f27ead9083c756cc2,,,,2023-12-21 21:10:59,0x71076692d8a09f0036743b99ac318529bfb31d8539dcccc365b2f054224ab018,True,2023-12-21 21:15:47,WETH,3689.3986,False,True,,86688.0,True,False
0x33965f7d08f61a62b86c1ab9be5d82c42f4c3081,0xda05a11f1f1711ba2ab2d52f6c94585cb28922a655f9d8eda3846fd9162594f0,2023-12-20 16:05:59,2e+18,0xc02aaa39b223fe8d0a0e5c4f27ead9083c756cc2,,,,2023-12-21 16:05:59,0xda05a11f1f1711ba2ab2d52f6c94585cb28922a655f9d8eda3846fd9162594f0,True,2023-12-21 19:51:11,WETH,3689.3986,False,True,,99912.0,True,False
0x33965f7d08f61a62b86c1ab9be5d82c42f4c3081,0xffef9f0ff366c20b90b890e02d8dc80614163eb32778573599a2f2608127482d,2023-12-20 11:05:47,2e+18,0xc02aaa39b223fe8d0a0e5c4f27ead9083c756cc2,,,,2023-12-21 11:05:47,0xffef9f0ff366c20b90b890e02d8dc80614163eb32778573599a2f2608127482d,True,2023-12-21 19:49:11,WETH,3689.3986,False,True,,117804.0,True,False
0x51881a1cde5dbae15d02ae1824940b19768d8f2b,0x868bb6b1284da443f7186b6275ad2be29959f4a09ff241093069ee416b837eee,2023-12-20 06:06:47,600000000.0,0xa0b86991c6218b36c1d19d4a2e9eb0ce3606eb48,,,,2023-12-21 06:06:47,0x868bb6b1284da443f7186b6275ad2be29959f4a09ff241093069ee416b837eee,True,2023-12-21 06:07:59,USDC,599.94,False,True,,86472.0,True,False
0x33965f7d08f61a62b86c1ab9be5d82c42f4c3081,0x6316af55556410bf564c9ac92a00dc68b92d77b3670e51928aace56f88824a68,2023-12-20 03:05:59,2e+18,0xc02aaa39b223fe8d0a0e5c4f27ead9083c756cc2,,,,2023-12-21 03:05:59,0x6316af55556410bf564c9ac92a00dc68b92d77b3670e51928aace56f88824a68,True,2023-12-21 03:10:35,WETH,3689.3986,False,True,,86676.0,True,False
0x33965f7d08f61a62b86c1ab9be5d82c42f4c3081,0x6c0fb8572a2c648e34fda68a3c8b60413c48d8ac3168777a2da938e50776f85c,2023-12-19 09:05:59,2e+18,0xc02aaa39b223fe8d0a0e5c4f27ead9083c756cc2,,,,2023-12-20 09:05:59,0x6c0fb8572a2c648e34fda68a3c8b60413c48d8ac3168777a2da938e50776f85c,True,2023-12-20 09:10:35,WETH,3689.3986,False,True,,86676.0,True,False
0x51881a1cde5dbae15d02ae1824940b19768d8f2b,0x96007470542f92ea7034325297d23ca31fc1b7065c09399cc5e2a3db6bb8d72b,2023-12-19 06:06:59,600000000.0,0xa0b86991c6218b36c1d19d4a2e9eb0ce3606eb48,,,,2023-12-20 06:06:59,0x96007470542f92ea7034325297d23ca31fc1b7065c09399cc5e2a3db6bb8d72b,True,2023-12-21 00:06:47,USDC,599.94,False,True,,151188.0,True,False
0x51881a1cde5dbae15d02ae1824940b19768d8f2b,0x497f9010aecd1a9705bd72ee8c1f3a098092cf3cb5558876252a76c654f56e04,2023-12-18 06:07:35,600000000.0,0xa0b86991c6218b36c1d19d4a2e9eb0ce3606eb48,,,,2023-12-19 06:07:35,0x497f9010aecd1a9705bd72ee8c1f3a098092cf3cb5558876252a76c654f56e04,True,2023-12-19 12:26:23,USDC,599.94,False,True,,109128.0,True,False
0x51881a1cde5dbae15d02ae1824940b19768d8f2b,0x32195a3584bf7dbe7fb863ea0475e43cbb300ccc4e8e0a501d9949d33e18d7df,2023-12-17 06:08:47,600000000.0,0xa0b86991c6218b36c1d19d4a2e9eb0ce3606eb48,,,,2023-12-18 06:08:47,0x32195a3584bf7dbe7fb863ea0475e43cbb300ccc4e8e0a501d9949d33e18d7df,True,2023-12-19 00:11:23,USDC,599.94,False,True,,151356.0,True,False
0x33965f7d08f61a62b86c1ab9be5d82c42f4c3081,0x25ec767c130e19e0fe1d683bdaac57434f09aa89f9b2fdfc241c0b1278057378,2023-12-16 23:55:47,2e+18,0xc02aaa39b223fe8d0a0e5c4f27ead9083c756cc2,,,,2023-12-17 23:55:47,0x25ec767c130e19e0fe1d683bdaac57434f09aa89f9b2fdfc241c0b1278057378,True,2023-12-18 00:00:47,WETH,3689.3986,False,True,,86700.0,True,False
0x51881a1cde5dbae15d02ae1824940b19768d8f2b,0x5d5f123c24e12424c8b744a38e55397bbb1a82e84d3c09358c48b126604a04e8,2023-12-16 06:06:47,600000000.0,0xa0b86991c6218b36c1d19d4a2e9eb0ce3606eb48,,,,2023-12-17 06:06:47,0x5d5f123c24e12424c8b744a38e55397bbb1a82e84d3c09358c48b126604a04e8,True,2023-12-17 06:08:47,USDC,599.94,False,True,,86520.0,True,False
0x33965f7d08f61a62b86c1ab9be5d82c42f4c3081,0x9e1354a19c9ca933f5c039224326c2b45a41af0d6e1c83d373403402341247ea,2023-12-15 17:06:23,2e+18,0xc02aaa39b223fe8d0a0e5c4f27ead9083c756cc2,,,,2023-12-16 17:06:23,0x9e1354a19c9ca933f5c039224326c2b45a41af0d6e1c83d373403402341247ea,True,2023-12-16 17:10:35,WETH,3689.3986,False,True,,86652.0,True,False
0x51881a1cde5dbae15d02ae1824940b19768d8f2b,0x77ee8d9563d4374b68b00be6517006b4dfd5edd56caffaff52c59d3686c4117d,2023-12-15 06:07:11,600000000.0,0xa0b86991c6218b36c1d19d4a2e9eb0ce3606eb48,,,,2023-12-16 06:07:11,0x77ee8d9563d4374b68b00be6517006b4dfd5edd56caffaff52c59d3686c4117d,True,2023-12-16 19:06:47,USDC,599.94,False,True,,133176.0,True,False
0x33965f7d08f61a62b86c1ab9be5d82c42f4c3081,0x673050e110110d625b04df7390db2cee4563e0e34d80329f90091e46e10f0cdc,2023-12-14 17:05:47,2e+18,0xc02aaa39b223fe8d0a0e5c4f27ead9083c756cc2,,,,2023-12-15 17:05:47,0x673050e110110d625b04df7390db2cee4563e0e34d80329f90091e46e10f0cdc,True,2023-12-15 17:10:35,WETH,3689.3986,False,True,,86688.0,True,False
0x51881a1cde5dbae15d02ae1824940b19768d8f2b,0x57ebc864facd018e9ef24f1f029b363a41dd68727eb9f26ba765a8763db7de9a,2023-12-14 06:07:47,600000000.0,0xa0b86991c6218b36c1d19d4a2e9eb0ce3606eb48,,,,2023-12-15 06:07:47,0x57ebc864facd018e9ef24f1f029b363a41dd68727eb9f26ba765a8763db7de9a,True,2023-12-15 15:08:11,USDC,599.94,False,True,,118824.0,True,False
0xd333746e878b544c87e855018af40c8a0e133d6f,0x58f13769b712c8c6890d20fb2f00f2c7cd5ebb82dd7358ac62f67716dc3cd9e1,2023-12-13 22:09:59,5e+18,0xc02aaa39b223fe8d0a0e5c4f27ead9083c756cc2,,,,2023-12-16 22:09:59,0x58f13769b712c8c6890d20fb2f00f2c7cd5ebb82dd7358ac62f67716dc3cd9e1,True,2023-12-18 14:28:59,WETH,9223.4965,False,True,,404340.0,True,False
0x33965f7d08f61a62b86c1ab9be5d82c42f4c3081,0x3d208fc6d4c117551a61c94f36e6b0050b398a37cda290ff1c63abed2613cf1a,2023-12-13 17:15:47,2e+18,0xc02aaa39b223fe8d0a0e5c4f27ead9083c756cc2,,,,2023-12-14 17:15:47,0x3d208fc6d4c117551a61c94f36e6b0050b398a37cda290ff1c63abed2613cf1a,True,2023-12-14 17:20:47,WETH,3689.3986,False,True,,86700.0,True,False
0x51881a1cde5dbae15d02ae1824940b19768d8f2b,0x72ac1edd21e3c2817a23ab99ab60e6cdc1c414d6117f8ba5a818740420865a7d,2023-12-13 06:07:11,600000000.0,0xa0b86991c6218b36c1d19d4a2e9eb0ce3606eb48,,,,2023-12-14 06:07:11,0x72ac1edd21e3c2817a23ab99ab60e6cdc1c414d6117f8ba5a818740420865a7d,True,2023-12-14 06:07:47,USDC,599.94,False,True,,86436.0,True,False
0x1d933fd71ff07e69f066d50b39a7c34eb3b69f05,0x06332f0b52dddfed8237ad43b193189d8fdb2eed1d168ffaf3797abbd0b5837b,2023-12-12 19:08:11,1e+19,0xc02aaa39b223fe8d0a0e5c4f27ead9083c756cc2,,,,2023-12-17 19:08:11,0x06332f0b52dddfed8237ad43b193189d8fdb2eed1d168ffaf3797abbd0b5837b,True,2023-12-18 16:17:23,WETH,18446.993,False,True,,508152.0,True,False
0x33965f7d08f61a62b86c1ab9be5d82c42f4c3081,0xeddfe2949c255452438d6899e42962adbee496681e0c4def206887f809ef26a6,2023-12-12 09:01:11,2e+18,0xc02aaa39b223fe8d0a0e5c4f27ead9083c756cc2,,,,2023-12-13 09:01:11,0xeddfe2949c255452438d6899e42962adbee496681e0c4def206887f809ef26a6,True,2023-12-13 09:05:35,WETH,3689.3986,False,True,,86664.0,True,False
0x51881a1cde5dbae15d02ae1824940b19768d8f2b,0x291013bf46ce4aaf613752f35df3a3501f042345b3b52168a4fe216722503750,2023-12-12 06:07:23,600000000.0,0xa0b86991c6218b36c1d19d4a2e9eb0ce3606eb48,,,,2023-12-13 06:07:23,0x291013bf46ce4aaf613752f35df3a3501f042345b3b52168a4fe216722503750,True,2023-12-13 15:04:23,USDC,599.94,False,True,,118620.0,True,False
0x33965f7d08f61a62b86c1ab9be5d82c42f4c3081,0x74ee7a395254b512b6592b4dcc820d9ee69916dc0a5e1b5ef7d9800e186a568d,2023-12-12 06:05:59,2e+18,0xc02aaa39b223fe8d0a0e5c4f27ead9083c756cc2,,,,2023-12-13 06:05:59,0x74ee7a395254b512b6592b4dcc820d9ee69916dc0a5e1b5ef7d9800e186a568d,True,2023-12-13 06:10:35,WETH,3689.3986,False,True,,86676.0,True,False
0x33965f7d08f61a62b86c1ab9be5d82c42f4c3081,0x5a865388f1d4dd1aafc0f2fa895e8778e23b681e5b6afd7a10e35b6d4f514c47,2023-12-12 03:25:59,2e+18,0xc02aaa39b223fe8d0a0e5c4f27ead9083c756cc2,,,,2023-12-13 03:25:59,0x5a865388f1d4dd1aafc0f2fa895e8778e23b681e5b6afd7a10e35b6d4f514c47,True,2023-12-13 03:30:35,WETH,3689.3986,False,True,,86676.0,True,False
0x51881a1cde5dbae15d02ae1824940b19768d8f2b,0x9da5dc5cc8859cfbb44320e6c63ffc5a9a6ad08540f3d76190b56fc88345aac4,2023-12-11 06:08:11,600000000.0,0xa0b86991c6218b36c1d19d4a2e9eb0ce3606eb48,,,,2023-12-12 06:08:11,0x9da5dc5cc8859cfbb44320e6c63ffc5a9a6ad08540f3d76190b56fc88345aac4,True,2023-12-13 06:07:11,USDC,599.94,False,True,,172740.0,True,False
0x33965f7d08f61a62b86c1ab9be5d82c42f4c3081,0x5cffee5f833371580a63751657b7191709a074da441c9c3832986ea77f350714,2023-12-10 20:35:47,2e+18,0xc02aaa39b223fe8d0a0e5c4f27ead9083c756cc2,,,,2023-12-11 20:35:47,0x5cffee5f833371580a63751657b7191709a074da441c9c3832986ea77f350714,True,2023-12-11 20:40:35,WETH,3689.3986,False,True,,86688.0,True,False
0x33965f7d08f61a62b86c1ab9be5d82c42f4c3081,0x27c07b997905c5feeaa1621bba1747d75c99d51096f50c5d2b7deff99287b74b,2023-12-10 16:05:59,2e+18,0xc02aaa39b223fe8d0a0e5c4f27ead9083c756cc2,,,,2023-12-11 16:05:59,0x27c07b997905c5feeaa1621bba1747d75c99d51096f50c5d2b7deff99287b74b,True,2023-12-11 16:10:35,WETH,3689.3986,False,True,,86676.0,True,False
0x51881a1cde5dbae15d02ae1824940b19768d8f2b,0x4d77c1c28a38b8c5d3c2de948d19b33c733e87391b389fe0c90ea4f5ebabf603,2023-12-10 06:08:11,600000000.0,0xa0b86991c6218b36c1d19d4a2e9eb0ce3606eb48,,,,2023-12-11 06:08:11,0x4d77c1c28a38b8c5d3c2de948d19b33c733e87391b389fe0c90ea4f5ebabf603,True,2023-12-12 06:07:23,USDC,599.94,False,True,,172752.0,True,False
0x51881a1cde5dbae15d02ae1824940b19768d8f2b,0x183213754c8389beb27d3e60b8cb92eba08e0996d78c858a82bb8b5f32ad001a,2023-12-09 06:06:35,600000000.0,0xa0b86991c6218b36c1d19d4a2e9eb0ce3606eb48,,,,2023-12-10 06:06:35,0x183213754c8389beb27d3e60b8cb92eba08e0996d78c858a82bb8b5f32ad001a,True,2023-12-10 06:08:11,USDC,599.94,False,True,,86496.0,True,False
0x51881a1cde5dbae15d02ae1824940b19768d8f2b,0xef87a745d2a3a955e7ed03c7a4865ec47e86c1ba9272f593e93543515fbcfac1,2023-12-08 06:08:11,600000000.0,0xa0b86991c6218b36c1d19d4a2e9eb0ce3606eb48,,,,2023-12-09 06:08:11,0xef87a745d2a3a955e7ed03c7a4865ec47e86c1ba9272f593e93543515fbcfac1,True,2023-12-10 06:08:11,USDC,599.94,False,True,,172800.0,True,False
0x51881a1cde5dbae15d02ae1824940b19768d8f2b,0xf09f30e508dbc0b24c9892fe7c4151fd90a10b539708672fde48ce8d3d673b4e,2023-12-07 06:07:59,600000000.0,0xa0b86991c6218b36c1d19d4a2e9eb0ce3606eb48,,,,2023-12-08 06:07:59,0xf09f30e508dbc0b24c9892fe7c4151fd90a10b539708672fde48ce8d3d673b4e,True,2023-12-08 06:08:11,USDC,599.94,False,True,,86412.0,True,False
0x33965f7d08f61a62b86c1ab9be5d82c42f4c3081,0x22b3e7a485865a1a5b919ab5b7360d4736b274a54213633ed2744c63471ff0ec,2023-12-06 20:10:47,2e+18,0xc02aaa39b223fe8d0a0e5c4f27ead9083c756cc2,,,,2023-12-07 20:10:47,0x22b3e7a485865a1a5b919ab5b7360d4736b274a54213633ed2744c63471ff0ec,True,2023-12-07 20:15:35,WETH,3689.3986,False,True,,86688.0,True,False
0x51881a1cde5dbae15d02ae1824940b19768d8f2b,0xbb42f27b0cec28baf4e558616aa59f850ffbb8ee7800b72af3e4838369497eff,2023-12-06 06:07:47,600000000.0,0xa0b86991c6218b36c1d19d4a2e9eb0ce3606eb48,,,,2023-12-07 06:07:47,0xbb42f27b0cec28baf4e558616aa59f850ffbb8ee7800b72af3e4838369497eff,True,2023-12-07 06:07:59,USDC,599.94,False,True,,86412.0,True,False
0x51881a1cde5dbae15d02ae1824940b19768d8f2b,0x676451429b7dcde4fda24de6a2696b4ff14c86135f3ebbf5d2aa22c0cc7dd5e2,2023-12-05 06:07:23,600000000.0,0xa0b86991c6218b36c1d19d4a2e9eb0ce3606eb48,,,,2023-12-06 06:07:23,0x676451429b7dcde4fda24de6a2696b4ff14c86135f3ebbf5d2aa22c0cc7dd5e2,True,2023-12-06 06:07:47,USDC,599.94,False,True,,86424.0,True,False
0xe933bd43aae0644fdad2342d56246c299fbee72b,0xf335bb26e4cbfd1f48c08c3ab9085cc927ff5bb76dbcd653df9c766238bc9da6,2023-12-05 04:45:23,1e+23,0xc770eefad204b5180df6a14ee197d99d808ee52d,,,,2023-12-07 04:45:23,0xf335bb26e4cbfd1f48c08c3ab9085cc927ff5bb76dbcd653df9c766238bc9da6,True,2023-12-08 14:10:11,FOX,2899.9999999999995,False,True,,293088.0,True,False
0x51881a1cde5dbae15d02ae1824940b19768d8f2b,0x27042f4d6039800baf6f53ff94763cee7a6e7d575d2965ad576f26fd4a96129e,2023-12-04 06:08:35,600000000.0,0xa0b86991c6218b36c1d19d4a2e9eb0ce3606eb48,,,,2023-12-05 06:08:35,0x27042f4d6039800baf6f53ff94763cee7a6e7d575d2965ad576f26fd4a96129e,True,2023-12-06 06:07:47,USDC,599.94,False,True,,172752.0,True,False
0x51881a1cde5dbae15d02ae1824940b19768d8f2b,0x7ff714d57db0ef09443f08d49f6364bc37ef8efbe1369604178d435937837939,2023-12-03 06:07:11,600000000.0,0xa0b86991c6218b36c1d19d4a2e9eb0ce3606eb48,,,,2023-12-04 06:07:11,0x7ff714d57db0ef09443f08d49f6364bc37ef8efbe1369604178d435937837939,True,2023-12-04 06:08:35,USDC,599.94,False,True,,86484.0,True,False
0x51881a1cde5dbae15d02ae1824940b19768d8f2b,0x47605a0121f3775a6940189b1adaa7379e3cbba34e8910113bd79ff827f791ef,2023-12-02 06:08:11,600000000.0,0xa0b86991c6218b36c1d19d4a2e9eb0ce3606eb48,,,,2023-12-03 06:08:11,0x47605a0121f3775a6940189b1adaa7379e3cbba34e8910113bd79ff827f791ef,True,2023-12-04 06:08:35,USDC,599.94,False,True,,172824.0,True,False
0x33965f7d08f61a62b86c1ab9be5d82c42f4c3081,0x9661993d4ad27c02217ca46fb91e0c3f927603f2edc484a22afbbf6e9de1d121,2023-12-01 09:30:47,2e+18,0xc02aaa39b223fe8d0a0e5c4f27ead9083c756cc2,,,,2023-12-02 09:30:47,0x9661993d4ad27c02217ca46fb91e0c3f927603f2edc484a22afbbf6e9de1d121,True,2023-12-02 09:35:35,WETH,3689.3986,False,True,,86688.0,True,False
0x51881a1cde5dbae15d02ae1824940b19768d8f2b,0xe64530f4c501f0f584dbad699e7fd454466361da8a1d95370bddbab3bae0f25a,2023-12-01 06:07:35,600000000.0,0xa0b86991c6218b36c1d19d4a2e9eb0ce3606eb48,,,,2023-12-02 06:07:35,0xe64530f4c501f0f584dbad699e7fd454466361da8a1d95370bddbab3bae0f25a,True,2023-12-02 06:08:11,USDC,599.94,False,True,,86436.0,True,False
0x33965f7d08f61a62b86c1ab9be5d82c42f4c3081,0xc862750559dae30570842edae86266b9ba0f4f2c9a16950ed5cfcd79f05f1365,2023-11-30 12:05:47,2e+18,0xc02aaa39b223fe8d0a0e5c4f27ead9083c756cc2,,,,2023-12-01 12:05:47,0xc862750559dae30570842edae86266b9ba0f4f2c9a16950ed5cfcd79f05f1365,True,2023-12-01 12:10:35,WETH,3689.3986,False,True,,86688.0,True,False
0x51881a1cde5dbae15d02ae1824940b19768d8f2b,0x2daecef5a003e10ee5b45da135cd2e8d57ea178e368b7b7fa6ed92277ea5393a,2023-11-30 06:07:11,600000000.0,0xa0b86991c6218b36c1d19d4a2e9eb0ce3606eb48,,,,2023-12-01 06:07:11,0x2daecef5a003e10ee5b45da135cd2e8d57ea178e368b7b7fa6ed92277ea5393a,True,2023-12-01 06:07:35,USDC,599.94,False,True,,86424.0,True,False
0x51881a1cde5dbae15d02ae1824940b19768d8f2b,0xd776b5d1686ae8cb9531a07c892353e5976f50eaa2e7921d9ba7e7b962498436,2023-11-29 06:07:35,600000000.0,0xa0b86991c6218b36c1d19d4a2e9eb0ce3606eb48,,,,2023-11-30 06:07:35,0xd776b5d1686ae8cb9531a07c892353e5976f50eaa2e7921d9ba7e7b962498436,True,2023-12-01 06:07:35,USDC,599.94,False,True,,172800.0,True,False
0x33965f7d08f61a62b86c1ab9be5d82c42f4c3081,0xf3d51cf6eaacd3302c19e51366d0203adb0f1212b5bd9f5f58ba1e86cb962bba,2023-11-29 02:45:35,2e+18,0xc02aaa39b223fe8d0a0e5c4f27ead9083c756cc2,,,,2023-11-30 02:45:35,0xf3d51cf6eaacd3302c19e51366d0203adb0f1212b5bd9f5f58ba1e86cb962bba,True,2023-11-30 02:50:35,WETH,3689.3986,False,True,,86700.0,True,False
0x33965f7d08f61a62b86c1ab9be5d82c42f4c3081,0x58e8a5bea477c67c3bb01a6fb418b0d371df02e45b1b09252e43791fc4ddcb64,2023-11-29 00:05:47,2e+18,0xc02aaa39b223fe8d0a0e5c4f27ead9083c756cc2,,,,2023-11-30 00:05:47,0x58e8a5bea477c67c3bb01a6fb418b0d371df02e45b1b09252e43791fc4ddcb64,True,2023-11-30 00:10:35,WETH,3689.3986,False,True,,86688.0,True,False
0x33965f7d08f61a62b86c1ab9be5d82c42f4c3081,0x630263cffc7f4dd55fdba7a17c7d4e2586d44f76898583083d7eedddd9f1fb92,2023-11-28 22:05:59,2e+18,0xc02aaa39b223fe8d0a0e5c4f27ead9083c756cc2,,,,2023-11-29 22:05:59,0x630263cffc7f4dd55fdba7a17c7d4e2586d44f76898583083d7eedddd9f1fb92,True,2023-11-29 22:10:35,WETH,3689.3986,False,True,,86676.0,True,False
0x51881a1cde5dbae15d02ae1824940b19768d8f2b,0x94d00c6dfa6f7c70059758cb522deb9b83669e598243992575f4e3bbe8a5c3d9,2023-11-28 06:07:59,600000000.0,0xa0b86991c6218b36c1d19d4a2e9eb0ce3606eb48,,,,2023-11-29 06:07:59,0x94d00c6dfa6f7c70059758cb522deb9b83669e598243992575f4e3bbe8a5c3d9,True,2023-11-29 20:01:59,USDC,599.94,False,True,,136440.0,True,False
0x51881a1cde5dbae15d02ae1824940b19768d8f2b,0xd071cf9fd670c8a41b68c4331aff61ddb82f072939765cb02728dc5df41024cc,2023-11-27 06:06:47,600000000.0,0xa0b86991c6218b36c1d19d4a2e9eb0ce3606eb48,,,,2023-11-28 06:06:47,0xd071cf9fd670c8a41b68c4331aff61ddb82f072939765cb02728dc5df41024cc,True,2023-11-28 06:07:59,USDC,599.94,False,True,,86472.0,True,False
0x51881a1cde5dbae15d02ae1824940b19768d8f2b,0x03b372ae59466107e17839620a344b05cf95c519ac5f2a5a1dc8d8ca9ec9bd22,2023-11-26 06:06:47,600000000.0,0xa0b86991c6218b36c1d19d4a2e9eb0ce3606eb48,,,,2023-11-27 06:06:47,0x03b372ae59466107e17839620a344b05cf95c519ac5f2a5a1dc8d8ca9ec9bd22,True,2023-11-28 06:07:59,USDC,599.94,False,True,,172872.0,True,False
0x51881a1cde5dbae15d02ae1824940b19768d8f2b,0xfc2932c1f68dc5a79b2c9b8279d6ba25d24cbce00e8c91c07b4b991e9ee799a7,2023-11-25 06:07:47,600000000.0,0xa0b86991c6218b36c1d19d4a2e9eb0ce3606eb48,,,,2023-11-26 06:07:47,0xfc2932c1f68dc5a79b2c9b8279d6ba25d24cbce00e8c91c07b4b991e9ee799a7,True,2023-11-27 06:06:47,USDC,599.94,False,True,,172740.0,True,False
0x51881a1cde5dbae15d02ae1824940b19768d8f2b,0x750c7e0376dd3e80364f562fc4c774f8dec9e980093cd6af3f97c915864b192b,2023-11-24 06:07:35,600000000.0,0xa0b86991c6218b36c1d19d4a2e9eb0ce3606eb48,,,,2023-11-25 06:07:35,0x750c7e0376dd3e80364f562fc4c774f8dec9e980093cd6af3f97c915864b192b,True,2023-11-25 06:07:47,USDC,599.94,False,True,,86412.0,True,False
0x51881a1cde5dbae15d02ae1824940b19768d8f2b,0x0f1f5be71778fcf9f6226f4176c667e77b34d0da9ca12042e8abc3f74144ed67,2023-11-23 06:07:47,600000000.0,0xa0b86991c6218b36c1d19d4a2e9eb0ce3606eb48,,,,2023-11-24 06:07:47,0x0f1f5be71778fcf9f6226f4176c667e77b34d0da9ca12042e8abc3f74144ed67,True,2023-11-25 06:07:47,USDC,599.94,False,True,,172800.0,True,False
0x51881a1cde5dbae15d02ae1824940b19768d8f2b,0x70a197ad40864835559f46834ed72fa771d4eb59a8ff09169bc2c4bd9c22f3ef,2023-11-22 06:07:47,600000000.0,0xa0b86991c6218b36c1d19d4a2e9eb0ce3606eb48,,,,2023-11-23 06:07:47,0x70a197ad40864835559f46834ed72fa771d4eb59a8ff09169bc2c4bd9c22f3ef,True,2023-11-24 06:07:35,USDC,599.94,False,True,,172788.0,True,False
0x33965f7d08f61a62b86c1ab9be5d82c42f4c3081,0xedc93f266fe3575b90f0e15928571c85d19aea47e4698ac8da92fcb905c4915c,2023-11-21 08:41:11,2e+18,0xc02aaa39b223fe8d0a0e5c4f27ead9083c756cc2,,,,2023-11-21 14:41:11,0xedc93f266fe3575b90f0e15928571c85d19aea47e4698ac8da92fcb905c4915c,True,2023-11-21 14:45:35,WETH,3689.3986,False,True,,21864.0,True,False
0x51881a1cde5dbae15d02ae1824940b19768d8f2b,0x2120c95177c5d33449480bd4460fb078e150311a71935993ee62ff16a903bad3,2023-11-21 06:07:47,600000000.0,0xa0b86991c6218b36c1d19d4a2e9eb0ce3606eb48,,,,2023-11-22 06:07:47,0x2120c95177c5d33449480bd4460fb078e150311a71935993ee62ff16a903bad3,True,2023-11-22 10:03:23,USDC,599.94,False,True,,100536.0,True,False
0x1d933fd71ff07e69f066d50b39a7c34eb3b69f05,0x79c370650a5c38637e1f9809d5f1223cf31d78232c61c039a0d4a65ee1640385,2023-11-20 19:11:59,1e+19,0xc02aaa39b223fe8d0a0e5c4f27ead9083c756cc2,,,,2023-11-25 19:11:59,0x79c370650a5c38637e1f9809d5f1223cf31d78232c61c039a0d4a65ee1640385,True,2023-11-29 18:44:35,WETH,18446.993,False,True,,775956.0,True,False
0x51881a1cde5dbae15d02ae1824940b19768d8f2b,0x8613c9fdaff43c5d949aab437a326887e6ba0c88656e1d32d5fcf36e4728233e,2023-11-20 06:07:35,600000000.0,0xa0b86991c6218b36c1d19d4a2e9eb0ce3606eb48,,,,2023-11-21 06:07:35,0x8613c9fdaff43c5d949aab437a326887e6ba0c88656e1d32d5fcf36e4728233e,True,2023-11-21 06:07:47,USDC,599.94,False,True,,86412.0,True,False
0x51881a1cde5dbae15d02ae1824940b19768d8f2b,0x833382688c348eb772609186bb2af399c731e053a0fe24efe9e9e9ca3f00edd3,2023-11-19 06:06:35,600000000.0,0xa0b86991c6218b36c1d19d4a2e9eb0ce3606eb48,,,,2023-11-20 06:06:35,0x833382688c348eb772609186bb2af399c731e053a0fe24efe9e9e9ca3f00edd3,True,2023-11-20 06:07:35,USDC,599.94,False,True,,86460.0,True,False
0x51881a1cde5dbae15d02ae1824940b19768d8f2b,0xb2f4fc3454cce516eb3b2f8c9edb189e601518e31ae2f0b821e73c973d15d9a3,2023-11-18 06:07:23,600000000.0,0xa0b86991c6218b36c1d19d4a2e9eb0ce3606eb48,,,,2023-11-19 06:07:23,0xb2f4fc3454cce516eb3b2f8c9edb189e601518e31ae2f0b821e73c973d15d9a3,True,2023-11-20 06:07:35,USDC,599.94,False,True,,172812.0,True,False
0x33965f7d08f61a62b86c1ab9be5d82c42f4c3081,0x67c7910d8076817f3640721d5a8842eb0b1e209e5a4c8f4cf44247d5681c0368,2023-11-17 20:25:35,2e+18,0xc02aaa39b223fe8d0a0e5c4f27ead9083c756cc2,,,,2023-11-18 02:25:35,0x67c7910d8076817f3640721d5a8842eb0b1e209e5a4c8f4cf44247d5681c0368,True,2023-11-18 02:30:35,WETH,3689.3986,False,True,,21900.0,True,False
0x51881a1cde5dbae15d02ae1824940b19768d8f2b,0x98ba0e5e4b850ba2f1045130d8d9496800ecdb274077b499d4032e4673550fbe,2023-11-17 06:08:23,600000000.0,0xa0b86991c6218b36c1d19d4a2e9eb0ce3606eb48,,,,2023-11-18 06:08:23,0x98ba0e5e4b850ba2f1045130d8d9496800ecdb274077b499d4032e4673550fbe,True,2023-11-19 06:06:35,USDC,599.94,False,True,,172692.0,True,False
0x33965f7d08f61a62b86c1ab9be5d82c42f4c3081,0x4289f44abb45d48a00f885db48a0fa041333ae9964651b67a1745ca39baac9ec,2023-11-17 01:30:47,2e+18,0xc02aaa39b223fe8d0a0e5c4f27ead9083c756cc2,,,,2023-11-17 07:30:47,0x4289f44abb45d48a00f885db48a0fa041333ae9964651b67a1745ca39baac9ec,True,2023-11-17 07:35:59,WETH,3689.3986,False,True,,21912.0,True,False
0x33965f7d08f61a62b86c1ab9be5d82c42f4c3081,0x30d48b0311035d2b5f8444d967094f36337f25c3798231cff3f2d31c2e4692d1,2023-11-16 06:45:47,2e+18,0xc02aaa39b223fe8d0a0e5c4f27ead9083c756cc2,,,,2023-11-16 12:45:47,0x30d48b0311035d2b5f8444d967094f36337f25c3798231cff3f2d31c2e4692d1,True,2023-11-16 12:50:47,WETH,3689.3986,False,True,,21900.0,True,False
0x51881a1cde5dbae15d02ae1824940b19768d8f2b,0xc059541bfd7f9390f1be9e1b5a67f5160147814aea78dc87e97e50e004c4fdf4,2023-11-16 06:08:35,600000000.0,0xa0b86991c6218b36c1d19d4a2e9eb0ce3606eb48,,,,2023-11-17 06:08:35,0xc059541bfd7f9390f1be9e1b5a67f5160147814aea78dc87e97e50e004c4fdf4,True,2023-11-18 06:07:23,USDC,599.94,False,True,,172728.0,True,False
0x33965f7d08f61a62b86c1ab9be5d82c42f4c3081,0x1cf5bd8a8b4d09f5f99f8a2445fd23276715684cf6ccec311a9faf129de9f5c2,2023-11-15 10:00:59,2e+18,0xc02aaa39b223fe8d0a0e5c4f27ead9083c756cc2,,,,2023-11-15 16:00:59,0x1cf5bd8a8b4d09f5f99f8a2445fd23276715684cf6ccec311a9faf129de9f5c2,True,2023-11-15 16:20:59,WETH,3689.3986,False,True,,22800.0,True,False
0x51881a1cde5dbae15d02ae1824940b19768d8f2b,0xf9d676002aa61be432b08572d204f6f8a1bf2a3ead0b2b02334edb89080a92bb,2023-11-15 06:08:11,600000000.0,0xa0b86991c6218b36c1d19d4a2e9eb0ce3606eb48,,,,2023-11-16 06:08:11,0xf9d676002aa61be432b08572d204f6f8a1bf2a3ead0b2b02334edb89080a92bb,True,2023-11-16 06:08:35,USDC,599.94,False,True,,86424.0,True,False
0x9ebd10b46b43351097cab2d3c03ccf440957a2a9,0xbe8f08b0876d33cdc21fc20b607e53d210a28de4cde921668400cd3a4d1a1f9b,2023-11-15 02:29:35,5e+18,0xc02aaa39b223fe8d0a0e5c4f27ead9083c756cc2,,,,2023-11-18 02:29:35,0xbe8f08b0876d33cdc21fc20b607e53d210a28de4cde921668400cd3a4d1a1f9b,True,2023-11-20 09:20:47,WETH,9223.4965,False,True,,456672.0,True,False
0x51881a1cde5dbae15d02ae1824940b19768d8f2b,0xe006728bbe9e167fd8bb5d35dfb94d8214cd1e43882497a1c9c7edd31333f56b,2023-11-14 06:07:11,600000000.0,0xa0b86991c6218b36c1d19d4a2e9eb0ce3606eb48,,,,2023-11-15 06:07:11,0xe006728bbe9e167fd8bb5d35dfb94d8214cd1e43882497a1c9c7edd31333f56b,True,2023-11-15 06:08:11,USDC,599.94,False,True,,86460.0,True,False
0x51881a1cde5dbae15d02ae1824940b19768d8f2b,0xd54f81d577170195c585d937816b1529921c882f0b0b45f0a1f34b755da9e18a,2023-11-13 06:07:23,600000000.0,0xa0b86991c6218b36c1d19d4a2e9eb0ce3606eb48,,,,2023-11-14 06:07:23,0xd54f81d577170195c585d937816b1529921c882f0b0b45f0a1f34b755da9e18a,True,2023-11-14 10:00:35,USDC,599.94,False,True,,100392.0,True,False
0x51881a1cde5dbae15d02ae1824940b19768d8f2b,0x6974cb745d32d64f2adeb862252769032c728ccf27c195e959d0b40f7e746c01,2023-11-12 06:06:23,600000000.0,0xa0b86991c6218b36c1d19d4a2e9eb0ce3606eb48,,,,2023-11-13 06:06:23,0x6974cb745d32d64f2adeb862252769032c728ccf27c195e959d0b40f7e746c01,True,2023-11-13 06:07:23,USDC,599.94,False,True,,86460.0,True,False
0x33965f7d08f61a62b86c1ab9be5d82c42f4c3081,0x314d66706d192e8fe74e3ab969b825d3610426a2409e53c8e214d22c5a803f00,2023-11-12 01:20:59,2e+18,0xc02aaa39b223fe8d0a0e5c4f27ead9083c756cc2,,,,2023-11-12 07:20:59,0x314d66706d192e8fe74e3ab969b825d3610426a2409e53c8e214d22c5a803f00,True,2023-11-12 07:25:35,WETH,3689.3986,False,True,,21876.0,True,False
0x33965f7d08f61a62b86c1ab9be5d82c42f4c3081,0x795a8776cce1355613e7362cff2e0990fc8a4798a5d6d1edb3db0170b0655c58,2023-11-12 00:40:47,2e+18,0xc02aaa39b223fe8d0a0e5c4f27ead9083c756cc2,,,,2023-11-12 06:40:47,0x795a8776cce1355613e7362cff2e0990fc8a4798a5d6d1edb3db0170b0655c58,True,2023-11-12 06:45:35,WETH,3689.3986,False,True,,21888.0,True,False
0x51881a1cde5dbae15d02ae1824940b19768d8f2b,0x620f4787db8dfbf370acec4001495fc20048da7f7fbd0b3ba8be8cde910ccd07,2023-11-11 06:06:47,600000000.0,0xa0b86991c6218b36c1d19d4a2e9eb0ce3606eb48,,,,2023-11-12 06:06:47,0x620f4787db8dfbf370acec4001495fc20048da7f7fbd0b3ba8be8cde910ccd07,True,2023-11-13 06:07:23,USDC,599.94,False,True,,172836.0,True,False
0x33965f7d08f61a62b86c1ab9be5d82c42f4c3081,0xc05fe523c53641c70be9399295d515364fa6e7004466e3e0d1e345f6e443c6b6,2023-11-10 21:31:11,2e+18,0xc02aaa39b223fe8d0a0e5c4f27ead9083c756cc2,,,,2023-11-11 03:31:11,0xc05fe523c53641c70be9399295d515364fa6e7004466e3e0d1e345f6e443c6b6,True,2023-11-11 12:02:47,WETH,3689.3986,False,True,,52296.0,True,False
0x51881a1cde5dbae15d02ae1824940b19768d8f2b,0x0ddec67271249bc2ddda68ad1bef8de54eaf938ed9fa29ce3641bda497b42250,2023-11-10 06:07:47,600000000.0,0xa0b86991c6218b36c1d19d4a2e9eb0ce3606eb48,,,,2023-11-11 06:07:47,0x0ddec67271249bc2ddda68ad1bef8de54eaf938ed9fa29ce3641bda497b42250,True,2023-11-12 06:06:23,USDC,599.94,False,True,,172716.0,True,False
0x51881a1cde5dbae15d02ae1824940b19768d8f2b,0x73bdefe4c5dabfedf6018e8d2d04c164c80138d1f7239e99927b343a188616ed,2023-11-09 06:06:59,600000000.0,0xa0b86991c6218b36c1d19d4a2e9eb0ce3606eb48,,,,2023-11-10 06:06:59,0x73bdefe4c5dabfedf6018e8d2d04c164c80138d1f7239e99927b343a188616ed,True,2023-11-10 06:07:47,USDC,599.94,False,True,,86448.0,True,False
0x51881a1cde5dbae15d02ae1824940b19768d8f2b,0xcbc7ff1a712a18a17ec1432529aa7cf70a9f2603d691827011946f2dce3562b7,2023-11-08 06:07:59,600000000.0,0xa0b86991c6218b36c1d19d4a2e9eb0ce3606eb48,,,,2023-11-09 06:07:59,0xcbc7ff1a712a18a17ec1432529aa7cf70a9f2603d691827011946f2dce3562b7,True,2023-11-10 06:07:47,USDC,599.94,False,True,,172788.0,True,False
0x33965f7d08f61a62b86c1ab9be5d82c42f4c3081,0xcf06afcbe8f8dd0edbe256c127d42be35777cd4a47e6f82f4c91075fdfce8dc9,2023-11-07 10:40:47,2e+18,0xc02aaa39b223fe8d0a0e5c4f27ead9083c756cc2,,,,2023-11-09 10:40:47,0xcf06afcbe8f8dd0edbe256c127d42be35777cd4a47e6f82f4c91075fdfce8dc9,True,2023-11-09 10:45:23,WETH,3689.3986,False,True,,173076.0,True,False
0x51881a1cde5dbae15d02ae1824940b19768d8f2b,0x1ca951e4935f763133bc56015b4367964a4f357dbacf9b61f7d36f501ae86fab,2023-11-07 06:07:11,600000000.0,0xa0b86991c6218b36c1d19d4a2e9eb0ce3606eb48,,,,2023-11-08 06:07:11,0x1ca951e4935f763133bc56015b4367964a4f357dbacf9b61f7d36f501ae86fab,True,2023-11-08 06:07:59,USDC,599.94,False,True,,86448.0,True,False
0x51881a1cde5dbae15d02ae1824940b19768d8f2b,0xa9a920b7d31d491af038fe1f5d37e66aff61fb5f011599c896c2947603b0d79a,2023-11-06 06:08:11,600000000.0,0xa0b86991c6218b36c1d19d4a2e9eb0ce3606eb48,,,,2023-11-07 06:08:11,0xa9a920b7d31d491af038fe1f5d37e66aff61fb5f011599c896c2947603b0d79a,True,2023-11-07 10:03:47,USDC,599.94,False,True,,100536.0,True,False
0x51881a1cde5dbae15d02ae1824940b19768d8f2b,0x0aa1df5d1b498aa6bbee8a781d38650f653ec435a86ed793d4d1e699f9c47288,2023-11-05 06:07:59,600000000.0,0xa0b86991c6218b36c1d19d4a2e9eb0ce3606eb48,,,,2023-11-06 06:07:59,0x0aa1df5d1b498aa6bbee8a781d38650f653ec435a86ed793d4d1e699f9c47288,True,2023-11-06 06:08:11,USDC,599.94,False,True,,86412.0,True,False
0x51881a1cde5dbae15d02ae1824940b19768d8f2b,0xfd79b1009649983c9361317936674beb28a31776a29d77000d201b22cad8a1e3,2023-11-04 06:08:11,600000000.0,0xa0b86991c6218b36c1d19d4a2e9eb0ce3606eb48,,,,2023-11-05 06:08:11,0xfd79b1009649983c9361317936674beb28a31776a29d77000d201b22cad8a1e3,True,2023-11-06 06:08:11,USDC,599.94,False,True,,172800.0,True,False
0x51881a1cde5dbae15d02ae1824940b19768d8f2b,0xa0c15f87d60a3d705f5f6e80517ac0de80005d721b048e456acea89bb3766d77,2023-11-03 06:06:35,600000000.0,0xa0b86991c6218b36c1d19d4a2e9eb0ce3606eb48,,,,2023-11-04 06:06:35,0xa0c15f87d60a3d705f5f6e80517ac0de80005d721b048e456acea89bb3766d77,True,2023-11-04 06:08:11,USDC,599.94,False,True,,86496.0,True,False
0x51881a1cde5dbae15d02ae1824940b19768d8f2b,0x46ec71c9b59bffe46149b3637df8df1bf5cab75d39daea972b254cabd73c44db,2023-11-02 06:08:11,600000000.0,0xa0b86991c6218b36c1d19d4a2e9eb0ce3606eb48,,,,2023-11-03 06:08:11,0x46ec71c9b59bffe46149b3637df8df1bf5cab75d39daea972b254cabd73c44db,True,2023-11-04 06:08:11,USDC,599.94,False,True,,172800.0,True,False
0x51881a1cde5dbae15d02ae1824940b19768d8f2b,0xc5f62489a3d455a4c054b7cf73d533ac6104e843df37a2426042df7d1a35d7c2,2023-11-01 06:07:47,600000000.0,0xa0b86991c6218b36c1d19d4a2e9eb0ce3606eb48,,,,2023-11-02 06:07:47,0xc5f62489a3d455a4c054b7cf73d533ac6104e843df37a2426042df7d1a35d7c2,True,2023-11-02 06:08:11,USDC,599.94,False,True,,86424.0,True,False
0x1d933fd71ff07e69f066d50b39a7c34eb3b69f05,0x106dcb26571083ad05814b134a6e3e2246f9a2191cd9fe61b42263e20a4548ef,2023-10-31 19:31:11,1e+19,0xc02aaa39b223fe8d0a0e5c4f27ead9083c756cc2,,,,2023-11-05 19:31:11,0x106dcb26571083ad05814b134a6e3e2246f9a2191cd9fe61b42263e20a4548ef,True,2023-11-06 18:49:47,WETH,18446.993,False,True,,515916.0,True,False
0x51881a1cde5dbae15d02ae1824940b19768d8f2b,0xcb1731aa1a10ccebf03228a0dd41a646ab6f03057ae06c58470068c1d8eb6f62,2023-10-31 06:07:59,600000000.0,0xa0b86991c6218b36c1d19d4a2e9eb0ce3606eb48,,,,2023-11-01 06:07:59,0xcb1731aa1a10ccebf03228a0dd41a646ab6f03057ae06c58470068c1d8eb6f62,True,2023-11-02 06:08:11,USDC,599.94,False,True,,172812.0,True,False
0x51881a1cde5dbae15d02ae1824940b19768d8f2b,0x09ffefbe55a25a98553f3b9a3a2daa514dda9a252b201359994705b065b3c242,2023-10-30 06:08:11,600000000.0,0xa0b86991c6218b36c1d19d4a2e9eb0ce3606eb48,,,,2023-10-31 06:08:11,0x09ffefbe55a25a98553f3b9a3a2daa514dda9a252b201359994705b065b3c242,True,2023-11-01 06:07:47,USDC,599.94,False,True,,172776.0,True,False
0x51881a1cde5dbae15d02ae1824940b19768d8f2b,0xf39d97eee48a762039655a258b066e80af7bfa3a90fd6959c6f9d262873ff6ec,2023-10-29 06:06:23,600000000.0,0xa0b86991c6218b36c1d19d4a2e9eb0ce3606eb48,,,,2023-10-30 06:06:23,0xf39d97eee48a762039655a258b066e80af7bfa3a90fd6959c6f9d262873ff6ec,True,2023-10-30 06:08:11,USDC,599.94,False,True,,86508.0,True,False
0x51881a1cde5dbae15d02ae1824940b19768d8f2b,0xc54b6642b6fbaa13eebf8376a0adb3cfe5472384ea5a23d13c4bdcf2e83c4d0f,2023-10-28 09:18:59,600000000.0,0xa0b86991c6218b36c1d19d4a2e9eb0ce3606eb48,,,,2023-10-29 09:18:59,0xc54b6642b6fbaa13eebf8376a0adb3cfe5472384ea5a23d13c4bdcf2e83c4d0f,True,2023-10-29 10:02:47,USDC,599.94,False,True,,89028.0,True,False
0x33965f7d08f61a62b86c1ab9be5d82c42f4c3081,0xb1fc35dca11b140b442fa73f91691d94d6e191ecfc11bcfcc89564c390e7dd71,2023-10-27 13:20:47,2e+18,0xc02aaa39b223fe8d0a0e5c4f27ead9083c756cc2,,,,2023-10-29 13:20:47,0xb1fc35dca11b140b442fa73f91691d94d6e191ecfc11bcfcc89564c390e7dd71,True,2023-10-29 13:25:35,WETH,3689.3986,False,True,,173088.0,True,False
0x51881a1cde5dbae15d02ae1824940b19768d8f2b,0xdd8a3c5d089fb95563716fe190f8ce7274670150fbc4f58a1ee9679592f7ae0b,2023-10-27 06:07:47,600000000.0,0xa0b86991c6218b36c1d19d4a2e9eb0ce3606eb48,,,,2023-10-28 06:07:47,0xdd8a3c5d089fb95563716fe190f8ce7274670150fbc4f58a1ee9679592f7ae0b,True,2023-10-28 09:18:59,USDC,599.94,False,True,,97872.0,True,False
0x51881a1cde5dbae15d02ae1824940b19768d8f2b,0xb277d4999a8291234c586867e5eabaad3ab39068ee4f68356c44826e479f10c4,2023-10-26 06:07:35,600000000.0,0xa0b86991c6218b36c1d19d4a2e9eb0ce3606eb48,,,,2023-10-27 06:07:35,0xb277d4999a8291234c586867e5eabaad3ab39068ee4f68356c44826e479f10c4,True,2023-10-27 06:07:47,USDC,599.94,False,True,,86412.0,True,False
0x33965f7d08f61a62b86c1ab9be5d82c42f4c3081,0xcf8cb1350e8328a81cf233182875e2cf82efd0169776dbf1326f03c71aee4310,2023-10-25 12:55:47,2e+18,0xc02aaa39b223fe8d0a0e5c4f27ead9083c756cc2,,,,2023-10-27 12:55:47,0xcf8cb1350e8328a81cf233182875e2cf82efd0169776dbf1326f03c71aee4310,True,2023-10-27 13:00:35,WETH,3689.3986,False,True,,173088.0,True,False
0x51881a1cde5dbae15d02ae1824940b19768d8f2b,0x25dc2a5d3788526834a3ea1f5873d970485b01c5cea62d015b482c7407d9a1a9,2023-10-25 06:07:23,600000000.0,0xa0b86991c6218b36c1d19d4a2e9eb0ce3606eb48,,,,2023-10-26 06:07:23,0x25dc2a5d3788526834a3ea1f5873d970485b01c5cea62d015b482c7407d9a1a9,True,2023-10-26 06:07:35,USDC,599.94,False,True,,86412.0,True,False
0x51881a1cde5dbae15d02ae1824940b19768d8f2b,0xcd19810f555cdf6d658af92ec3011eba156fac557a95386bab1de0002a0a217e,2023-10-24 06:07:47,600000000.0,0xa0b86991c6218b36c1d19d4a2e9eb0ce3606eb48,,,,2023-10-25 06:07:47,0xcd19810f555cdf6d658af92ec3011eba156fac557a95386bab1de0002a0a217e,True,2023-10-26 06:07:35,USDC,599.94,False,True,,172788.0,True,False
0x51881a1cde5dbae15d02ae1824940b19768d8f2b,0x71e3f364ddf96bf270e66cf3b322f9f140fd07e4894665170623fb09a78cdc35,2023-10-23 06:06:47,600000000.0,0xa0b86991c6218b36c1d19d4a2e9eb0ce3606eb48,,,,2023-10-24 06:06:47,0x71e3f364ddf96bf270e66cf3b322f9f140fd07e4894665170623fb09a78cdc35,True,2023-10-24 06:07:47,USDC,599.94,False,True,,86460.0,True,False
0x51881a1cde5dbae15d02ae1824940b19768d8f2b,0x758bf4dd5911a307b73e8411d3eb4edb6ebca1c5dced97abb929586d5b0c5610,2023-10-22 06:07:35,600000000.0,0xa0b86991c6218b36c1d19d4a2e9eb0ce3606eb48,,,,2023-10-23 06:07:35,0x758bf4dd5911a307b73e8411d3eb4edb6ebca1c5dced97abb929586d5b0c5610,True,2023-10-23 16:15:59,USDC,599.94,False,True,,122904.0,True,False
0x51881a1cde5dbae15d02ae1824940b19768d8f2b,0xb2de4aef93ceed1109bd79d2f15fd876d73a566421d908f1571493bf1679e478,2023-10-21 06:07:11,600000000.0,0xa0b86991c6218b36c1d19d4a2e9eb0ce3606eb48,,,,2023-10-22 06:07:11,0xb2de4aef93ceed1109bd79d2f15fd876d73a566421d908f1571493bf1679e478,True,2023-10-22 06:07:35,USDC,599.94,False,True,,86424.0,True,False
0x51881a1cde5dbae15d02ae1824940b19768d8f2b,0x1ce3241a51710b298b7f79119770e33b49330424e8f6385724269c1deb7926d4,2023-10-20 06:07:47,600000000.0,0xa0b86991c6218b36c1d19d4a2e9eb0ce3606eb48,,,,2023-10-21 06:07:47,0x1ce3241a51710b298b7f79119770e33b49330424e8f6385724269c1deb7926d4,True,2023-10-22 06:07:35,USDC,599.94,False,True,,172788.0,True,False
0x33965f7d08f61a62b86c1ab9be5d82c42f4c3081,0xb5c480db1cbe47b802ae69cef9fea0ca3cc58db6310ef4932a94f66027dcb5f4,2023-10-19 17:10:35,2e+18,0xc02aaa39b223fe8d0a0e5c4f27ead9083c756cc2,,,,2023-10-22 17:10:35,0xb5c480db1cbe47b802ae69cef9fea0ca3cc58db6310ef4932a94f66027dcb5f4,True,2023-10-22 17:15:35,WETH,3689.3986,False,True,,259500.0,True,False
0x51881a1cde5dbae15d02ae1824940b19768d8f2b,0xc8cac7120506e44b9f57408130e7856ccfb7d1543030d6dd124a309194c11f92,2023-10-19 06:07:47,600000000.0,0xa0b86991c6218b36c1d19d4a2e9eb0ce3606eb48,,,,2023-10-20 06:07:47,0xc8cac7120506e44b9f57408130e7856ccfb7d1543030d6dd124a309194c11f92,True,2023-10-21 06:07:11,USDC,599.94,False,True,,172764.0,True,False
0x33965f7d08f61a62b86c1ab9be5d82c42f4c3081,0x91d73e8d46691ed8640c34f1c416d61049d678613b1b0fec46f09204e006a2dd,2023-10-18 18:21:11,2e+18,0xc02aaa39b223fe8d0a0e5c4f27ead9083c756cc2,0xad8db77347771ccb1e7dce36788a4f142117c5679539d91eb56d5504199d019c,2023-10-19 04:25:59,0x33965f7d08f61a62b86c1ab9be5d82c42f4c3081,2023-10-21 18:21:11,0x91d73e8d46691ed8640c34f1c416d61049d678613b1b0fec46f09204e006a2dd,True,2024-01-29 16:52:47,WETH,3689.3986,True,True,36288.0,8893896.0,True,False
0x51881a1cde5dbae15d02ae1824940b19768d8f2b,0xf23a16fb84d8f496bf585d39f9aea28fb7d5628383ee6b6c04dc750e2e1baa90,2023-10-18 06:08:11,600000000.0,0xa0b86991c6218b36c1d19d4a2e9eb0ce3606eb48,,,,2023-10-19 06:08:11,0xf23a16fb84d8f496bf585d39f9aea28fb7d5628383ee6b6c04dc750e2e1baa90,True,2023-10-20 06:07:47,USDC,599.94,False,True,,172776.0,True,False
0x1d933fd71ff07e69f066d50b39a7c34eb3b69f05,0xded8ef189c44794c437259c2e42324310278259799d6bc14d3ea977b5add0922,2023-10-17 19:57:47,1e+19,0xc02aaa39b223fe8d0a0e5c4f27ead9083c756cc2,,,,2023-10-22 19:57:47,0xded8ef189c44794c437259c2e42324310278259799d6bc14d3ea977b5add0922,True,2023-10-22 22:19:59,WETH,18446.993,False,True,,440532.0,True,False
0x51881a1cde5dbae15d02ae1824940b19768d8f2b,0x86979842f452e792c2a7e7e0fefebeab891a8dd6c0e3d69ef4bd1eba1394255e,2023-10-17 06:07:59,600000000.0,0xa0b86991c6218b36c1d19d4a2e9eb0ce3606eb48,,,,2023-10-18 06:07:59,0x86979842f452e792c2a7e7e0fefebeab891a8dd6c0e3d69ef4bd1eba1394255e,True,2023-10-18 06:08:11,USDC,599.94,False,True,,86412.0,True,False
0x7fabadbdf7c144c9e76ab630c8f3073ffeb5176e,0x7386b71ea7ce474022d6f6c5a07222fac00073b81cfa27821416ec44bfd6ae9d,2023-10-16 12:29:47,5e+18,0xc02aaa39b223fe8d0a0e5c4f27ead9083c756cc2,,,,2023-10-19 12:29:47,0x7386b71ea7ce474022d6f6c5a07222fac00073b81cfa27821416ec44bfd6ae9d,True,2023-10-19 15:16:11,WETH,9223.4965,False,True,,269184.0,True,False
0x51881a1cde5dbae15d02ae1824940b19768d8f2b,0x31c1002effab8c497a9963a5ba84f3155a5f6cdcd63a31f93adbdf40a6bb72fc,2023-10-16 06:07:59,600000000.0,0xa0b86991c6218b36c1d19d4a2e9eb0ce3606eb48,,,,2023-10-17 06:07:59,0x31c1002effab8c497a9963a5ba84f3155a5f6cdcd63a31f93adbdf40a6bb72fc,True,2023-10-18 06:08:11,USDC,599.94,False,True,,172812.0,True,False
0x51881a1cde5dbae15d02ae1824940b19768d8f2b,0x43e3e64059c59b71ec38bc6f2cb2183b6826fee24714c40fccf6014befbc0084,2023-10-15 06:07:47,600000000.0,0xa0b86991c6218b36c1d19d4a2e9eb0ce3606eb48,,,,2023-10-16 06:07:47,0x43e3e64059c59b71ec38bc6f2cb2183b6826fee24714c40fccf6014befbc0084,True,2023-10-16 06:07:59,USDC,599.94,False,True,,86412.0,True,False
0x51881a1cde5dbae15d02ae1824940b19768d8f2b,0xa472ca55c6c82363881a8ed051a1e0cc4629c39a4460ca4ea5eabb5c48ff6f21,2023-10-14 06:08:11,600000000.0,0xa0b86991c6218b36c1d19d4a2e9eb0ce3606eb48,,,,2023-10-15 06:08:11,0xa472ca55c6c82363881a8ed051a1e0cc4629c39a4460ca4ea5eabb5c48ff6f21,True,2023-10-16 06:07:59,USDC,599.94,False,True,,172788.0,True,False
0x51881a1cde5dbae15d02ae1824940b19768d8f2b,0x6d39705eaf2f6726d3410443ce88aaa72596db2b5b654a4aa4fa4b34d543b7c6,2023-10-13 06:07:59,600000000.0,0xa0b86991c6218b36c1d19d4a2e9eb0ce3606eb48,,,,2023-10-14 06:07:59,0x6d39705eaf2f6726d3410443ce88aaa72596db2b5b654a4aa4fa4b34d543b7c6,True,2023-10-14 06:08:11,USDC,599.94,False,True,,86412.0,True,False
0x51881a1cde5dbae15d02ae1824940b19768d8f2b,0xbc814b6861af78b15994cf126bc72d2cabb1d2c242a7331ce097d21855717faf,2023-10-12 06:06:47,600000000.0,0xa0b86991c6218b36c1d19d4a2e9eb0ce3606eb48,,,,2023-10-13 06:06:47,0xbc814b6861af78b15994cf126bc72d2cabb1d2c242a7331ce097d21855717faf,True,2023-10-13 06:07:59,USDC,599.94,False,True,,86472.0,True,False
0x51881a1cde5dbae15d02ae1824940b19768d8f2b,0x68c6cb5a51177b19b24ea8773934ba386fe916cdb228391443e428bbc56a01bb,2023-10-11 06:07:23,600000000.0,0xa0b86991c6218b36c1d19d4a2e9eb0ce3606eb48,,,,2023-10-12 06:07:23,0x68c6cb5a51177b19b24ea8773934ba386fe916cdb228391443e428bbc56a01bb,True,2023-10-13 06:07:59,USDC,599.94,False,True,,172836.0,True,False
0x51881a1cde5dbae15d02ae1824940b19768d8f2b,0x13f2a7fa51dd071d1eef72e7e948c09464123a150eb4d1554a6d6239c076e457,2023-10-10 08:18:23,600000000.0,0xa0b86991c6218b36c1d19d4a2e9eb0ce3606eb48,,,,2023-10-11 08:18:23,0x13f2a7fa51dd071d1eef72e7e948c09464123a150eb4d1554a6d6239c076e457,True,2023-10-12 06:06:47,USDC,599.94,False,True,,164904.0,True,False
0x51881a1cde5dbae15d02ae1824940b19768d8f2b,0xb554b3b5f262ccace421a28c1e128bf708e2a21ec0535ba348d3e8d12218ce39,2023-10-09 06:08:11,600000000.0,0xa0b86991c6218b36c1d19d4a2e9eb0ce3606eb48,,,,2023-10-10 06:08:11,0xb554b3b5f262ccace421a28c1e128bf708e2a21ec0535ba348d3e8d12218ce39,True,2023-10-10 08:18:23,USDC,599.94,False,True,,94212.0,True,False
0x51881a1cde5dbae15d02ae1824940b19768d8f2b,0xc89273f23636f24ac7c02615fdf6720c1c7ac3ae4554a7566739cf7eba951d70,2023-10-08 06:07:11,600000000.0,0xa0b86991c6218b36c1d19d4a2e9eb0ce3606eb48,,,,2023-10-09 06:07:11,0xc89273f23636f24ac7c02615fdf6720c1c7ac3ae4554a7566739cf7eba951d70,True,2023-10-09 06:08:11,USDC,599.94,False,True,,86460.0,True,False
0x51881a1cde5dbae15d02ae1824940b19768d8f2b,0xde5662a7a1aea1117192e532c96297690d66d3e0be67ca9c1322e86f4087a9e2,2023-10-07 06:07:35,600000000.0,0xa0b86991c6218b36c1d19d4a2e9eb0ce3606eb48,,,,2023-10-08 06:07:35,0xde5662a7a1aea1117192e532c96297690d66d3e0be67ca9c1322e86f4087a9e2,True,2023-10-09 06:08:11,USDC,599.94,False,True,,172836.0,True,False
0x51881a1cde5dbae15d02ae1824940b19768d8f2b,0xd5445c699453a6d18e165d85ccd77e790bd268432602a9c81bc0e54db5af2ae7,2023-10-06 06:08:23,600000000.0,0xa0b86991c6218b36c1d19d4a2e9eb0ce3606eb48,,,,2023-10-07 06:08:23,0xd5445c699453a6d18e165d85ccd77e790bd268432602a9c81bc0e54db5af2ae7,True,2023-10-08 05:12:11,USDC,599.94,False,True,,169428.0,True,False
0x51881a1cde5dbae15d02ae1824940b19768d8f2b,0xdfd1a2eee0d06273e58a9891431713124c6047972fa55164cb0d2f04a92b6012,2023-10-05 06:07:47,600000000.0,0xa0b86991c6218b36c1d19d4a2e9eb0ce3606eb48,,,,2023-10-06 06:07:47,0xdfd1a2eee0d06273e58a9891431713124c6047972fa55164cb0d2f04a92b6012,True,2023-10-06 06:08:23,USDC,599.94,False,True,,86436.0,True,False
0x51881a1cde5dbae15d02ae1824940b19768d8f2b,0x527280a5a1f4a34a8be7971b86d3cad3175061327ddd91fea615dcca26a43157,2023-10-04 06:07:23,600000000.0,0xa0b86991c6218b36c1d19d4a2e9eb0ce3606eb48,,,,2023-10-05 06:07:23,0x527280a5a1f4a34a8be7971b86d3cad3175061327ddd91fea615dcca26a43157,True,2023-10-05 06:07:47,USDC,599.94,False,True,,86424.0,True,False
0x51881a1cde5dbae15d02ae1824940b19768d8f2b,0x613005bc8684ef3aba918561f98cc2df717a931dc60bff6dd93ba5479b9b124b,2023-10-03 06:07:11,600000000.0,0xa0b86991c6218b36c1d19d4a2e9eb0ce3606eb48,,,,2023-10-04 06:07:11,0x613005bc8684ef3aba918561f98cc2df717a931dc60bff6dd93ba5479b9b124b,True,2023-10-04 06:07:23,USDC,599.94,False,True,,86412.0,True,False
0x51881a1cde5dbae15d02ae1824940b19768d8f2b,0xf0ef8db93525126c1b0efae9eb2939d188bc77c9dcf04e12a8d2155adca1ab52,2023-10-02 06:06:59,600000000.0,0xa0b86991c6218b36c1d19d4a2e9eb0ce3606eb48,,,,2023-10-03 06:06:59,0xf0ef8db93525126c1b0efae9eb2939d188bc77c9dcf04e12a8d2155adca1ab52,True,2023-10-03 06:07:11,USDC,599.94,False,True,,86412.0,True,False
0x51881a1cde5dbae15d02ae1824940b19768d8f2b,0x8b6178dfdb59c800c20c6a40c6e960972bca99e3becd91b4fc68df6872664460,2023-10-01 06:07:11,600000000.0,0xa0b86991c6218b36c1d19d4a2e9eb0ce3606eb48,,,,2023-10-02 06:07:11,0x8b6178dfdb59c800c20c6a40c6e960972bca99e3becd91b4fc68df6872664460,True,2023-10-03 06:07:11,USDC,599.94,False,True,,172800.0,True,False
0x51881a1cde5dbae15d02ae1824940b19768d8f2b,0xe351f1fd8ba4e66c0e1d906bdfba1a684e3d255832b9dc5d14a876254835a125,2023-09-30 09:42:47,600000000.0,0xa0b86991c6218b36c1d19d4a2e9eb0ce3606eb48,,,,2023-10-01 09:42:47,0xe351f1fd8ba4e66c0e1d906bdfba1a684e3d255832b9dc5d14a876254835a125,True,2023-10-02 06:06:59,USDC,599.94,False,True,,159852.0,True,False
0x51881a1cde5dbae15d02ae1824940b19768d8f2b,0x25d38b3eb3096777323d6942137b6c72a8a4aef64277c8c1a989d32c1ed4968d,2023-09-29 06:07:11,600000000.0,0xa0b86991c6218b36c1d19d4a2e9eb0ce3606eb48,,,,2023-09-30 06:07:11,0x25d38b3eb3096777323d6942137b6c72a8a4aef64277c8c1a989d32c1ed4968d,True,2023-09-30 09:42:47,USDC,599.94,False,True,,99336.0,True,False
0x1d933fd71ff07e69f066d50b39a7c34eb3b69f05,0xec9e88d4927df809f533c93c8a5c419c8e37dd793a3a0dd466967fbeacdff09d,2023-09-28 16:05:35,1e+19,0xc02aaa39b223fe8d0a0e5c4f27ead9083c756cc2,,,,2023-10-03 16:05:35,0xec9e88d4927df809f533c93c8a5c419c8e37dd793a3a0dd466967fbeacdff09d,True,2023-10-03 19:27:23,WETH,18446.993,False,True,,444108.0,True,False
0x51881a1cde5dbae15d02ae1824940b19768d8f2b,0x12a0989aba7db2935625604cd7faf9bd0ea2fb1b7f3a011bab294afe213fe4e1,2023-09-28 06:06:47,600000000.0,0xa0b86991c6218b36c1d19d4a2e9eb0ce3606eb48,,,,2023-09-29 06:06:47,0x12a0989aba7db2935625604cd7faf9bd0ea2fb1b7f3a011bab294afe213fe4e1,True,2023-09-29 06:07:11,USDC,599.94,False,True,,86424.0,True,False
0x51881a1cde5dbae15d02ae1824940b19768d8f2b,0xcb875d8e027830b28438bdd66700c0f38bf0a6912bd1104c2f5c802b2777e957,2023-09-27 06:06:47,600000000.0,0xa0b86991c6218b36c1d19d4a2e9eb0ce3606eb48,,,,2023-09-28 06:06:47,0xcb875d8e027830b28438bdd66700c0f38bf0a6912bd1104c2f5c802b2777e957,True,2023-09-29 06:07:11,USDC,599.94,False,True,,172824.0,True,False
0x51881a1cde5dbae15d02ae1824940b19768d8f2b,0xf6931400803b1b10ea972383fb847c61fed6804883f9498e1d5be519df84199e,2023-09-26 06:08:11,600000000.0,0xa0b86991c6218b36c1d19d4a2e9eb0ce3606eb48,,,,2023-09-27 06:08:11,0xf6931400803b1b10ea972383fb847c61fed6804883f9498e1d5be519df84199e,True,2023-09-27 06:14:59,USDC,599.94,False,True,,86808.0,True,False
0x51881a1cde5dbae15d02ae1824940b19768d8f2b,0x741716c6b4a8ba2f868f41d252152f80b17f302f8e08d4d6de4a7ba80ddc0d79,2023-09-25 06:07:11,600000000.0,0xa0b86991c6218b36c1d19d4a2e9eb0ce3606eb48,,,,2023-09-26 06:07:11,0x741716c6b4a8ba2f868f41d252152f80b17f302f8e08d4d6de4a7ba80ddc0d79,True,2023-09-26 06:08:11,USDC,599.94,False,True,,86460.0,True,False
0x51881a1cde5dbae15d02ae1824940b19768d8f2b,0x2a3ce11846bccad775bacef29c4d8e86e81cd329629db9247ea3c40a93d8fdb9,2023-09-24 06:06:59,600000000.0,0xa0b86991c6218b36c1d19d4a2e9eb0ce3606eb48,,,,2023-09-25 06:06:59,0x2a3ce11846bccad775bacef29c4d8e86e81cd329629db9247ea3c40a93d8fdb9,True,2023-09-25 06:07:11,USDC,599.94,False,True,,86412.0,True,False
0x51881a1cde5dbae15d02ae1824940b19768d8f2b,0x6f78a6e54dd1ad1e88b96b368aa7908a105a1568517e72be205e8aaa49e79f0d,2023-09-23 06:07:47,600000000.0,0xa0b86991c6218b36c1d19d4a2e9eb0ce3606eb48,,,,2023-09-24 06:07:47,0x6f78a6e54dd1ad1e88b96b368aa7908a105a1568517e72be205e8aaa49e79f0d,True,2023-09-25 06:07:11,USDC,599.94,False,True,,172764.0,True,False
0x51881a1cde5dbae15d02ae1824940b19768d8f2b,0xbb2b0e1a69522640873bf47a6be7a6fd1a03d94f576746cdd41ce203d44ef007,2023-09-22 06:07:11,600000000.0,0xa0b86991c6218b36c1d19d4a2e9eb0ce3606eb48,,,,2023-09-23 06:07:11,0xbb2b0e1a69522640873bf47a6be7a6fd1a03d94f576746cdd41ce203d44ef007,True,2023-09-23 06:07:47,USDC,599.94,False,True,,86436.0,True,False
0x51881a1cde5dbae15d02ae1824940b19768d8f2b,0xd9215fba163aaa8eac056a54aaaa333aa45e81d4769fd54bfc84d42cfab1dfcb,2023-09-21 06:06:59,600000000.0,0xa0b86991c6218b36c1d19d4a2e9eb0ce3606eb48,,,,2023-09-22 06:06:59,0xd9215fba163aaa8eac056a54aaaa333aa45e81d4769fd54bfc84d42cfab1dfcb,True,2023-09-22 06:07:11,USDC,599.94,False,True,,86412.0,True,False
0x51881a1cde5dbae15d02ae1824940b19768d8f2b,0x8074ec3d55277f64289455e350c2d5c3eacfff6b681bdc3b105d277625838837,2023-09-20 06:07:11,600000000.0,0xa0b86991c6218b36c1d19d4a2e9eb0ce3606eb48,,,,2023-09-21 06:07:11,0x8074ec3d55277f64289455e350c2d5c3eacfff6b681bdc3b105d277625838837,True,2023-09-22 06:07:11,USDC,599.94,False,True,,172800.0,True,False
0x1d933fd71ff07e69f066d50b39a7c34eb3b69f05,0x7f68c733f4cb73ed4fef4333cedf4ef59a4903f588bd45650498479971de66e9,2023-09-19 20:40:47,1e+19,0xc02aaa39b223fe8d0a0e5c4f27ead9083c756cc2,,,,2023-09-24 20:40:47,0x7f68c733f4cb73ed4fef4333cedf4ef59a4903f588bd45650498479971de66e9,True,2023-09-26 21:22:11,WETH,18446.993,False,True,,607284.0,True,False
0x51881a1cde5dbae15d02ae1824940b19768d8f2b,0x0eadbe3ae799edc506cb5d7f9d80b24877a5fc93f5449ed8bb65e9f8279fdc53,2023-09-19 06:07:59,600000000.0,0xa0b86991c6218b36c1d19d4a2e9eb0ce3606eb48,,,,2023-09-20 06:07:59,0x0eadbe3ae799edc506cb5d7f9d80b24877a5fc93f5449ed8bb65e9f8279fdc53,True,2023-09-21 06:06:59,USDC,599.94,False,True,,172740.0,True,False
0x51881a1cde5dbae15d02ae1824940b19768d8f2b,0xd2d7257a91abf3b08148e2b0d37137f1afdac617203fc3c67d88b299c8442114,2023-09-18 06:07:23,600000000.0,0xa0b86991c6218b36c1d19d4a2e9eb0ce3606eb48,,,,2023-09-19 06:07:23,0xd2d7257a91abf3b08148e2b0d37137f1afdac617203fc3c67d88b299c8442114,True,2023-09-19 06:07:59,USDC,599.94,False,True,,86436.0,True,False
0x51881a1cde5dbae15d02ae1824940b19768d8f2b,0x872ee9fd8a57410d53a8cd0a7e5bd05f96236be8f6444ea5b323e843c9799f8a,2023-09-17 06:06:11,600000000.0,0xa0b86991c6218b36c1d19d4a2e9eb0ce3606eb48,,,,2023-09-18 06:06:11,0x872ee9fd8a57410d53a8cd0a7e5bd05f96236be8f6444ea5b323e843c9799f8a,True,2023-09-18 06:07:23,USDC,599.94,False,True,,86472.0,True,False
0x51881a1cde5dbae15d02ae1824940b19768d8f2b,0x1a99389282a395f18f3d4ce816a10375ec9e7e07d22fb079de96160b3a57beb0,2023-09-16 06:06:47,600000000.0,0xa0b86991c6218b36c1d19d4a2e9eb0ce3606eb48,,,,2023-09-17 06:06:47,0x1a99389282a395f18f3d4ce816a10375ec9e7e07d22fb079de96160b3a57beb0,True,2023-09-18 06:07:23,USDC,599.94,False,True,,172836.0,True,False
0x51881a1cde5dbae15d02ae1824940b19768d8f2b,0xd8ff2a18d4f416232b84600cca3c75417879557e112c9f68ed12614c96c810da,2023-09-15 06:07:11,600000000.0,0xa0b86991c6218b36c1d19d4a2e9eb0ce3606eb48,,,,2023-09-16 06:07:11,0xd8ff2a18d4f416232b84600cca3c75417879557e112c9f68ed12614c96c810da,True,2023-09-17 06:06:11,USDC,599.94,False,True,,172740.0,True,False
0x51881a1cde5dbae15d02ae1824940b19768d8f2b,0x1cb8678a3e7d5e53530ef781a8dfb39df2abd849487d376f66668cba58087133,2023-09-14 06:06:47,600000000.0,0xa0b86991c6218b36c1d19d4a2e9eb0ce3606eb48,,,,2023-09-15 06:06:47,0x1cb8678a3e7d5e53530ef781a8dfb39df2abd849487d376f66668cba58087133,True,2023-09-15 06:07:11,USDC,599.94,False,True,,86424.0,True,False
0x51881a1cde5dbae15d02ae1824940b19768d8f2b,0xe4acca86ba050880d0dfc5f66b4a6c159926d56a0bc2519aad3d8d2d8523863f,2023-09-13 06:06:23,600000000.0,0xa0b86991c6218b36c1d19d4a2e9eb0ce3606eb48,,,,2023-09-14 06:06:23,0xe4acca86ba050880d0dfc5f66b4a6c159926d56a0bc2519aad3d8d2d8523863f,True,2023-09-14 06:06:47,USDC,599.94,False,True,,86424.0,True,False
0x51881a1cde5dbae15d02ae1824940b19768d8f2b,0x967bc18c2e436d2950c5d0f3540dfd29364dadfaf2e298f834a9cf99c01a5fdb,2023-09-12 06:07:23,600000000.0,0xa0b86991c6218b36c1d19d4a2e9eb0ce3606eb48,,,,2023-09-13 06:07:23,0x967bc18c2e436d2950c5d0f3540dfd29364dadfaf2e298f834a9cf99c01a5fdb,True,2023-09-14 06:06:47,USDC,599.94,False,True,,172764.0,True,False
0x51881a1cde5dbae15d02ae1824940b19768d8f2b,0x8c16c524de73b6c96fbd0cc71b184aacb143f7dc3a63eb9c25b8e719c0853532,2023-09-11 06:07:47,600000000.0,0xa0b86991c6218b36c1d19d4a2e9eb0ce3606eb48,,,,2023-09-12 06:07:47,0x8c16c524de73b6c96fbd0cc71b184aacb143f7dc3a63eb9c25b8e719c0853532,True,2023-09-13 06:06:23,USDC,599.94,False,True,,172716.0,True,False
0x51881a1cde5dbae15d02ae1824940b19768d8f2b,0xeaf3861ebbc8bf336a0856a4646ec594cabc2e64dea17199a70a5899b206308f,2023-09-10 06:06:47,600000000.0,0xa0b86991c6218b36c1d19d4a2e9eb0ce3606eb48,,,,2023-09-11 06:06:47,0xeaf3861ebbc8bf336a0856a4646ec594cabc2e64dea17199a70a5899b206308f,True,2023-09-11 06:07:47,USDC,599.94,False,True,,86460.0,True,False
0x51881a1cde5dbae15d02ae1824940b19768d8f2b,0x3cebfd0eab33577be7dd0e9a8eca6f029333e0af22b8063b0cdc59a160683df1,2023-09-09 06:06:59,600000000.0,0xa0b86991c6218b36c1d19d4a2e9eb0ce3606eb48,,,,2023-09-10 06:06:59,0x3cebfd0eab33577be7dd0e9a8eca6f029333e0af22b8063b0cdc59a160683df1,True,2023-09-11 06:07:47,USDC,599.94,False,True,,172848.0,True,False
0x51881a1cde5dbae15d02ae1824940b19768d8f2b,0x65bf5c4a16d0f55ca604abbb0315d74b69403df336f4c05592d518c17bcfdba4,2023-09-08 06:06:47,600000000.0,0xa0b86991c6218b36c1d19d4a2e9eb0ce3606eb48,,,,2023-09-09 06:06:47,0x65bf5c4a16d0f55ca604abbb0315d74b69403df336f4c05592d518c17bcfdba4,True,2023-09-09 06:06:59,USDC,599.94,False,True,,86412.0,True,False
0x51881a1cde5dbae15d02ae1824940b19768d8f2b,0x21014b14cade1b2812d7ddc32f1dc7d666eb87d5bbaba8c90a77c0617eb9bc34,2023-09-07 06:07:11,600000000.0,0xa0b86991c6218b36c1d19d4a2e9eb0ce3606eb48,,,,2023-09-08 06:07:11,0x21014b14cade1b2812d7ddc32f1dc7d666eb87d5bbaba8c90a77c0617eb9bc34,True,2023-09-09 06:06:59,USDC,599.94,False,True,,172788.0,True,False
0x51881a1cde5dbae15d02ae1824940b19768d8f2b,0xacffe00f562ac875d32cbf7df1cf3b37f15987a469680e3236a939ad59791d95,2023-09-06 06:06:35,600000000.0,0xa0b86991c6218b36c1d19d4a2e9eb0ce3606eb48,,,,2023-09-07 06:06:35,0xacffe00f562ac875d32cbf7df1cf3b37f15987a469680e3236a939ad59791d95,True,2023-09-07 06:07:11,USDC,599.94,False,True,,86436.0,True,False
0x51881a1cde5dbae15d02ae1824940b19768d8f2b,0xdc08cddba7b9c737516106a994c68322392ec77d0ca0af21135cf00f5b0f3672,2023-09-05 06:07:11,600000000.0,0xa0b86991c6218b36c1d19d4a2e9eb0ce3606eb48,,,,2023-09-06 06:07:11,0xdc08cddba7b9c737516106a994c68322392ec77d0ca0af21135cf00f5b0f3672,True,2023-09-07 06:07:11,USDC,599.94,False,True,,172800.0,True,False
0x51881a1cde5dbae15d02ae1824940b19768d8f2b,0x6d4de886b84ac022e5c2527659758eccea7d8f3b3ed405a8d1591f74b88eea15,2023-09-04 06:07:11,600000000.0,0xa0b86991c6218b36c1d19d4a2e9eb0ce3606eb48,,,,2023-09-05 06:07:11,0x6d4de886b84ac022e5c2527659758eccea7d8f3b3ed405a8d1591f74b88eea15,True,2023-09-06 06:06:35,USDC,599.94,False,True,,172764.0,True,False
0x51881a1cde5dbae15d02ae1824940b19768d8f2b,0xff7991cb0b8cc87155479d420c2aac562ac61aa8cb76b19020396e218850dc70,2023-09-03 06:06:11,600000000.0,0xa0b86991c6218b36c1d19d4a2e9eb0ce3606eb48,,,,2023-09-04 06:06:11,0xff7991cb0b8cc87155479d420c2aac562ac61aa8cb76b19020396e218850dc70,True,2023-09-04 06:07:11,USDC,599.94,False,True,,86460.0,True,False
0x51881a1cde5dbae15d02ae1824940b19768d8f2b,0x83ab2ece34be8771ea1e02b55cd8f0f090449ea468948ea0a63fd5263dc39200,2023-09-02 06:07:59,600000000.0,0xa0b86991c6218b36c1d19d4a2e9eb0ce3606eb48,,,,2023-09-03 06:07:59,0x83ab2ece34be8771ea1e02b55cd8f0f090449ea468948ea0a63fd5263dc39200,True,2023-09-04 06:07:11,USDC,599.94,False,True,,172752.0,True,False
0x51881a1cde5dbae15d02ae1824940b19768d8f2b,0xf59143e37299d93b4243e16819b44adf6fe2e2df451ada131012915106f7b722,2023-09-01 06:06:59,600000000.0,0xa0b86991c6218b36c1d19d4a2e9eb0ce3606eb48,,,,2023-09-02 06:06:59,0xf59143e37299d93b4243e16819b44adf6fe2e2df451ada131012915106f7b722,True,2023-09-02 06:07:59,USDC,599.94,False,True,,86460.0,True,False
0x51881a1cde5dbae15d02ae1824940b19768d8f2b,0xb6b0d918265ca193fe455d47ab6cc5ad0d58b4a404802c2d78bbb821766c87d9,2023-08-31 06:07:35,600000000.0,0xa0b86991c6218b36c1d19d4a2e9eb0ce3606eb48,,,,2023-09-01 06:07:35,0xb6b0d918265ca193fe455d47ab6cc5ad0d58b4a404802c2d78bbb821766c87d9,True,2023-09-02 06:07:59,USDC,599.94,False,True,,172824.0,True,False
0x51881a1cde5dbae15d02ae1824940b19768d8f2b,0x681ddda16aa81656011025e3b5b4f741a092da8a2b4fe8e0a511ec126991029f,2023-08-30 06:07:47,600000000.0,0xa0b86991c6218b36c1d19d4a2e9eb0ce3606eb48,,,,2023-08-31 06:07:47,0x681ddda16aa81656011025e3b5b4f741a092da8a2b4fe8e0a511ec126991029f,True,2023-09-01 06:06:59,USDC,599.94,False,True,,172752.0,True,False
0x51881a1cde5dbae15d02ae1824940b19768d8f2b,0x6aaa932d0f40e58aedd6fd6c684fc58e0a62cdde080c38e9e30f0580e7372142,2023-08-29 06:07:35,600000000.0,0xa0b86991c6218b36c1d19d4a2e9eb0ce3606eb48,,,,2023-08-30 06:07:35,0x6aaa932d0f40e58aedd6fd6c684fc58e0a62cdde080c38e9e30f0580e7372142,True,2023-08-30 06:07:47,USDC,599.94,False,True,,86412.0,True,False
0x51881a1cde5dbae15d02ae1824940b19768d8f2b,0x786b229db6810096d42d826660b8306a6578f4e63eceddcc29d6086c82d97ba4,2023-08-28 06:06:47,600000000.0,0xa0b86991c6218b36c1d19d4a2e9eb0ce3606eb48,,,,2023-08-29 06:06:47,0x786b229db6810096d42d826660b8306a6578f4e63eceddcc29d6086c82d97ba4,True,2023-08-29 06:07:35,USDC,599.94,False,True,,86448.0,True,False
0x51881a1cde5dbae15d02ae1824940b19768d8f2b,0x6388f6d1ae9e6cea13ef2b4b2a519b1fc3fbbd094418b52d857b26d8dc40130b,2023-08-27 06:06:35,600000000.0,0xa0b86991c6218b36c1d19d4a2e9eb0ce3606eb48,,,,2023-08-28 06:06:35,0x6388f6d1ae9e6cea13ef2b4b2a519b1fc3fbbd094418b52d857b26d8dc40130b,True,2023-08-28 06:06:47,USDC,599.94,False,True,,86412.0,True,False
0x51881a1cde5dbae15d02ae1824940b19768d8f2b,0x5334ddd02be27988e13f9afa54bb8a87855d1570d8d66f5147f56efd26b435e1,2023-08-26 06:06:11,600000000.0,0xa0b86991c6218b36c1d19d4a2e9eb0ce3606eb48,,,,2023-08-27 06:06:11,0x5334ddd02be27988e13f9afa54bb8a87855d1570d8d66f5147f56efd26b435e1,True,2023-08-27 06:06:35,USDC,599.94,False,True,,86424.0,True,False
0x51881a1cde5dbae15d02ae1824940b19768d8f2b,0x515522a6528da3a7ee3e2c3b434662be023537950db1e1f8c6cb0b3ac54eafef,2023-08-25 06:06:59,600000000.0,0xa0b86991c6218b36c1d19d4a2e9eb0ce3606eb48,,,,2023-08-26 06:06:59,0x515522a6528da3a7ee3e2c3b434662be023537950db1e1f8c6cb0b3ac54eafef,True,2023-08-27 06:06:35,USDC,599.94,False,True,,172776.0,True,False
0x51881a1cde5dbae15d02ae1824940b19768d8f2b,0xe457e1de7457f72ea44317505578dea7ab7e0cb074bb7c6873bfc6bbdbf33372,2023-08-24 06:07:35,600000000.0,0xa0b86991c6218b36c1d19d4a2e9eb0ce3606eb48,,,,2023-08-25 06:07:35,0xe457e1de7457f72ea44317505578dea7ab7e0cb074bb7c6873bfc6bbdbf33372,True,2023-08-26 06:06:11,USDC,599.94,False,True,,172716.0,True,False
0x51881a1cde5dbae15d02ae1824940b19768d8f2b,0x67fcfda91647881571c09d434681ed88a4ccc7303fd6a4ad96a8c2dfc55ffe45,2023-08-23 06:06:59,600000000.0,0xa0b86991c6218b36c1d19d4a2e9eb0ce3606eb48,,,,2023-08-24 06:06:59,0x67fcfda91647881571c09d434681ed88a4ccc7303fd6a4ad96a8c2dfc55ffe45,True,2023-08-24 06:07:35,USDC,599.94,False,True,,86436.0,True,False
0x51881a1cde5dbae15d02ae1824940b19768d8f2b,0x3baa82fefcefea3bcd44f217ce235846ab382d189b38bfb784a099109a515d97,2023-08-22 06:06:35,600000000.0,0xa0b86991c6218b36c1d19d4a2e9eb0ce3606eb48,,,,2023-08-23 06:06:35,0x3baa82fefcefea3bcd44f217ce235846ab382d189b38bfb784a099109a515d97,True,2023-08-23 06:06:59,USDC,599.94,False,True,,86424.0,True,False
0x51881a1cde5dbae15d02ae1824940b19768d8f2b,0x3bf38557b7e6c39138cb7a4ca260e8a795bc8cbd319ed6943121ad19755c5cb2,2023-08-21 06:06:47,600000000.0,0xa0b86991c6218b36c1d19d4a2e9eb0ce3606eb48,,,,2023-08-22 06:06:47,0x3bf38557b7e6c39138cb7a4ca260e8a795bc8cbd319ed6943121ad19755c5cb2,True,2023-08-23 06:06:59,USDC,599.94,False,True,,172812.0,True,False
0x51881a1cde5dbae15d02ae1824940b19768d8f2b,0x16336d1e19019e7e47cf7db59587887c4ae67ae85a96ece89f6e1b0c12086508,2023-08-20 06:07:23,600000000.0,0xa0b86991c6218b36c1d19d4a2e9eb0ce3606eb48,,,,2023-08-21 06:07:23,0x16336d1e19019e7e47cf7db59587887c4ae67ae85a96ece89f6e1b0c12086508,True,2023-08-22 06:06:35,USDC,599.94,False,True,,172752.0,True,False
0x51881a1cde5dbae15d02ae1824940b19768d8f2b,0x7585bd3787c51e6ead5c92ddad07fb68b6457f13cc22653783aa290e425c2078,2023-08-19 06:08:11,600000000.0,0xa0b86991c6218b36c1d19d4a2e9eb0ce3606eb48,,,,2023-08-20 06:08:11,0x7585bd3787c51e6ead5c92ddad07fb68b6457f13cc22653783aa290e425c2078,True,2023-08-21 06:06:47,USDC,599.94,False,True,,172716.0,True,False
0x51881a1cde5dbae15d02ae1824940b19768d8f2b,0x3d82b7d39463d95e13e1fa1e8e22a302ef0647ed41e84cf616a9e48b50a96c0b,2023-08-18 06:08:11,600000000.0,0xa0b86991c6218b36c1d19d4a2e9eb0ce3606eb48,,,,2023-08-19 06:08:11,0x3d82b7d39463d95e13e1fa1e8e22a302ef0647ed41e84cf616a9e48b50a96c0b,True,2023-08-20 06:07:23,USDC,599.94,False,True,,172752.0,True,False
0x51881a1cde5dbae15d02ae1824940b19768d8f2b,0x438139b0aa1852345015a72401361ddf35525067f5258261039dec7a942ca8b7,2023-08-17 06:06:23,600000000.0,0xa0b86991c6218b36c1d19d4a2e9eb0ce3606eb48,,,,2023-08-18 06:06:23,0x438139b0aa1852345015a72401361ddf35525067f5258261039dec7a942ca8b7,True,2023-08-18 06:08:11,USDC,599.94,False,True,,86508.0,True,False
0x51881a1cde5dbae15d02ae1824940b19768d8f2b,0x48b61818fc7f27683fe5bbe2e45f8cabc60625699bf77bb30a90be035ea93419,2023-08-16 06:07:11,600000000.0,0xa0b86991c6218b36c1d19d4a2e9eb0ce3606eb48,,,,2023-08-17 06:07:11,0x48b61818fc7f27683fe5bbe2e45f8cabc60625699bf77bb30a90be035ea93419,True,2023-08-18 06:08:11,USDC,599.94,False,True,,172860.0,True,False
0x51881a1cde5dbae15d02ae1824940b19768d8f2b,0xda3e3f2c349201ce9ff0e866cc22401fd2da21b6c26ae121fc8f0136b2fcf60e,2023-08-15 06:06:59,600000000.0,0xa0b86991c6218b36c1d19d4a2e9eb0ce3606eb48,,,,2023-08-16 06:06:59,0xda3e3f2c349201ce9ff0e866cc22401fd2da21b6c26ae121fc8f0136b2fcf60e,True,2023-08-16 06:07:11,USDC,599.94,False,True,,86412.0,True,False
0x51881a1cde5dbae15d02ae1824940b19768d8f2b,0x6920e13ccfa4eb4bed2ff5834bc18578efedc012ee224a46512e87bb278ed37f,2023-08-14 06:06:59,600000000.0,0xa0b86991c6218b36c1d19d4a2e9eb0ce3606eb48,,,,2023-08-15 06:06:59,0x6920e13ccfa4eb4bed2ff5834bc18578efedc012ee224a46512e87bb278ed37f,True,2023-08-16 06:07:11,USDC,599.94,False,True,,172812.0,True,False
0x51881a1cde5dbae15d02ae1824940b19768d8f2b,0xc8fac5ecde57d54590180a130839e81d05ec730c2f98c4898ae0c49c06714b31,2023-08-13 06:07:47,600000000.0,0xa0b86991c6218b36c1d19d4a2e9eb0ce3606eb48,,,,2023-08-14 06:07:47,0xc8fac5ecde57d54590180a130839e81d05ec730c2f98c4898ae0c49c06714b31,True,2023-08-15 06:06:59,USDC,599.94,False,True,,172752.0,True,False
0x51881a1cde5dbae15d02ae1824940b19768d8f2b,0x4c520b23e293aa296595461409714262f55f4e0a1420ec93b51d64bcde87c88e,2023-08-12 06:06:59,600000000.0,0xa0b86991c6218b36c1d19d4a2e9eb0ce3606eb48,,,,2023-08-13 06:06:59,0x4c520b23e293aa296595461409714262f55f4e0a1420ec93b51d64bcde87c88e,True,2023-08-13 06:07:47,USDC,599.94,False,True,,86448.0,True,False
0xb8034521bb1a343d556e5005680b3f17ffc74bed,0xbf57863158c1049ef3c3a954d93ff8d834addb3476b447e0ba7f4f4186e8abed,2023-08-11 13:44:35,500000000.0,0xa0b86991c6218b36c1d19d4a2e9eb0ce3606eb48,,,,2023-08-11 13:54:35,0xbf57863158c1049ef3c3a954d93ff8d834addb3476b447e0ba7f4f4186e8abed,True,2023-08-11 13:55:35,USDC,499.95,False,True,,660.0,True,False
0x51881a1cde5dbae15d02ae1824940b19768d8f2b,0x90b41d0475e163e2a1a8296eb02006e21be8061e3ac5132d802ba7a9308df6f3,2023-08-11 06:06:23,600000000.0,0xa0b86991c6218b36c1d19d4a2e9eb0ce3606eb48,,,,2023-08-12 06:06:23,0x90b41d0475e163e2a1a8296eb02006e21be8061e3ac5132d802ba7a9308df6f3,True,2023-08-12 06:06:59,USDC,599.94,False,True,,86436.0,True,False
0x51881a1cde5dbae15d02ae1824940b19768d8f2b,0x5685256f261d85dd642c11a3144a74b824dcd505be26a5a883f95a3df8469333,2023-08-10 07:48:35,600000000.0,0xa0b86991c6218b36c1d19d4a2e9eb0ce3606eb48,,,,2023-08-11 07:48:35,0x5685256f261d85dd642c11a3144a74b824dcd505be26a5a883f95a3df8469333,True,2023-08-12 06:06:59,USDC,599.94,False,True,,166704.0,True,False
0xb8034521bb1a343d556e5005680b3f17ffc74bed,0xa4b5ea1a1a507034d54aa5966fba24a12ab5ad325725cb722c0184408d2cb376,2023-08-09 09:10:35,2000000000.0,0xa0b86991c6218b36c1d19d4a2e9eb0ce3606eb48,,,,2023-08-09 09:20:35,0xa4b5ea1a1a507034d54aa5966fba24a12ab5ad325725cb722c0184408d2cb376,True,2023-08-09 09:25:35,USDC,1999.8,False,True,,900.0,True,False
0x51881a1cde5dbae15d02ae1824940b19768d8f2b,0x95b353c648393d12ae52b4e5545d0faa309dde50c56c6e82d161d3ac298c8b89,2023-08-09 06:06:59,600000000.0,0xa0b86991c6218b36c1d19d4a2e9eb0ce3606eb48,,,,2023-08-10 06:06:59,0x95b353c648393d12ae52b4e5545d0faa309dde50c56c6e82d161d3ac298c8b89,True,2023-08-10 07:48:35,USDC,599.94,False,True,,92496.0,True,False
0x51881a1cde5dbae15d02ae1824940b19768d8f2b,0x08c28a557506710a1c09958697825a8cf23eba58dbd45b377fcedd1f87d115a5,2023-08-08 06:06:59,600000000.0,0xa0b86991c6218b36c1d19d4a2e9eb0ce3606eb48,,,,2023-08-09 06:06:59,0x08c28a557506710a1c09958697825a8cf23eba58dbd45b377fcedd1f87d115a5,True,2023-08-10 07:48:35,USDC,599.94,False,True,,178896.0,True,False
0x51881a1cde5dbae15d02ae1824940b19768d8f2b,0x1e170f45713e90232f45267897ef348b75ffdae28a066d22aa52cb70e5e462b9,2023-08-07 06:07:11,600000000.0,0xa0b86991c6218b36c1d19d4a2e9eb0ce3606eb48,,,,2023-08-08 06:07:11,0x1e170f45713e90232f45267897ef348b75ffdae28a066d22aa52cb70e5e462b9,True,2023-08-09 06:06:59,USDC,599.94,False,True,,172788.0,True,False
0x51881a1cde5dbae15d02ae1824940b19768d8f2b,0x4222ad6d4fb94bbeb4fcf5a7add4ed66228a84f63a16d7fc9cddadd282a035d6,2023-08-06 06:06:11,600000000.0,0xa0b86991c6218b36c1d19d4a2e9eb0ce3606eb48,,,,2023-08-07 06:06:11,0x4222ad6d4fb94bbeb4fcf5a7add4ed66228a84f63a16d7fc9cddadd282a035d6,True,2023-08-07 06:07:11,USDC,599.94,False,True,,86460.0,True,False
0x51881a1cde5dbae15d02ae1824940b19768d8f2b,0x877410926ded9dc334957643f3f20fc2dc314d88c56525fa06e17f2baddcc393,2023-08-05 06:07:11,600000000.0,0xa0b86991c6218b36c1d19d4a2e9eb0ce3606eb48,,,,2023-08-06 06:07:11,0x877410926ded9dc334957643f3f20fc2dc314d88c56525fa06e17f2baddcc393,True,2023-08-07 06:07:11,USDC,599.94,False,True,,172800.0,True,False
0x51881a1cde5dbae15d02ae1824940b19768d8f2b,0x38b933b251d3e649e0955588b07a9bb26c8a9d579836761efd41c16f72113847,2023-08-04 08:05:23,600000000.0,0xa0b86991c6218b36c1d19d4a2e9eb0ce3606eb48,,,,2023-08-05 08:05:23,0x38b933b251d3e649e0955588b07a9bb26c8a9d579836761efd41c16f72113847,True,2023-08-06 06:06:11,USDC,599.94,False,True,,165648.0,True,False
0x51881a1cde5dbae15d02ae1824940b19768d8f2b,0x22f6a8604650d1b2896709d75f8a4d853e259c2762b022e2b74b5c94dec4e130,2023-08-03 06:06:59,600000000.0,0xa0b86991c6218b36c1d19d4a2e9eb0ce3606eb48,,,,2023-08-04 06:06:59,0x22f6a8604650d1b2896709d75f8a4d853e259c2762b022e2b74b5c94dec4e130,True,2023-08-04 08:05:23,USDC,599.94,False,True,,93504.0,True,False
0x51881a1cde5dbae15d02ae1824940b19768d8f2b,0x3063bb93d5d5e6d787d769074bb8b648aea7fc00a323ac2f543f24ec6b6cb0fa,2023-08-02 06:06:23,600000000.0,0xa0b86991c6218b36c1d19d4a2e9eb0ce3606eb48,,,,2023-08-03 06:06:23,0x3063bb93d5d5e6d787d769074bb8b648aea7fc00a323ac2f543f24ec6b6cb0fa,True,2023-08-03 06:06:59,USDC,599.94,False,True,,86436.0,True,False
0x51881a1cde5dbae15d02ae1824940b19768d8f2b,0x7d277ffda7643aee793ef499d2a5f3b2241e988d8e80b6e826ad531bbd370825,2023-08-01 06:07:59,600000000.0,0xa0b86991c6218b36c1d19d4a2e9eb0ce3606eb48,,,,2023-08-02 06:07:59,0x7d277ffda7643aee793ef499d2a5f3b2241e988d8e80b6e826ad531bbd370825,True,2023-08-03 06:06:59,USDC,599.94,False,True,,172740.0,True,False
0x51881a1cde5dbae15d02ae1824940b19768d8f2b,0xf86245582a07e48d8a2e3c2ad02cc177a47c3e8238dcf7ad559d23c132821e1c,2023-07-31 06:07:11,600000000.0,0xa0b86991c6218b36c1d19d4a2e9eb0ce3606eb48,,,,2023-08-01 06:07:11,0xf86245582a07e48d8a2e3c2ad02cc177a47c3e8238dcf7ad559d23c132821e1c,True,2023-08-01 06:07:59,USDC,599.94,False,True,,86448.0,True,False
0x51881a1cde5dbae15d02ae1824940b19768d8f2b,0x862aa4119151bdff5dfbfadf89bcacc4ec946c2fae1d9e220211d70d278a437d,2023-07-30 06:06:11,600000000.0,0xa0b86991c6218b36c1d19d4a2e9eb0ce3606eb48,,,,2023-07-31 06:06:11,0x862aa4119151bdff5dfbfadf89bcacc4ec946c2fae1d9e220211d70d278a437d,True,2023-07-31 06:07:11,USDC,599.94,False,True,,86460.0,True,False
0x51881a1cde5dbae15d02ae1824940b19768d8f2b,0x2ef17ca78d7446dede417ba407f1ce3834518dca4edb17a3792689753f782a4c,2023-07-29 06:06:47,600000000.0,0xa0b86991c6218b36c1d19d4a2e9eb0ce3606eb48,,,,2023-07-30 06:06:47,0x2ef17ca78d7446dede417ba407f1ce3834518dca4edb17a3792689753f782a4c,True,2023-07-31 06:07:11,USDC,599.94,False,True,,172824.0,True,False
0x51881a1cde5dbae15d02ae1824940b19768d8f2b,0x370d2e97b5fc17c223bcf997b6a089b41ee901776b34b95b95bb038b623cb013,2023-07-28 06:07:35,600000000.0,0xa0b86991c6218b36c1d19d4a2e9eb0ce3606eb48,,,,2023-07-29 06:07:35,0x370d2e97b5fc17c223bcf997b6a089b41ee901776b34b95b95bb038b623cb013,True,2023-07-29 07:20:59,USDC,599.94,False,True,,90804.0,True,False
0x51881a1cde5dbae15d02ae1824940b19768d8f2b,0x4c02562b22725872ebee8c1d981ac1cd7cc8037055d7568c18cef6008eed21be,2023-07-27 06:05:59,600000000.0,0xa0b86991c6218b36c1d19d4a2e9eb0ce3606eb48,,,,2023-07-28 06:05:59,0x4c02562b22725872ebee8c1d981ac1cd7cc8037055d7568c18cef6008eed21be,True,2023-07-28 06:07:35,USDC,599.94,False,True,,86496.0,True,False
0x51881a1cde5dbae15d02ae1824940b19768d8f2b,0xd13db101e523f131f705ca13c8c46243040f676786d4f4d490f65c1c3fa8cfe5,2023-07-26 06:06:35,600000000.0,0xa0b86991c6218b36c1d19d4a2e9eb0ce3606eb48,,,,2023-07-27 06:06:35,0xd13db101e523f131f705ca13c8c46243040f676786d4f4d490f65c1c3fa8cfe5,True,2023-07-28 06:07:35,USDC,599.94,False,True,,172860.0,True,False
0x51881a1cde5dbae15d02ae1824940b19768d8f2b,0x2a08ca94ae18c27635dd86f2f93e425542fee46413a1d52e64af877dda2d6213,2023-07-25 07:07:47,600000000.0,0xa0b86991c6218b36c1d19d4a2e9eb0ce3606eb48,,,,2023-07-26 07:07:47,0x2a08ca94ae18c27635dd86f2f93e425542fee46413a1d52e64af877dda2d6213,True,2023-07-27 06:05:59,USDC,599.94,False,True,,169092.0,True,False
0xd2a78bb82389d30075144d17e782964918999f7f,0xe5122c263ee6e79dbeb9d1ec79ab0a072306433a3688b2e34e9fee64151ab463,2023-07-12 19:44:35,1e+19,0xc02aaa39b223fe8d0a0e5c4f27ead9083c756cc2,,,,2023-07-17 19:44:35,0xe5122c263ee6e79dbeb9d1ec79ab0a072306433a3688b2e34e9fee64151ab463,True,2023-07-25 02:14:23,WETH,18446.993,False,True,,1060188.0,True,False
0x1d933fd71ff07e69f066d50b39a7c34eb3b69f05,0xd9824852162b98fc3420b37a275d6abd0e6a6bae89d86e2bf1d079a06f584ade,2023-07-05 23:31:59,1e+19,0xc02aaa39b223fe8d0a0e5c4f27ead9083c756cc2,,,,2023-07-10 23:31:59,0xd9824852162b98fc3420b37a275d6abd0e6a6bae89d86e2bf1d079a06f584ade,True,2023-07-12 19:41:47,WETH,18446.993,False,True,,590988.0,True,False
0x1ff9940e71b14ca308a3404fbd40f46d14086982,0xb8cf6afcf9cd77ab3f30d527e5ec4dd3e69e9ca51cce9ec1f171a6f7e15c1471,2023-06-08 21:34:23,10000000000.0,0xa0b86991c6218b36c1d19d4a2e9eb0ce3606eb48,,,,2023-06-11 21:34:23,0xb8cf6afcf9cd77ab3f30d527e5ec4dd3e69e9ca51cce9ec1f171a6f7e15c1471,True,2023-07-03 13:10:59,USDC,9999.0,False,True,,2129796.0,True,False
0x1d933fd71ff07e69f066d50b39a7c34eb3b69f05,0x5963085143fec47cd2dab76914eb063314ef622ff3e2f189cd6c08d9dac65fa5,2023-06-05 16:27:47,1e+19,0xc02aaa39b223fe8d0a0e5c4f27ead9083c756cc2,,,,2023-06-10 16:27:47,0x5963085143fec47cd2dab76914eb063314ef622ff3e2f189cd6c08d9dac65fa5,True,2023-06-19 20:13:35,WETH,18446.993,False,True,,1223148.0,True,False
0x1ff9940e71b14ca308a3404fbd40f46d14086982,0x1ceba654e66f08c4902c1725fd2cc8702b5c98aa3d9c47999ccaa6ac44b21e0f,2023-05-31 08:29:23,10000000000.0,0xa0b86991c6218b36c1d19d4a2e9eb0ce3606eb48,,,,2023-06-03 08:29:23,0x1ceba654e66f08c4902c1725fd2cc8702b5c98aa3d9c47999ccaa6ac44b21e0f,True,2023-06-05 04:00:59,USDC,9999.0,False,True,,415896.0,True,False
0x1d933fd71ff07e69f066d50b39a7c34eb3b69f05,0xb3b4e82ecfe39212a1f6e7b33441d5ca87bd33eb7c23d746d255c84fad54733f,2023-05-25 16:20:23,1e+19,0xc02aaa39b223fe8d0a0e5c4f27ead9083c756cc2,,,,2023-05-30 16:20:23,0xb3b4e82ecfe39212a1f6e7b33441d5ca87bd33eb7c23d746d255c84fad54733f,True,2023-06-02 15:33:59,WETH,18446.993,False,True,,688416.0,True,False
0x1ff9940e71b14ca308a3404fbd40f46d14086982,0x812bea7fb0413b16de1aaf2a550a0e0e5e1f7287375924c8c8e5f44bf1cbfe5f,2023-05-22 20:29:47,10000000000.0,0xa0b86991c6218b36c1d19d4a2e9eb0ce3606eb48,,,,2023-05-25 20:29:47,0x812bea7fb0413b16de1aaf2a550a0e0e5e1f7287375924c8c8e5f44bf1cbfe5f,True,2023-05-25 20:40:11,USDC,9999.0,False,True,,259824.0,True,False
0xdb067bb5a34432ec2554d39872929ac2e378e074,0x98ec3347f23fd6944c3c55c8c3962820e9c75de3f4bcb28f078737b053d6f1af,2023-05-15 19:02:59,10000000000.0,0xa0b86991c6218b36c1d19d4a2e9eb0ce3606eb48,,,,2023-05-18 19:02:59,0x98ec3347f23fd6944c3c55c8c3962820e9c75de3f4bcb28f078737b053d6f1af,True,2023-05-18 19:05:23,USDC,9999.0,False,True,,259344.0,True,False
0x1d933fd71ff07e69f066d50b39a7c34eb3b69f05,0x521920232d09bf634c84648f60e49ac0fbe2c18cb4dbcfccaa6b8494d41c048b,2023-05-13 22:29:59,1e+19,0xc02aaa39b223fe8d0a0e5c4f27ead9083c756cc2,,,,2023-05-18 22:29:59,0x521920232d09bf634c84648f60e49ac0fbe2c18cb4dbcfccaa6b8494d41c048b,True,2023-05-19 02:10:59,WETH,18446.993,False,True,,445260.0,True,False
0x1d933fd71ff07e69f066d50b39a7c34eb3b69f05,0x8fbc2917a40d12e41fb7c8f545f718906eb631eaf7afed97c122c451c3fe3d5a,2023-04-25 18:35:35,1e+19,0xc02aaa39b223fe8d0a0e5c4f27ead9083c756cc2,,,,2023-04-30 18:35:35,0x8fbc2917a40d12e41fb7c8f545f718906eb631eaf7afed97c122c451c3fe3d5a,True,2023-05-01 04:00:47,WETH,18446.993,False,True,,465912.0,True,False
